/* 
 * File:	C:\Users\ich\Documents\freeDSP-aurora\SOURCES\SIGMASTUDIO+\AtlasCompact-FIR-DRC\AtlasCompact-FIR-DRC_ADAU145xSchematic_0.h
 * Created:	Friday, 21 August 2026 0:41 AM
 * Description:	ADAU145xSchematic_0 program data.
 * 
 * This software is distributed in the hope that it will be useful, 
 * but is distributed on an "AS IS" BASIS, WITHOUT WARRANTIES OR 
 * CONDITIONS OF ANY KIND, without even the implied warranty of 
 * MERCHANTABILITY or FITNESS FOR A PARTICULAR PURPOSE. 
 * 
 * This software may only be used to program products purchased from 
 * Analog Devices for incorporation by you into audio products that 
 * are intended for resale to audio product end users.This software 
 * may not be distributed whole or in any part to third parties. 
 * 
 * Copyright © 2026 Analog Devices, Inc. All rights reserved.
 */

#include "SigmaStudioFW.h"

#ifndef __ATLASCOMPACT-FIR-DRC_ADAU145XSCHEMATIC_0_H__
#define __ATLASCOMPACT-FIR-DRC_ADAU145XSCHEMATIC_0_H__

/* DSP Ram Data */
#define DM1_DATA_SIZE_ADAU145XSCHEMATIC_0 9920
#define DM1_DATA_ADDR_ADAU145XSCHEMATIC_0 24576
ADI_REG_TYPE DM1_DATA_ADAU145XSCHEMATIC_0_Data[DM1_DATA_SIZE_ADAU145XSCHEMATIC_0] = {
0x00, 0x00, 0x00, 0x00, 
0x00, 0x00, 0x00, 0x00, 
0x00, 0x00, 0x00, 0x00, 
0x00, 0x00, 0x00, 0x00, 
0x00, 0x00, 0x00, 0x00, 
0x00, 0x00, 0x00, 0x00, 
0x00, 0x00, 0x00, 0x00, 
0x00, 0x00, 0x00, 0x00, 
0x00, 0x00, 0x20, 0x80, 
0x00, 0x00, 0x00, 0x00, 
0x00, 0x00, 0x00, 0x00, 
0x00, 0x00, 0x00, 0x00, 
0x00, 0x00, 0x00, 0x00, 
0x00, 0x00, 0x00, 0x00, 
0x00, 0x00, 0x00, 0x00, 
0x00, 0x00, 0x00, 0x00, 
0x00, 0x00, 0x00, 0x00, 
0x00, 0x00, 0x00, 0x00, 
0x00, 0x00, 0x00, 0x00, 
0x00, 0x00, 0x00, 0x00, 
0x00, 0x00, 0x00, 0x00, 
0x00, 0x00, 0x00, 0x00, 
0x00, 0x00, 0x00, 0x00, 
0x00, 0x00, 0x00, 0x00, 
0x00, 0x00, 0x00, 0x00, 
0x00, 0x00, 0x00, 0x00, 
0x00, 0x00, 0x00, 0x00, 
0x00, 0x00, 0x00, 0x00, 
0x00, 0x00, 0x00, 0x00, 
0x00, 0x00, 0x00, 0x00, 
0x00, 0x00, 0x00, 0x00, 
0x00, 0x00, 0x00, 0x00, 
0x00, 0x00, 0x00, 0x00, 
0x00, 0x00, 0x00, 0x00, 
0x00, 0x00, 0x00, 0x00, 
0x00, 0x00, 0x00, 0x00, 
0x00, 0x00, 0x00, 0x00, 
0x00, 0x00, 0x00, 0x00, 
0x00, 0x00, 0x00, 0x00, 
0x00, 0x00, 0x00, 0x00, 
0x00, 0x00, 0x00, 0x00, 
0x00, 0x00, 0x00, 0x00, 
0x00, 0x00, 0x00, 0x00, 
0x00, 0x00, 0x00, 0x00, 
0x00, 0x00, 0x00, 0x00, 
0x00, 0x00, 0x00, 0x00, 
0x00, 0x00, 0x00, 0x00, 
0x00, 0x00, 0x00, 0x00, 
0x00, 0x00, 0x00, 0x00, 
0x00, 0x00, 0x00, 0x00, 
0x00, 0x00, 0x00, 0x00, 
0x00, 0x00, 0x00, 0x00, 
0x00, 0x00, 0x00, 0x00, 
0x00, 0x00, 0x00, 0x00, 
0x00, 0x00, 0x00, 0x00, 
0x00, 0x00, 0x00, 0x00, 
0x00, 0x00, 0x00, 0x00, 
0x00, 0x00, 0x00, 0x00, 
0x00, 0x00, 0x00, 0x00, 
0x00, 0x00, 0x00, 0x00, 
0x00, 0x00, 0x00, 0x00, 
0x00, 0x00, 0x00, 0x00, 
0x00, 0x00, 0x00, 0x00, 
0x00, 0x00, 0x00, 0x00, 
0x00, 0x00, 0x00, 0x00, 
0x00, 0x00, 0x00, 0x00, 
0x00, 0x00, 0x00, 0x00, 
0x00, 0x00, 0x00, 0x00, 
0x00, 0x00, 0x00, 0x00, 
0x00, 0x00, 0x00, 0x00, 
0x00, 0x00, 0x00, 0x00, 
0x00, 0x00, 0x00, 0x00, 
0x00, 0x00, 0x00, 0x00, 
0x00, 0x00, 0x00, 0x00, 
0x00, 0x00, 0x00, 0x00, 
0x00, 0x00, 0x00, 0x00, 
0x00, 0x00, 0x00, 0x00, 
0x00, 0x00, 0x00, 0x00, 
0x00, 0x00, 0x00, 0x00, 
0x00, 0x00, 0x00, 0x00, 
0x00, 0x00, 0x00, 0x00, 
0x00, 0x00, 0x00, 0x00, 
0x00, 0x00, 0x00, 0x00, 
0x00, 0x00, 0x00, 0x00, 
0x00, 0x00, 0x00, 0x00, 
0x00, 0x00, 0x00, 0x00, 
0x00, 0x00, 0x00, 0x00, 
0x00, 0x00, 0x00, 0x00, 
0x00, 0x00, 0x00, 0x00, 
0x00, 0x00, 0x00, 0x00, 
0x00, 0x00, 0x00, 0x00, 
0x00, 0x00, 0x00, 0x00, 
0x00, 0x00, 0x00, 0x00, 
0x00, 0x00, 0x00, 0x00, 
0x00, 0x00, 0x00, 0x00, 
0x00, 0x00, 0x00, 0x00, 
0x00, 0x00, 0x00, 0x00, 
0x00, 0x00, 0x00, 0x00, 
0x00, 0x00, 0x00, 0x00, 
0x00, 0x00, 0x00, 0x00, 
0x00, 0x00, 0x00, 0x00, 
0x00, 0x00, 0x00, 0x00, 
0x00, 0x00, 0x00, 0x00, 
0x00, 0x00, 0x00, 0x00, 
0x00, 0x00, 0x00, 0x00, 
0x00, 0x00, 0x00, 0x00, 
0x00, 0x00, 0x00, 0x00, 
0x00, 0x00, 0x00, 0x00, 
0x00, 0x00, 0x00, 0x00, 
0x00, 0x00, 0x00, 0x00, 
0x00, 0x00, 0x00, 0x00, 
0x00, 0x00, 0x00, 0x00, 
0x00, 0x00, 0x00, 0x00, 
0x00, 0x00, 0x00, 0x00, 
0x00, 0x00, 0x00, 0x00, 
0x00, 0x00, 0x00, 0x00, 
0x00, 0x00, 0x00, 0x00, 
0x00, 0x00, 0x00, 0x00, 
0x00, 0x00, 0x00, 0x00, 
0x00, 0x00, 0x00, 0x00, 
0x00, 0x00, 0x00, 0x00, 
0x00, 0x00, 0x00, 0x00, 
0x00, 0x00, 0x00, 0x00, 
0x00, 0x00, 0x00, 0x00, 
0x00, 0x00, 0x00, 0x00, 
0x00, 0x00, 0x00, 0x00, 
0x00, 0x00, 0x00, 0x00, 
0x00, 0x00, 0x00, 0x00, 
0x00, 0x00, 0x00, 0x00, 
0x00, 0x00, 0x00, 0x00, 
0x00, 0x00, 0x00, 0x00, 
0x00, 0x00, 0x00, 0x00, 
0x00, 0x00, 0x00, 0x00, 
0x00, 0x00, 0x00, 0x00, 
0x00, 0x00, 0x00, 0x00, 
0x00, 0x00, 0x00, 0x00, 
0x00, 0x00, 0x00, 0x00, 
0x00, 0x00, 0x00, 0x00, 
0x00, 0x00, 0x00, 0x00, 
0x00, 0x00, 0x00, 0x00, 
0x00, 0x00, 0x00, 0x00, 
0x00, 0x00, 0x00, 0x00, 
0x00, 0x00, 0x00, 0x00, 
0x00, 0x00, 0x00, 0x00, 
0x00, 0x00, 0x00, 0x00, 
0x00, 0x00, 0x00, 0x00, 
0x00, 0x00, 0x00, 0x00, 
0x00, 0x00, 0x00, 0x00, 
0x00, 0x00, 0x00, 0x00, 
0x00, 0x00, 0x00, 0x00, 
0x00, 0x00, 0x00, 0x00, 
0x00, 0x00, 0x00, 0x00, 
0x00, 0x00, 0x00, 0x00, 
0x00, 0x00, 0x00, 0x00, 
0x00, 0x00, 0x00, 0x00, 
0x00, 0x00, 0x00, 0x00, 
0x00, 0x00, 0x00, 0x00, 
0x00, 0x00, 0x00, 0x00, 
0x00, 0x00, 0x00, 0x00, 
0x00, 0x00, 0x00, 0x00, 
0x00, 0x00, 0x00, 0x00, 
0x00, 0x00, 0x00, 0x00, 
0x00, 0x00, 0x00, 0x00, 
0x00, 0x00, 0x00, 0x00, 
0x00, 0x00, 0x00, 0x00, 
0x00, 0x00, 0x00, 0x00, 
0x00, 0x00, 0x00, 0x00, 
0x00, 0x00, 0x00, 0x00, 
0x00, 0x00, 0x00, 0x00, 
0x00, 0x00, 0x00, 0x00, 
0x00, 0x00, 0x00, 0x00, 
0x00, 0x00, 0x00, 0x00, 
0x00, 0x00, 0x00, 0x00, 
0x00, 0x00, 0x00, 0x00, 
0x00, 0x00, 0x00, 0x00, 
0x00, 0x00, 0x00, 0x00, 
0x00, 0x00, 0x00, 0x00, 
0x00, 0x00, 0x00, 0x00, 
0x00, 0x00, 0x00, 0x00, 
0x00, 0x00, 0x00, 0x00, 
0x00, 0x00, 0x00, 0x00, 
0x00, 0x00, 0x00, 0x00, 
0x00, 0x00, 0x00, 0x00, 
0x00, 0x00, 0x00, 0x00, 
0x00, 0x00, 0x00, 0x00, 
0x00, 0x00, 0x00, 0x00, 
0x00, 0x00, 0x00, 0x00, 
0x00, 0x00, 0x00, 0x00, 
0x00, 0x00, 0x00, 0x00, 
0x00, 0x00, 0x00, 0x00, 
0x00, 0x00, 0x00, 0x00, 
0x00, 0x00, 0x00, 0x00, 
0x00, 0x00, 0x00, 0x00, 
0x00, 0x00, 0x00, 0x00, 
0x00, 0x00, 0x00, 0x00, 
0x00, 0x00, 0x00, 0x00, 
0x00, 0x00, 0x00, 0x00, 
0x00, 0x00, 0x00, 0x00, 
0x00, 0x00, 0x00, 0x00, 
0x00, 0x00, 0x00, 0x00, 
0x00, 0x00, 0x00, 0x00, 
0x00, 0x00, 0x00, 0x00, 
0x00, 0x00, 0x00, 0x00, 
0x00, 0x00, 0x00, 0x00, 
0x00, 0x00, 0x00, 0x00, 
0x00, 0x00, 0x00, 0x00, 
0x00, 0x00, 0x00, 0x00, 
0x00, 0x00, 0x00, 0x00, 
0x00, 0x00, 0x00, 0x00, 
0x00, 0x00, 0x00, 0x00, 
0x00, 0x00, 0x00, 0x00, 
0x00, 0x00, 0x00, 0x00, 
0x00, 0x00, 0x00, 0x00, 
0x00, 0x00, 0x00, 0x00, 
0x00, 0x00, 0x00, 0x00, 
0x00, 0x00, 0x00, 0x00, 
0x00, 0x00, 0x00, 0x00, 
0x00, 0x00, 0x00, 0x00, 
0x00, 0x00, 0x00, 0x00, 
0x00, 0x00, 0x00, 0x00, 
0x00, 0x00, 0x00, 0x00, 
0x00, 0x00, 0x00, 0x00, 
0x00, 0x00, 0x00, 0x00, 
0x00, 0x00, 0x00, 0x00, 
0x00, 0x00, 0x00, 0x00, 
0x00, 0x00, 0x00, 0x00, 
0x00, 0x00, 0x00, 0x00, 
0x00, 0x00, 0x00, 0x00, 
0x00, 0x00, 0x00, 0x00, 
0x00, 0x00, 0x00, 0x00, 
0x00, 0x00, 0x00, 0x00, 
0x00, 0x00, 0x00, 0x00, 
0x00, 0x00, 0x00, 0x00, 
0x00, 0x00, 0x00, 0x00, 
0x00, 0x00, 0x00, 0x00, 
0x00, 0x00, 0x00, 0x00, 
0x00, 0x00, 0x00, 0x00, 
0x00, 0x00, 0x00, 0x00, 
0x00, 0x00, 0x00, 0x00, 
0x00, 0x00, 0x00, 0x00, 
0x00, 0x00, 0x00, 0x00, 
0x00, 0x00, 0x00, 0x00, 
0x00, 0x00, 0x00, 0x00, 
0x00, 0x00, 0x00, 0x00, 
0x00, 0x00, 0x00, 0x00, 
0x00, 0x00, 0x00, 0x00, 
0x00, 0x00, 0x00, 0x00, 
0x00, 0x00, 0x00, 0x00, 
0x00, 0x00, 0x00, 0x00, 
0x00, 0x00, 0x00, 0x00, 
0x00, 0x00, 0x00, 0x00, 
0x00, 0x00, 0x00, 0x00, 
0x00, 0x00, 0x00, 0x00, 
0x00, 0x00, 0x00, 0x00, 
0x00, 0x00, 0x00, 0x00, 
0x00, 0x00, 0x00, 0x00, 
0x00, 0x00, 0x00, 0x00, 
0x00, 0x00, 0x00, 0x00, 
0x00, 0x00, 0x00, 0x00, 
0x00, 0x00, 0x00, 0x00, 
0x00, 0x00, 0x00, 0x00, 
0x00, 0x00, 0x00, 0x00, 
0x00, 0x00, 0x00, 0x00, 
0x00, 0x00, 0x00, 0x00, 
0x00, 0x00, 0x00, 0x00, 
0x00, 0x00, 0x00, 0x00, 
0x00, 0x00, 0x00, 0x00, 
0x00, 0x00, 0x00, 0x00, 
0x00, 0x00, 0x00, 0x00, 
0x00, 0x00, 0x00, 0x00, 
0x00, 0x00, 0x00, 0x00, 
0x00, 0x00, 0x00, 0x00, 
0x00, 0x00, 0x00, 0x00, 
0x00, 0x00, 0x00, 0x00, 
0x00, 0x00, 0x00, 0x00, 
0x00, 0x00, 0x00, 0x00, 
0x00, 0x00, 0x00, 0x00, 
0x00, 0x00, 0x00, 0x00, 
0x00, 0x00, 0x00, 0x00, 
0x00, 0x00, 0x00, 0x00, 
0x00, 0x00, 0x00, 0x00, 
0x00, 0x00, 0x00, 0x00, 
0x00, 0x00, 0x00, 0x00, 
0x00, 0x00, 0x00, 0x00, 
0x00, 0x00, 0x00, 0x00, 
0x00, 0x00, 0x00, 0x00, 
0x00, 0x00, 0x00, 0x00, 
0x00, 0x00, 0x00, 0x00, 
0x00, 0x00, 0x00, 0x00, 
0x00, 0x00, 0x00, 0x00, 
0x00, 0x00, 0x00, 0x00, 
0x00, 0x00, 0x00, 0x00, 
0x00, 0x00, 0x00, 0x00, 
0x00, 0x00, 0x00, 0x00, 
0x00, 0x00, 0x00, 0x00, 
0x00, 0x00, 0x00, 0x00, 
0x00, 0x00, 0x00, 0x00, 
0x00, 0x00, 0x00, 0x00, 
0x00, 0x00, 0x00, 0x00, 
0x00, 0x00, 0x00, 0x00, 
0x00, 0x00, 0x00, 0x00, 
0x00, 0x00, 0x00, 0x00, 
0x00, 0x00, 0x00, 0x00, 
0x00, 0x00, 0x00, 0x00, 
0x00, 0x00, 0x00, 0x00, 
0x00, 0x00, 0x00, 0x00, 
0x00, 0x00, 0x00, 0x00, 
0x00, 0x00, 0x00, 0x00, 
0x00, 0x00, 0x00, 0x00, 
0x00, 0x00, 0x00, 0x00, 
0x00, 0x00, 0x00, 0x00, 
0x00, 0x00, 0x00, 0x00, 
0x00, 0x00, 0x00, 0x00, 
0x00, 0x00, 0x00, 0x00, 
0x00, 0x00, 0x00, 0x00, 
0x00, 0x00, 0x00, 0x00, 
0x00, 0x00, 0x00, 0x00, 
0x00, 0x00, 0x00, 0x00, 
0x00, 0x00, 0x00, 0x00, 
0x00, 0x00, 0x00, 0x00, 
0x00, 0x00, 0x00, 0x00, 
0x00, 0x00, 0x00, 0x00, 
0x00, 0x00, 0x00, 0x00, 
0x00, 0x00, 0x00, 0x00, 
0x00, 0x00, 0x00, 0x00, 
0x00, 0x00, 0x00, 0x00, 
0x00, 0x00, 0x00, 0x00, 
0x00, 0x00, 0x00, 0x00, 
0x00, 0x00, 0x00, 0x00, 
0x00, 0x00, 0x00, 0x00, 
0x00, 0x00, 0x00, 0x00, 
0x00, 0x00, 0x00, 0x00, 
0x00, 0x00, 0x00, 0x00, 
0x00, 0x00, 0x00, 0x00, 
0x00, 0x00, 0x00, 0x00, 
0x00, 0x00, 0x00, 0x00, 
0x00, 0x00, 0x00, 0x00, 
0x00, 0x00, 0x00, 0x00, 
0x00, 0x00, 0x00, 0x00, 
0x00, 0x00, 0x00, 0x00, 
0x00, 0x00, 0x00, 0x00, 
0x00, 0x00, 0x00, 0x00, 
0x00, 0x00, 0x00, 0x00, 
0x00, 0x00, 0x00, 0x00, 
0x00, 0x00, 0x00, 0x00, 
0x00, 0x00, 0x00, 0x00, 
0x00, 0x00, 0x00, 0x00, 
0x00, 0x00, 0x00, 0x00, 
0x00, 0x00, 0x00, 0x00, 
0x00, 0x00, 0x00, 0x00, 
0x00, 0x00, 0x00, 0x00, 
0x00, 0x00, 0x00, 0x00, 
0x00, 0x00, 0x00, 0x00, 
0x00, 0x00, 0x00, 0x00, 
0x00, 0x00, 0x00, 0x00, 
0x00, 0x00, 0x00, 0x00, 
0x00, 0x00, 0x00, 0x00, 
0x00, 0x00, 0x00, 0x00, 
0x00, 0x00, 0x00, 0x00, 
0x00, 0x00, 0x00, 0x00, 
0x00, 0x00, 0x00, 0x00, 
0x00, 0x00, 0x00, 0x00, 
0x00, 0x00, 0x00, 0x00, 
0x00, 0x00, 0x00, 0x00, 
0x00, 0x00, 0x00, 0x00, 
0x00, 0x00, 0x00, 0x00, 
0x00, 0x00, 0x00, 0x00, 
0x00, 0x00, 0x00, 0x00, 
0x00, 0x00, 0x00, 0x00, 
0x00, 0x00, 0x00, 0x00, 
0x00, 0x00, 0x00, 0x00, 
0x00, 0x00, 0x00, 0x00, 
0x00, 0x00, 0x00, 0x00, 
0x00, 0x00, 0x00, 0x00, 
0x00, 0x00, 0x00, 0x00, 
0x00, 0x00, 0x00, 0x00, 
0x00, 0x00, 0x00, 0x00, 
0x00, 0x00, 0x00, 0x00, 
0x00, 0x00, 0x00, 0x00, 
0x00, 0x00, 0x00, 0x00, 
0x00, 0x00, 0x00, 0x00, 
0x00, 0x00, 0x00, 0x00, 
0x00, 0x00, 0x00, 0x00, 
0x00, 0x00, 0x00, 0x00, 
0x00, 0x00, 0x00, 0x00, 
0x00, 0x00, 0x00, 0x00, 
0x00, 0x00, 0x00, 0x00, 
0x00, 0x00, 0x00, 0x00, 
0x00, 0x00, 0x00, 0x00, 
0x00, 0x00, 0x00, 0x00, 
0x00, 0x00, 0x00, 0x00, 
0x00, 0x00, 0x00, 0x00, 
0x00, 0x00, 0x00, 0x00, 
0x00, 0x00, 0x00, 0x00, 
0x00, 0x00, 0x00, 0x00, 
0x00, 0x00, 0x00, 0x00, 
0x00, 0x00, 0x00, 0x00, 
0x00, 0x00, 0x00, 0x00, 
0x00, 0x00, 0x00, 0x00, 
0x00, 0x00, 0x00, 0x00, 
0x00, 0x00, 0x00, 0x00, 
0x00, 0x00, 0x00, 0x00, 
0x00, 0x00, 0x00, 0x00, 
0x00, 0x00, 0x00, 0x00, 
0x00, 0x00, 0x00, 0x00, 
0x00, 0x00, 0x00, 0x00, 
0x00, 0x00, 0x00, 0x00, 
0x00, 0x00, 0x00, 0x00, 
0x00, 0x00, 0x00, 0x00, 
0x00, 0x00, 0x00, 0x00, 
0x00, 0x00, 0x00, 0x00, 
0x00, 0x00, 0x00, 0x00, 
0x00, 0x00, 0x00, 0x00, 
0x00, 0x00, 0x00, 0x00, 
0x00, 0x00, 0x00, 0x00, 
0x00, 0x00, 0x00, 0x00, 
0x00, 0x00, 0x00, 0x00, 
0x00, 0x00, 0x00, 0x00, 
0x00, 0x00, 0x00, 0x00, 
0x00, 0x00, 0x00, 0x00, 
0x00, 0x00, 0x00, 0x00, 
0x00, 0x00, 0x00, 0x00, 
0x00, 0x00, 0x00, 0x00, 
0x00, 0x00, 0x00, 0x00, 
0x00, 0x00, 0x00, 0x00, 
0x00, 0x00, 0x00, 0x00, 
0x00, 0x00, 0x00, 0x00, 
0x00, 0x00, 0x00, 0x00, 
0x00, 0x00, 0x00, 0x00, 
0x00, 0x00, 0x00, 0x00, 
0x00, 0x00, 0x00, 0x00, 
0x00, 0x00, 0x00, 0x00, 
0x00, 0x00, 0x00, 0x00, 
0x00, 0x00, 0x00, 0x00, 
0x00, 0x00, 0x00, 0x00, 
0x00, 0x00, 0x00, 0x00, 
0x00, 0x00, 0x00, 0x00, 
0x00, 0x00, 0x00, 0x00, 
0x00, 0x00, 0x00, 0x00, 
0x00, 0x00, 0x00, 0x00, 
0x00, 0x00, 0x00, 0x00, 
0x00, 0x00, 0x00, 0x00, 
0x00, 0x00, 0x00, 0x00, 
0x00, 0x00, 0x00, 0x00, 
0x00, 0x00, 0x00, 0x00, 
0x00, 0x00, 0x00, 0x00, 
0x00, 0x00, 0x00, 0x00, 
0x00, 0x00, 0x00, 0x00, 
0x00, 0x00, 0x00, 0x00, 
0x00, 0x00, 0x00, 0x00, 
0x00, 0x00, 0x00, 0x00, 
0x00, 0x00, 0x00, 0x00, 
0x00, 0x00, 0x00, 0x00, 
0x00, 0x00, 0x00, 0x00, 
0x00, 0x00, 0x00, 0x00, 
0x00, 0x00, 0x00, 0x00, 
0x00, 0x00, 0x00, 0x00, 
0x00, 0x00, 0x00, 0x00, 
0x00, 0x00, 0x00, 0x00, 
0x00, 0x00, 0x00, 0x00, 
0x00, 0x00, 0x00, 0x00, 
0x00, 0x00, 0x00, 0x00, 
0x00, 0x00, 0x00, 0x00, 
0x00, 0x00, 0x00, 0x00, 
0x00, 0x00, 0x00, 0x00, 
0x00, 0x00, 0x00, 0x00, 
0x00, 0x00, 0x00, 0x00, 
0x00, 0x00, 0x00, 0x00, 
0x00, 0x00, 0x00, 0x00, 
0x00, 0x00, 0x00, 0x00, 
0x00, 0x00, 0x00, 0x00, 
0x00, 0x00, 0x00, 0x00, 
0x00, 0x00, 0x00, 0x00, 
0x00, 0x00, 0x00, 0x00, 
0x00, 0x00, 0x00, 0x00, 
0x00, 0x00, 0x00, 0x00, 
0x00, 0x00, 0x00, 0x00, 
0x00, 0x00, 0x00, 0x00, 
0x00, 0x00, 0x00, 0x00, 
0x00, 0x00, 0x00, 0x00, 
0x00, 0x00, 0x00, 0x00, 
0x00, 0x00, 0x00, 0x00, 
0x00, 0x00, 0x00, 0x00, 
0x00, 0x00, 0x00, 0x00, 
0x00, 0x00, 0x00, 0x00, 
0x00, 0x00, 0x00, 0x00, 
0x00, 0x00, 0x00, 0x00, 
0x00, 0x00, 0x00, 0x00, 
0x00, 0x00, 0x00, 0x00, 
0x00, 0x00, 0x00, 0x00, 
0x00, 0x00, 0x00, 0x00, 
0x00, 0x00, 0x00, 0x00, 
0x00, 0x00, 0x00, 0x00, 
0x00, 0x00, 0x00, 0x00, 
0x00, 0x00, 0x00, 0x00, 
0x00, 0x00, 0x00, 0x00, 
0x00, 0x00, 0x00, 0x00, 
0x00, 0x00, 0x00, 0x00, 
0x00, 0x00, 0x00, 0x00, 
0x00, 0x00, 0x00, 0x00, 
0x00, 0x00, 0x00, 0x00, 
0x00, 0x00, 0x00, 0x00, 
0x00, 0x00, 0x00, 0x00, 
0x00, 0x00, 0x00, 0x00, 
0x00, 0x00, 0x00, 0x00, 
0x00, 0x00, 0x00, 0x00, 
0x00, 0x00, 0x00, 0x00, 
0x00, 0x00, 0x00, 0x00, 
0x00, 0x00, 0x00, 0x00, 
0x00, 0x00, 0x00, 0x00, 
0x00, 0x00, 0x00, 0x00, 
0x00, 0x00, 0x00, 0x00, 
0x00, 0x00, 0x00, 0x00, 
0x00, 0x00, 0x00, 0x00, 
0x00, 0x00, 0x00, 0x00, 
0x00, 0x00, 0x00, 0x00, 
0x00, 0x00, 0x00, 0x00, 
0x00, 0x00, 0x00, 0x00, 
0x00, 0x00, 0x00, 0x00, 
0x00, 0x00, 0x00, 0x00, 
0x00, 0x00, 0x00, 0x00, 
0x00, 0x00, 0x00, 0x00, 
0x00, 0x00, 0x00, 0x00, 
0x00, 0x00, 0x00, 0x00, 
0x00, 0x00, 0x00, 0x00, 
0x00, 0x00, 0x00, 0x00, 
0x00, 0x00, 0x00, 0x00, 
0x00, 0x00, 0x00, 0x00, 
0x00, 0x00, 0x00, 0x00, 
0x00, 0x00, 0x00, 0x00, 
0x00, 0x00, 0x00, 0x00, 
0x00, 0x00, 0x00, 0x00, 
0x00, 0x00, 0x00, 0x00, 
0x00, 0x00, 0x00, 0x00, 
0x00, 0x00, 0x00, 0x00, 
0x00, 0x00, 0x00, 0x00, 
0x00, 0x00, 0x00, 0x00, 
0x00, 0x00, 0x00, 0x00, 
0x00, 0x00, 0x00, 0x00, 
0x00, 0x00, 0x00, 0x00, 
0x00, 0x00, 0x00, 0x00, 
0x00, 0x00, 0x00, 0x00, 
0x00, 0x00, 0x00, 0x00, 
0x00, 0x00, 0x00, 0x00, 
0x00, 0x00, 0x00, 0x00, 
0x00, 0x00, 0x00, 0x00, 
0x00, 0x00, 0x00, 0x00, 
0x00, 0x00, 0x00, 0x00, 
0x00, 0x00, 0x00, 0x00, 
0x00, 0x00, 0x00, 0x00, 
0x00, 0x00, 0x00, 0x00, 
0x00, 0x00, 0x00, 0x00, 
0x00, 0x00, 0x00, 0x00, 
0x00, 0x00, 0x00, 0x00, 
0x00, 0x00, 0x00, 0x00, 
0x00, 0x00, 0x00, 0x00, 
0x00, 0x00, 0x00, 0x00, 
0x00, 0x00, 0x00, 0x00, 
0x00, 0x00, 0x00, 0x00, 
0x00, 0x00, 0x00, 0x00, 
0x00, 0x00, 0x00, 0x00, 
0x00, 0x00, 0x00, 0x00, 
0x00, 0x00, 0x00, 0x00, 
0x00, 0x00, 0x00, 0x00, 
0x00, 0x00, 0x00, 0x00, 
0x00, 0x00, 0x00, 0x00, 
0x00, 0x00, 0x00, 0x00, 
0x00, 0x00, 0x00, 0x00, 
0x00, 0x00, 0x00, 0x00, 
0x00, 0x00, 0x00, 0x00, 
0x00, 0x00, 0x00, 0x00, 
0x00, 0x00, 0x00, 0x00, 
0x00, 0x00, 0x00, 0x00, 
0x00, 0x00, 0x00, 0x00, 
0x00, 0x00, 0x00, 0x00, 
0x00, 0x00, 0x00, 0x00, 
0x00, 0x00, 0x00, 0x00, 
0x00, 0x00, 0x00, 0x00, 
0x00, 0x00, 0x00, 0x00, 
0x00, 0x00, 0x00, 0x00, 
0x00, 0x00, 0x00, 0x00, 
0x00, 0x00, 0x00, 0x00, 
0x00, 0x00, 0x00, 0x00, 
0x00, 0x00, 0x00, 0x00, 
0x00, 0x00, 0x00, 0x00, 
0x00, 0x00, 0x00, 0x00, 
0x00, 0x00, 0x00, 0x00, 
0x00, 0x00, 0x00, 0x00, 
0x00, 0x00, 0x00, 0x00, 
0x00, 0x00, 0x00, 0x00, 
0x00, 0x00, 0x00, 0x00, 
0x00, 0x00, 0x00, 0x00, 
0x00, 0x00, 0x00, 0x00, 
0x00, 0x00, 0x00, 0x00, 
0x00, 0x00, 0x00, 0x00, 
0x00, 0x00, 0x00, 0x00, 
0x00, 0x00, 0x00, 0x00, 
0x00, 0x00, 0x00, 0x00, 
0x00, 0x00, 0x00, 0x00, 
0x00, 0x00, 0x00, 0x00, 
0x00, 0x00, 0x00, 0x00, 
0x00, 0x00, 0x00, 0x00, 
0x00, 0x00, 0x00, 0x00, 
0x00, 0x00, 0x00, 0x00, 
0x00, 0x00, 0x00, 0x00, 
0x00, 0x00, 0x00, 0x00, 
0x00, 0x00, 0x00, 0x00, 
0x00, 0x00, 0x00, 0x00, 
0x00, 0x00, 0x00, 0x00, 
0x00, 0x00, 0x00, 0x00, 
0x00, 0x00, 0x00, 0x00, 
0x00, 0x00, 0x00, 0x00, 
0x00, 0x00, 0x00, 0x00, 
0x00, 0x00, 0x00, 0x00, 
0x00, 0x00, 0x00, 0x00, 
0x00, 0x00, 0x00, 0x00, 
0x00, 0x00, 0x00, 0x00, 
0x00, 0x00, 0x00, 0x00, 
0x00, 0x00, 0x00, 0x00, 
0x00, 0x00, 0x00, 0x00, 
0x00, 0x00, 0x00, 0x00, 
0x00, 0x00, 0x00, 0x00, 
0x00, 0x00, 0x00, 0x00, 
0x00, 0x00, 0x00, 0x00, 
0x00, 0x00, 0x00, 0x00, 
0x00, 0x00, 0x00, 0x00, 
0x00, 0x00, 0x00, 0x00, 
0x00, 0x00, 0x00, 0x00, 
0x00, 0x00, 0x00, 0x00, 
0x00, 0x00, 0x00, 0x00, 
0x00, 0x00, 0x00, 0x00, 
0x00, 0x00, 0x00, 0x00, 
0x00, 0x00, 0x00, 0x00, 
0x00, 0x00, 0x00, 0x00, 
0x00, 0x00, 0x00, 0x00, 
0x00, 0x00, 0x00, 0x00, 
0x00, 0x00, 0x00, 0x00, 
0x00, 0x00, 0x00, 0x00, 
0x00, 0x00, 0x00, 0x00, 
0x00, 0x00, 0x00, 0x00, 
0x00, 0x00, 0x00, 0x00, 
0x00, 0x00, 0x00, 0x00, 
0x00, 0x00, 0x00, 0x00, 
0x00, 0x00, 0x00, 0x00, 
0x00, 0x00, 0x00, 0x00, 
0x00, 0x00, 0x00, 0x00, 
0x00, 0x00, 0x00, 0x00, 
0x00, 0x00, 0x00, 0x00, 
0x00, 0x00, 0x00, 0x00, 
0x00, 0x00, 0x00, 0x00, 
0x00, 0x00, 0x00, 0x00, 
0x00, 0x00, 0x00, 0x00, 
0x00, 0x00, 0x00, 0x00, 
0x00, 0x00, 0x00, 0x00, 
0x00, 0x00, 0x00, 0x00, 
0x00, 0x00, 0x00, 0x00, 
0x00, 0x00, 0x00, 0x00, 
0x00, 0x00, 0x00, 0x00, 
0x00, 0x00, 0x00, 0x00, 
0x00, 0x00, 0x00, 0x00, 
0x00, 0x00, 0x00, 0x00, 
0x00, 0x00, 0x00, 0x00, 
0x00, 0x00, 0x00, 0x00, 
0x00, 0x00, 0x00, 0x00, 
0x00, 0x00, 0x00, 0x00, 
0x00, 0x00, 0x00, 0x00, 
0x00, 0x00, 0x00, 0x00, 
0x00, 0x00, 0x00, 0x00, 
0x00, 0x00, 0x00, 0x00, 
0x00, 0x00, 0x00, 0x00, 
0x00, 0x00, 0x00, 0x00, 
0x00, 0x00, 0x00, 0x00, 
0x00, 0x00, 0x00, 0x00, 
0x00, 0x00, 0x00, 0x00, 
0x00, 0x00, 0x00, 0x00, 
0x00, 0x00, 0x00, 0x00, 
0x00, 0x00, 0x00, 0x00, 
0x00, 0x00, 0x00, 0x00, 
0x00, 0x00, 0x00, 0x00, 
0x00, 0x00, 0x00, 0x00, 
0x00, 0x00, 0x00, 0x00, 
0x00, 0x00, 0x00, 0x00, 
0x00, 0x00, 0x00, 0x00, 
0x00, 0x00, 0x00, 0x00, 
0x00, 0x00, 0x00, 0x00, 
0x00, 0x00, 0x00, 0x00, 
0x00, 0x00, 0x00, 0x00, 
0x00, 0x00, 0x00, 0x00, 
0x00, 0x00, 0x00, 0x00, 
0x00, 0x00, 0x00, 0x00, 
0x00, 0x00, 0x00, 0x00, 
0x00, 0x00, 0x00, 0x00, 
0x00, 0x00, 0x00, 0x00, 
0x00, 0x00, 0x00, 0x00, 
0x00, 0x00, 0x00, 0x00, 
0x00, 0x00, 0x00, 0x00, 
0x00, 0x00, 0x00, 0x00, 
0x00, 0x00, 0x00, 0x00, 
0x00, 0x00, 0x00, 0x00, 
0x00, 0x00, 0x00, 0x00, 
0x00, 0x00, 0x00, 0x00, 
0x00, 0x00, 0x00, 0x00, 
0x00, 0x00, 0x00, 0x00, 
0x00, 0x00, 0x00, 0x00, 
0x00, 0x00, 0x00, 0x00, 
0x00, 0x00, 0x00, 0x00, 
0x00, 0x00, 0x00, 0x00, 
0x00, 0x00, 0x00, 0x00, 
0x00, 0x00, 0x00, 0x00, 
0x00, 0x00, 0x00, 0x00, 
0x00, 0x00, 0x00, 0x00, 
0x00, 0x00, 0x00, 0x00, 
0x00, 0x00, 0x00, 0x00, 
0x00, 0x00, 0x00, 0x00, 
0x00, 0x00, 0x00, 0x00, 
0x00, 0x00, 0x00, 0x00, 
0x00, 0x00, 0x00, 0x00, 
0x00, 0x00, 0x00, 0x00, 
0x00, 0x00, 0x00, 0x00, 
0x00, 0x00, 0x00, 0x00, 
0x00, 0x00, 0x00, 0x00, 
0x00, 0x00, 0x00, 0x00, 
0x00, 0x00, 0x00, 0x00, 
0x00, 0x00, 0x00, 0x00, 
0x00, 0x00, 0x00, 0x00, 
0x00, 0x00, 0x00, 0x00, 
0x00, 0x00, 0x00, 0x00, 
0x00, 0x00, 0x00, 0x00, 
0x00, 0x00, 0x00, 0x00, 
0x00, 0x00, 0x00, 0x00, 
0x00, 0x00, 0x00, 0x00, 
0x00, 0x00, 0x00, 0x00, 
0x00, 0x00, 0x00, 0x00, 
0x00, 0x00, 0x00, 0x00, 
0x00, 0x00, 0x00, 0x00, 
0x00, 0x00, 0x00, 0x00, 
0x00, 0x00, 0x00, 0x00, 
0x00, 0x00, 0x00, 0x00, 
0x00, 0x00, 0x00, 0x00, 
0x00, 0x00, 0x00, 0x00, 
0x00, 0x00, 0x00, 0x00, 
0x00, 0x00, 0x00, 0x00, 
0x00, 0x00, 0x00, 0x00, 
0x00, 0x00, 0x00, 0x00, 
0x00, 0x00, 0x00, 0x00, 
0x00, 0x00, 0x00, 0x00, 
0x00, 0x00, 0x00, 0x00, 
0x00, 0x00, 0x00, 0x00, 
0x00, 0x00, 0x00, 0x00, 
0x00, 0x00, 0x00, 0x00, 
0x00, 0x00, 0x00, 0x00, 
0x00, 0x00, 0x00, 0x00, 
0x00, 0x00, 0x00, 0x00, 
0x00, 0x00, 0x00, 0x00, 
0x00, 0x00, 0x00, 0x00, 
0x00, 0x00, 0x00, 0x00, 
0x00, 0x00, 0x00, 0x00, 
0x00, 0x00, 0x00, 0x00, 
0x00, 0x00, 0x00, 0x00, 
0x00, 0x00, 0x00, 0x00, 
0x00, 0x00, 0x00, 0x00, 
0x00, 0x00, 0x00, 0x00, 
0x00, 0x00, 0x00, 0x00, 
0x00, 0x00, 0x00, 0x00, 
0x00, 0x00, 0x00, 0x00, 
0x00, 0x00, 0x00, 0x00, 
0x00, 0x00, 0x00, 0x00, 
0x00, 0x00, 0x00, 0x00, 
0x00, 0x00, 0x00, 0x00, 
0x00, 0x00, 0x00, 0x00, 
0x00, 0x00, 0x00, 0x00, 
0x00, 0x00, 0x00, 0x00, 
0x00, 0x00, 0x00, 0x00, 
0x00, 0x00, 0x00, 0x00, 
0x00, 0x00, 0x00, 0x00, 
0x00, 0x00, 0x00, 0x00, 
0x00, 0x00, 0x00, 0x00, 
0x00, 0x00, 0x00, 0x00, 
0x00, 0x00, 0x00, 0x00, 
0x00, 0x00, 0x00, 0x00, 
0x00, 0x00, 0x00, 0x00, 
0x00, 0x00, 0x00, 0x00, 
0x00, 0x00, 0x00, 0x00, 
0x00, 0x00, 0x00, 0x00, 
0x00, 0x00, 0x00, 0x00, 
0x00, 0x00, 0x00, 0x00, 
0x00, 0x00, 0x00, 0x00, 
0x00, 0x00, 0x00, 0x00, 
0x00, 0x00, 0x00, 0x00, 
0x00, 0x00, 0x00, 0x00, 
0x00, 0x00, 0x00, 0x00, 
0x00, 0x00, 0x00, 0x00, 
0x00, 0x00, 0x00, 0x00, 
0x00, 0x00, 0x00, 0x00, 
0x00, 0x00, 0x00, 0x00, 
0x00, 0x00, 0x00, 0x00, 
0x00, 0x00, 0x00, 0x00, 
0x00, 0x00, 0x00, 0x00, 
0x00, 0x00, 0x00, 0x00, 
0x00, 0x00, 0x00, 0x00, 
0x00, 0x00, 0x00, 0x00, 
0x00, 0x00, 0x00, 0x00, 
0x00, 0x00, 0x00, 0x00, 
0x00, 0x00, 0x00, 0x00, 
0x00, 0x00, 0x00, 0x00, 
0x00, 0x00, 0x00, 0x00, 
0x00, 0x00, 0x00, 0x00, 
0x00, 0x00, 0x00, 0x00, 
0x00, 0x00, 0x00, 0x00, 
0x00, 0x00, 0x00, 0x00, 
0x00, 0x00, 0x00, 0x00, 
0x00, 0x00, 0x00, 0x00, 
0x00, 0x00, 0x00, 0x00, 
0x00, 0x00, 0x00, 0x00, 
0x00, 0x00, 0x00, 0x00, 
0x00, 0x00, 0x00, 0x00, 
0x00, 0x00, 0x00, 0x00, 
0x00, 0x00, 0x00, 0x00, 
0x00, 0x00, 0x00, 0x00, 
0x00, 0x00, 0x00, 0x00, 
0x00, 0x00, 0x00, 0x00, 
0x00, 0x00, 0x00, 0x00, 
0x00, 0x00, 0x00, 0x00, 
0x00, 0x00, 0x00, 0x00, 
0x00, 0x00, 0x00, 0x00, 
0x00, 0x00, 0x00, 0x00, 
0x00, 0x00, 0x00, 0x00, 
0x00, 0x00, 0x00, 0x00, 
0x00, 0x00, 0x00, 0x00, 
0x00, 0x00, 0x00, 0x00, 
0x00, 0x00, 0x00, 0x00, 
0x00, 0x00, 0x00, 0x00, 
0x00, 0x00, 0x00, 0x00, 
0x00, 0x00, 0x00, 0x00, 
0x00, 0x00, 0x00, 0x00, 
0x00, 0x00, 0x00, 0x00, 
0x00, 0x00, 0x00, 0x00, 
0x00, 0x00, 0x00, 0x00, 
0x00, 0x00, 0x00, 0x00, 
0x00, 0x00, 0x00, 0x00, 
0x00, 0x00, 0x00, 0x00, 
0x00, 0x00, 0x00, 0x00, 
0x00, 0x00, 0x00, 0x00, 
0x00, 0x00, 0x00, 0x00, 
0x00, 0x00, 0x00, 0x00, 
0x00, 0x00, 0x00, 0x00, 
0x00, 0x00, 0x00, 0x00, 
0x00, 0x00, 0x00, 0x00, 
0x00, 0x00, 0x00, 0x00, 
0x00, 0x00, 0x00, 0x00, 
0x00, 0x00, 0x00, 0x00, 
0x00, 0x00, 0x00, 0x00, 
0x00, 0x00, 0x00, 0x00, 
0x00, 0x00, 0x00, 0x00, 
0x00, 0x00, 0x00, 0x00, 
0x00, 0x00, 0x00, 0x00, 
0x00, 0x00, 0x00, 0x00, 
0x00, 0x00, 0x00, 0x00, 
0x00, 0x00, 0x00, 0x00, 
0x00, 0x00, 0x00, 0x00, 
0x00, 0x00, 0x00, 0x00, 
0x00, 0x00, 0x00, 0x00, 
0x00, 0x00, 0x00, 0x00, 
0x00, 0x00, 0x00, 0x00, 
0x00, 0x00, 0x00, 0x00, 
0x00, 0x00, 0x00, 0x00, 
0x00, 0x00, 0x00, 0x00, 
0x00, 0x00, 0x00, 0x00, 
0x00, 0x00, 0x00, 0x00, 
0x00, 0x00, 0x00, 0x00, 
0x00, 0x00, 0x00, 0x00, 
0x00, 0x00, 0x00, 0x00, 
0x00, 0x00, 0x00, 0x00, 
0x00, 0x00, 0x00, 0x00, 
0x00, 0x00, 0x00, 0x00, 
0x00, 0x00, 0x00, 0x00, 
0x00, 0x00, 0x00, 0x00, 
0x00, 0x00, 0x00, 0x00, 
0x00, 0x00, 0x00, 0x00, 
0x00, 0x00, 0x00, 0x00, 
0x00, 0x00, 0x00, 0x00, 
0x00, 0x00, 0x00, 0x00, 
0x00, 0x00, 0x00, 0x00, 
0x00, 0x00, 0x00, 0x00, 
0x00, 0x00, 0x00, 0x00, 
0x00, 0x00, 0x00, 0x00, 
0x00, 0x00, 0x00, 0x00, 
0x00, 0x00, 0x00, 0x00, 
0x00, 0x00, 0x00, 0x00, 
0x00, 0x00, 0x00, 0x00, 
0x00, 0x00, 0x00, 0x00, 
0x00, 0x00, 0x00, 0x00, 
0x00, 0x00, 0x00, 0x00, 
0x00, 0x00, 0x00, 0x00, 
0x00, 0x00, 0x00, 0x00, 
0x00, 0x00, 0x00, 0x00, 
0x00, 0x00, 0x00, 0x00, 
0x00, 0x00, 0x00, 0x00, 
0x00, 0x00, 0x00, 0x00, 
0x00, 0x00, 0x00, 0x00, 
0x00, 0x00, 0x00, 0x00, 
0x00, 0x00, 0x00, 0x00, 
0x00, 0x00, 0x00, 0x00, 
0x00, 0x00, 0x00, 0x00, 
0x00, 0x00, 0x00, 0x00, 
0x00, 0x00, 0x00, 0x00, 
0x00, 0x00, 0x00, 0x00, 
0x00, 0x00, 0x00, 0x00, 
0x00, 0x00, 0x00, 0x00, 
0x00, 0x00, 0x00, 0x00, 
0x00, 0x00, 0x00, 0x00, 
0x00, 0x00, 0x00, 0x00, 
0x00, 0x00, 0x00, 0x00, 
0x00, 0x00, 0x00, 0x00, 
0x00, 0x00, 0x00, 0x00, 
0x00, 0x00, 0x00, 0x00, 
0x00, 0x00, 0x00, 0x00, 
0x00, 0x00, 0x00, 0x00, 
0x00, 0x00, 0x00, 0x00, 
0x00, 0x00, 0x00, 0x00, 
0x00, 0x00, 0x00, 0x00, 
0x00, 0x00, 0x00, 0x00, 
0x00, 0x00, 0x00, 0x00, 
0x00, 0x00, 0x00, 0x00, 
0x00, 0x00, 0x00, 0x00, 
0x00, 0x00, 0x00, 0x00, 
0x00, 0x00, 0x00, 0x00, 
0x00, 0x00, 0x00, 0x00, 
0x00, 0x00, 0x00, 0x00, 
0x00, 0x00, 0x00, 0x00, 
0x00, 0x00, 0x00, 0x00, 
0x00, 0x00, 0x00, 0x00, 
0x00, 0x00, 0x00, 0x00, 
0x00, 0x00, 0x00, 0x00, 
0x00, 0x00, 0x00, 0x00, 
0x00, 0x00, 0x00, 0x00, 
0x00, 0x00, 0x00, 0x00, 
0x00, 0x00, 0x00, 0x00, 
0x00, 0x00, 0x00, 0x00, 
0x00, 0x00, 0x00, 0x00, 
0x00, 0x00, 0x00, 0x00, 
0x00, 0x00, 0x00, 0x00, 
0x00, 0x00, 0x00, 0x00, 
0x00, 0x00, 0x00, 0x00, 
0x00, 0x00, 0x00, 0x00, 
0x00, 0x00, 0x00, 0x00, 
0x00, 0x00, 0x00, 0x00, 
0x00, 0x00, 0x00, 0x00, 
0x00, 0x00, 0x00, 0x00, 
0x00, 0x00, 0x00, 0x00, 
0x00, 0x00, 0x00, 0x00, 
0x00, 0x00, 0x00, 0x00, 
0x00, 0x00, 0x00, 0x00, 
0x00, 0x00, 0x00, 0x00, 
0x00, 0x00, 0x00, 0x00, 
0x00, 0x00, 0x00, 0x00, 
0x00, 0x00, 0x00, 0x00, 
0x00, 0x00, 0x00, 0x00, 
0x00, 0x00, 0x00, 0x00, 
0x00, 0x00, 0x00, 0x00, 
0x00, 0x00, 0x00, 0x00, 
0x00, 0x00, 0x00, 0x00, 
0x00, 0x00, 0x00, 0x00, 
0x00, 0x00, 0x00, 0x00, 
0x00, 0x00, 0x00, 0x00, 
0x00, 0x00, 0x00, 0x00, 
0x00, 0x00, 0x00, 0x00, 
0x00, 0x00, 0x00, 0x00, 
0x00, 0x00, 0x00, 0x00, 
0x00, 0x00, 0x00, 0x00, 
0x00, 0x00, 0x00, 0x00, 
0x00, 0x00, 0x00, 0x00, 
0x00, 0x00, 0x00, 0x00, 
0x00, 0x00, 0x00, 0x00, 
0x00, 0x00, 0x00, 0x00, 
0x00, 0x00, 0x00, 0x00, 
0x00, 0x00, 0x00, 0x00, 
0x00, 0x00, 0x00, 0x00, 
0x00, 0x00, 0x00, 0x00, 
0x00, 0x00, 0x00, 0x00, 
0x00, 0x00, 0x00, 0x00, 
0x00, 0x00, 0x00, 0x00, 
0x00, 0x00, 0x00, 0x00, 
0x00, 0x00, 0x00, 0x00, 
0x00, 0x00, 0x00, 0x00, 
0x00, 0x00, 0x00, 0x00, 
0x00, 0x00, 0x00, 0x00, 
0x00, 0x00, 0x00, 0x00, 
0x00, 0x00, 0x00, 0x00, 
0x00, 0x00, 0x00, 0x00, 
0x00, 0x00, 0x00, 0x00, 
0x00, 0x00, 0x00, 0x00, 
0x00, 0x00, 0x00, 0x00, 
0x00, 0x00, 0x00, 0x00, 
0x00, 0x00, 0x00, 0x00, 
0x00, 0x00, 0x00, 0x00, 
0x00, 0x00, 0x00, 0x00, 
0x00, 0x00, 0x00, 0x00, 
0x00, 0x00, 0x00, 0x00, 
0x00, 0x00, 0x00, 0x00, 
0x00, 0x00, 0x00, 0x00, 
0x00, 0x00, 0x00, 0x00, 
0x00, 0x00, 0x00, 0x00, 
0x00, 0x00, 0x00, 0x00, 
0x00, 0x00, 0x00, 0x00, 
0x00, 0x00, 0x00, 0x00, 
0x00, 0x00, 0x00, 0x00, 
0x00, 0x00, 0x00, 0x00, 
0x00, 0x00, 0x00, 0x00, 
0x00, 0x00, 0x00, 0x00, 
0x00, 0x00, 0x00, 0x00, 
0x00, 0x00, 0x00, 0x00, 
0x00, 0x00, 0x00, 0x00, 
0x00, 0x00, 0x00, 0x00, 
0x00, 0x00, 0x00, 0x00, 
0x00, 0x00, 0x00, 0x00, 
0x00, 0x00, 0x00, 0x00, 
0x00, 0x00, 0x00, 0x00, 
0x00, 0x00, 0x00, 0x00, 
0x00, 0x00, 0x00, 0x00, 
0x00, 0x00, 0x00, 0x00, 
0x00, 0x00, 0x00, 0x00, 
0x00, 0x00, 0x00, 0x00, 
0x00, 0x00, 0x00, 0x00, 
0x00, 0x00, 0x00, 0x00, 
0x00, 0x00, 0x00, 0x00, 
0x00, 0x00, 0x00, 0x00, 
0x00, 0x00, 0x00, 0x00, 
0x00, 0x00, 0x00, 0x00, 
0x00, 0x00, 0x00, 0x00, 
0x00, 0x00, 0x00, 0x00, 
0x00, 0x00, 0x00, 0x00, 
0x00, 0x00, 0x00, 0x00, 
0x00, 0x00, 0x00, 0x00, 
0x00, 0x00, 0x00, 0x00, 
0x00, 0x00, 0x00, 0x00, 
0x00, 0x00, 0x00, 0x00, 
0x00, 0x00, 0x00, 0x00, 
0x00, 0x00, 0x00, 0x00, 
0x00, 0x00, 0x00, 0x00, 
0x00, 0x00, 0x00, 0x00, 
0x00, 0x00, 0x00, 0x00, 
0x00, 0x00, 0x00, 0x00, 
0x00, 0x00, 0x00, 0x00, 
0x00, 0x00, 0x00, 0x00, 
0x00, 0x00, 0x00, 0x00, 
0x00, 0x00, 0x00, 0x00, 
0x00, 0x00, 0x00, 0x00, 
0x00, 0x00, 0x00, 0x00, 
0x00, 0x00, 0x00, 0x00, 
0x00, 0x00, 0x00, 0x00, 
0x00, 0x00, 0x00, 0x00, 
0x00, 0x00, 0x00, 0x00, 
0x00, 0x00, 0x00, 0x00, 
0x00, 0x00, 0x00, 0x00, 
0x00, 0x00, 0x00, 0x00, 
0x00, 0x00, 0x00, 0x00, 
0x00, 0x00, 0x00, 0x00, 
0x00, 0x00, 0x00, 0x00, 
0x00, 0x00, 0x00, 0x00, 
0x00, 0x00, 0x00, 0x00, 
0x00, 0x00, 0x00, 0x00, 
0x00, 0x00, 0x00, 0x00, 
0x00, 0x00, 0x00, 0x00, 
0x00, 0x00, 0x00, 0x00, 
0x00, 0x00, 0x00, 0x00, 
0x00, 0x00, 0x00, 0x00, 
0x00, 0x00, 0x00, 0x00, 
0x00, 0x00, 0x00, 0x00, 
0x00, 0x00, 0x00, 0x00, 
0x00, 0x00, 0x00, 0x00, 
0x00, 0x00, 0x00, 0x00, 
0x00, 0x00, 0x00, 0x00, 
0x00, 0x00, 0x00, 0x00, 
0x00, 0x00, 0x00, 0x00, 
0x00, 0x00, 0x00, 0x00, 
0x00, 0x00, 0x00, 0x00, 
0x00, 0x00, 0x00, 0x00, 
0x00, 0x00, 0x00, 0x00, 
0x00, 0x00, 0x00, 0x00, 
0x00, 0x00, 0x00, 0x00, 
0x00, 0x00, 0x00, 0x00, 
0x00, 0x00, 0x00, 0x00, 
0x00, 0x00, 0x00, 0x00, 
0x00, 0x00, 0x00, 0x00, 
0x00, 0x00, 0x00, 0x00, 
0x00, 0x00, 0x00, 0x00, 
0x00, 0x00, 0x00, 0x00, 
0x00, 0x00, 0x00, 0x00, 
0x00, 0x00, 0x00, 0x00, 
0x00, 0x00, 0x00, 0x00, 
0x00, 0x00, 0x00, 0x00, 
0x00, 0x00, 0x00, 0x00, 
0x00, 0x00, 0x00, 0x00, 
0x00, 0x00, 0x00, 0x00, 
0x00, 0x00, 0x00, 0x00, 
0x00, 0x00, 0x00, 0x00, 
0x00, 0x00, 0x00, 0x00, 
0x00, 0x00, 0x00, 0x00, 
0x00, 0x00, 0x00, 0x00, 
0x00, 0x00, 0x00, 0x00, 
0x00, 0x00, 0x00, 0x00, 
0x00, 0x00, 0x00, 0x00, 
0x00, 0x00, 0x00, 0x00, 
0x00, 0x00, 0x00, 0x00, 
0x00, 0x00, 0x00, 0x00, 
0x00, 0x00, 0x00, 0x00, 
0x00, 0x00, 0x00, 0x00, 
0x00, 0x00, 0x00, 0x00, 
0x00, 0x00, 0x00, 0x00, 
0x00, 0x00, 0x00, 0x00, 
0x00, 0x00, 0x00, 0x00, 
0x00, 0x00, 0x00, 0x00, 
0x00, 0x00, 0x00, 0x00, 
0x00, 0x00, 0x00, 0x00, 
0x00, 0x00, 0x00, 0x00, 
0x00, 0x00, 0x00, 0x00, 
0x00, 0x00, 0x00, 0x00, 
0x00, 0x00, 0x00, 0x00, 
0x00, 0x00, 0x00, 0x00, 
0x00, 0x00, 0x00, 0x00, 
0x00, 0x00, 0x00, 0x00, 
0x00, 0x00, 0x00, 0x00, 
0x00, 0x00, 0x00, 0x00, 
0x00, 0x00, 0x00, 0x00, 
0x00, 0x00, 0x00, 0x00, 
0x00, 0x00, 0x00, 0x00, 
0x00, 0x00, 0x00, 0x00, 
0x00, 0x00, 0x00, 0x00, 
0x00, 0x00, 0x00, 0x00, 
0x00, 0x00, 0x00, 0x00, 
0x00, 0x00, 0x00, 0x00, 
0x00, 0x00, 0x00, 0x00, 
0x00, 0x00, 0x00, 0x00, 
0x00, 0x00, 0x00, 0x00, 
0x00, 0x00, 0x00, 0x00, 
0x00, 0x00, 0x00, 0x00, 
0x00, 0x00, 0x00, 0x00, 
0x00, 0x00, 0x00, 0x00, 
0x00, 0x00, 0x00, 0x00, 
0x00, 0x00, 0x00, 0x00, 
0x00, 0x00, 0x00, 0x00, 
0x00, 0x00, 0x00, 0x00, 
0x00, 0x00, 0x00, 0x00, 
0x00, 0x00, 0x00, 0x00, 
0x00, 0x00, 0x00, 0x00, 
0x00, 0x00, 0x00, 0x00, 
0x00, 0x00, 0x00, 0x00, 
0x00, 0x00, 0x00, 0x00, 
0x00, 0x00, 0x00, 0x00, 
0x00, 0x00, 0x00, 0x00, 
0x00, 0x00, 0x00, 0x00, 
0x00, 0x00, 0x00, 0x00, 
0x00, 0x00, 0x00, 0x00, 
0x00, 0x00, 0x00, 0x00, 
0x00, 0x00, 0x00, 0x00, 
0x00, 0x00, 0x00, 0x00, 
0x00, 0x00, 0x00, 0x00, 
0x00, 0x00, 0x00, 0x00, 
0x00, 0x00, 0x00, 0x00, 
0x00, 0x00, 0x00, 0x00, 
0x00, 0x00, 0x00, 0x00, 
0x00, 0x00, 0x00, 0x00, 
0x00, 0x00, 0x00, 0x00, 
0x00, 0x00, 0x00, 0x00, 
0x00, 0x00, 0x00, 0x00, 
0x00, 0x00, 0x00, 0x00, 
0x00, 0x00, 0x00, 0x00, 
0x00, 0x00, 0x00, 0x00, 
0x00, 0x00, 0x00, 0x00, 
0x00, 0x00, 0x00, 0x00, 
0x00, 0x00, 0x00, 0x00, 
0x00, 0x00, 0x00, 0x00, 
0x00, 0x00, 0x00, 0x00, 
0x00, 0x00, 0x00, 0x00, 
0x00, 0x00, 0x00, 0x00, 
0x00, 0x00, 0x00, 0x00, 
0x00, 0x00, 0x00, 0x00, 
0x00, 0x00, 0x00, 0x00, 
0x00, 0x00, 0x00, 0x00, 
0x00, 0x00, 0x00, 0x00, 
0x00, 0x00, 0x00, 0x00, 
0x00, 0x00, 0x00, 0x00, 
0x00, 0x00, 0x00, 0x00, 
0x00, 0x00, 0x00, 0x00, 
0x00, 0x00, 0x00, 0x00, 
0x00, 0x00, 0x00, 0x00, 
0x00, 0x00, 0x00, 0x00, 
0x00, 0x00, 0x00, 0x00, 
0x00, 0x00, 0x00, 0x00, 
0x00, 0x00, 0x00, 0x00, 
0x00, 0x00, 0x00, 0x00, 
0x00, 0x00, 0x00, 0x00, 
0x00, 0x00, 0x00, 0x00, 
0x00, 0x00, 0x00, 0x00, 
0x00, 0x00, 0x00, 0x00, 
0x00, 0x00, 0x00, 0x00, 
0x00, 0x00, 0x00, 0x00, 
0x00, 0x00, 0x00, 0x00, 
0x00, 0x00, 0x00, 0x00, 
0x00, 0x00, 0x00, 0x00, 
0x00, 0x00, 0x00, 0x00, 
0x00, 0x00, 0x00, 0x00, 
0x00, 0x00, 0x00, 0x00, 
0x00, 0x00, 0x00, 0x00, 
0x00, 0x00, 0x00, 0x00, 
0x00, 0x00, 0x00, 0x00, 
0x00, 0x00, 0x00, 0x00, 
0x00, 0x00, 0x00, 0x00, 
0x00, 0x00, 0x00, 0x00, 
0x00, 0x00, 0x00, 0x00, 
0x00, 0x00, 0x00, 0x00, 
0x00, 0x00, 0x00, 0x00, 
0x00, 0x00, 0x00, 0x00, 
0x00, 0x00, 0x00, 0x00, 
0x00, 0x00, 0x00, 0x00, 
0x00, 0x00, 0x00, 0x00, 
0x00, 0x00, 0x00, 0x00, 
0x00, 0x00, 0x00, 0x00, 
0x00, 0x00, 0x00, 0x00, 
0x00, 0x00, 0x00, 0x00, 
0x00, 0x00, 0x00, 0x00, 
0x00, 0x00, 0x00, 0x00, 
0x00, 0x00, 0x00, 0x00, 
0x00, 0x00, 0x00, 0x00, 
0x00, 0x00, 0x00, 0x00, 
0x00, 0x00, 0x00, 0x00, 
0x00, 0x00, 0x00, 0x00, 
0x00, 0x00, 0x00, 0x00, 
0x00, 0x00, 0x00, 0x00, 
0x00, 0x00, 0x00, 0x00, 
0x00, 0x00, 0x00, 0x00, 
0x00, 0x00, 0x00, 0x00, 
0x00, 0x00, 0x00, 0x00, 
0x00, 0x00, 0x00, 0x00, 
0x00, 0x00, 0x00, 0x00, 
0x00, 0x00, 0x00, 0x00, 
0x00, 0x00, 0x00, 0x00, 
0x00, 0x00, 0x00, 0x00, 
0x00, 0x00, 0x00, 0x00, 
0x00, 0x00, 0x00, 0x00, 
0x00, 0x00, 0x00, 0x00, 
0x00, 0x00, 0x00, 0x00, 
0x00, 0x00, 0x00, 0x00, 
0x00, 0x00, 0x00, 0x00, 
0x00, 0x00, 0x00, 0x00, 
0x00, 0x00, 0x00, 0x00, 
0x00, 0x00, 0x00, 0x00, 
0x00, 0x00, 0x00, 0x00, 
0x00, 0x00, 0x00, 0x00, 
0x00, 0x00, 0x00, 0x00, 
0x00, 0x00, 0x00, 0x00, 
0x00, 0x00, 0x00, 0x00, 
0x00, 0x00, 0x00, 0x00, 
0x00, 0x00, 0x00, 0x00, 
0x00, 0x00, 0x00, 0x00, 
0x00, 0x00, 0x00, 0x00, 
0x00, 0x00, 0x00, 0x00, 
0x00, 0x00, 0x00, 0x00, 
0x00, 0x00, 0x00, 0x00, 
0x00, 0x00, 0x00, 0x00, 
0x00, 0x00, 0x00, 0x00, 
0x00, 0x00, 0x00, 0x00, 
0x00, 0x00, 0x00, 0x00, 
0x00, 0x00, 0x00, 0x00, 
0x00, 0x00, 0x00, 0x00, 
0x00, 0x00, 0x00, 0x00, 
0x00, 0x00, 0x00, 0x00, 
0x00, 0x00, 0x00, 0x00, 
0x00, 0x00, 0x00, 0x00, 
0x00, 0x00, 0x00, 0x00, 
0x00, 0x00, 0x00, 0x00, 
0x00, 0x00, 0x00, 0x00, 
0x00, 0x00, 0x00, 0x00, 
0x00, 0x00, 0x00, 0x00, 
0x00, 0x00, 0x00, 0x00, 
0x00, 0x00, 0x00, 0x00, 
0x00, 0x00, 0x00, 0x00, 
0x00, 0x00, 0x00, 0x00, 
0x00, 0x00, 0x00, 0x00, 
0x00, 0x00, 0x00, 0x00, 
0x00, 0x00, 0x00, 0x00, 
0x00, 0x00, 0x00, 0x00, 
0x00, 0x00, 0x00, 0x00, 
0x00, 0x00, 0x00, 0x00, 
0x00, 0x00, 0x00, 0x00, 
0x00, 0x00, 0x00, 0x00, 
0x00, 0x00, 0x00, 0x00, 
0x00, 0x00, 0x00, 0x00, 
0x00, 0x00, 0x00, 0x00, 
0x00, 0x00, 0x00, 0x00, 
0x00, 0x00, 0x00, 0x00, 
0x00, 0x00, 0x00, 0x00, 
0x00, 0x00, 0x00, 0x00, 
0x00, 0x00, 0x00, 0x00, 
0x00, 0x00, 0x00, 0x00, 
0x00, 0x00, 0x00, 0x00, 
0x00, 0x00, 0x00, 0x00, 
0x00, 0x00, 0x00, 0x00, 
0x00, 0x00, 0x00, 0x00, 
0x00, 0x00, 0x00, 0x00, 
0x00, 0x00, 0x00, 0x00, 
0x00, 0x00, 0x00, 0x00, 
0x00, 0x00, 0x00, 0x00, 
0x00, 0x00, 0x00, 0x00, 
0x00, 0x00, 0x00, 0x00, 
0x00, 0x00, 0x00, 0x00, 
0x00, 0x00, 0x00, 0x00, 
0x00, 0x00, 0x00, 0x00, 
0x00, 0x00, 0x00, 0x00, 
0x00, 0x00, 0x00, 0x00, 
0x00, 0x00, 0x00, 0x00, 
0x00, 0x00, 0x00, 0x00, 
0x00, 0x00, 0x00, 0x00, 
0x00, 0x00, 0x00, 0x00, 
0x00, 0x00, 0x00, 0x00, 
0x00, 0x00, 0x00, 0x00, 
0x00, 0x00, 0x00, 0x00, 
0x00, 0x00, 0x00, 0x00, 
0x00, 0x00, 0x00, 0x00, 
0x00, 0x00, 0x00, 0x00, 
0x00, 0x00, 0x00, 0x00, 
0x00, 0x00, 0x00, 0x00, 
0x00, 0x00, 0x00, 0x00, 
0x00, 0x00, 0x00, 0x00, 
0x00, 0x00, 0x00, 0x00, 
0x00, 0x00, 0x00, 0x00, 
0x00, 0x00, 0x00, 0x00, 
0x00, 0x00, 0x00, 0x00, 
0x00, 0x00, 0x00, 0x00, 
0x00, 0x00, 0x00, 0x00, 
0x00, 0x00, 0x00, 0x00, 
0x00, 0x00, 0x00, 0x00, 
0x00, 0x00, 0x00, 0x00, 
0x00, 0x00, 0x00, 0x00, 
0x00, 0x00, 0x00, 0x00, 
0x00, 0x00, 0x00, 0x00, 
0x00, 0x00, 0x00, 0x00, 
0x00, 0x00, 0x00, 0x00, 
0x00, 0x00, 0x00, 0x00, 
0x00, 0x00, 0x00, 0x00, 
0x00, 0x00, 0x00, 0x00, 
0x00, 0x00, 0x00, 0x00, 
0x00, 0x00, 0x00, 0x00, 
0x00, 0x00, 0x00, 0x00, 
0x00, 0x00, 0x00, 0x00, 
0x00, 0x00, 0x00, 0x00, 
0x00, 0x00, 0x00, 0x00, 
0x00, 0x00, 0x00, 0x00, 
0x00, 0x00, 0x00, 0x00, 
0x00, 0x00, 0x00, 0x00, 
0x00, 0x00, 0x00, 0x00, 
0x00, 0x00, 0x00, 0x00, 
0x00, 0x00, 0x00, 0x00, 
0x00, 0x00, 0x00, 0x00, 
0x00, 0x00, 0x00, 0x00, 
0x00, 0x00, 0x00, 0x00, 
0x00, 0x00, 0x00, 0x00, 
0x00, 0x00, 0x00, 0x00, 
0x00, 0x00, 0x00, 0x00, 
0x00, 0x00, 0x00, 0x00, 
0x00, 0x00, 0x00, 0x00, 
0x00, 0x00, 0x00, 0x00, 
0x00, 0x00, 0x00, 0x00, 
0x00, 0x00, 0x00, 0x00, 
0x00, 0x00, 0x00, 0x00, 
0x00, 0x00, 0x00, 0x00, 
0x00, 0x00, 0x00, 0x00, 
0x00, 0x00, 0x00, 0x00, 
0x00, 0x00, 0x00, 0x00, 
0x00, 0x00, 0x00, 0x00, 
0x00, 0x00, 0x00, 0x00, 
0x00, 0x00, 0x00, 0x00, 
0x00, 0x00, 0x00, 0x00, 
0x00, 0x00, 0x00, 0x00, 
0x00, 0x00, 0x00, 0x00, 
0x00, 0x00, 0x00, 0x00, 
0x00, 0x00, 0x00, 0x00, 
0x00, 0x00, 0x00, 0x00, 
0x00, 0x00, 0x00, 0x00, 
0x00, 0x00, 0x00, 0x00, 
0x00, 0x00, 0x00, 0x00, 
0x00, 0x00, 0x00, 0x00, 
0x00, 0x00, 0x00, 0x00, 
0x00, 0x00, 0x00, 0x00, 
0x00, 0x00, 0x00, 0x00, 
0x00, 0x00, 0x00, 0x00, 
0x00, 0x00, 0x00, 0x00, 
0x00, 0x00, 0x00, 0x00, 
0x00, 0x00, 0x00, 0x00, 
0x00, 0x00, 0x00, 0x00, 
0x00, 0x00, 0x00, 0x00, 
0x00, 0x00, 0x00, 0x00, 
0x00, 0x00, 0x00, 0x00, 
0x00, 0x00, 0x00, 0x00, 
0x00, 0x00, 0x00, 0x00, 
0x00, 0x00, 0x00, 0x00, 
0x00, 0x00, 0x00, 0x00, 
0x00, 0x00, 0x00, 0x00, 
0x00, 0x00, 0x00, 0x00, 
0x00, 0x00, 0x00, 0x00, 
0x00, 0x00, 0x00, 0x00, 
0x00, 0x00, 0x00, 0x00, 
0x00, 0x00, 0x00, 0x00, 
0x00, 0x00, 0x00, 0x00, 
0x00, 0x00, 0x00, 0x00, 
0x00, 0x00, 0x00, 0x00, 
0x00, 0x00, 0x00, 0x00, 
0x00, 0x00, 0x00, 0x00, 
0x00, 0x00, 0x00, 0x00, 
0x00, 0x00, 0x00, 0x00, 
0x00, 0x00, 0x00, 0x00, 
0x00, 0x00, 0x00, 0x00, 
0x00, 0x00, 0x00, 0x00, 
0x00, 0x00, 0x00, 0x00, 
0x00, 0x00, 0x00, 0x00, 
0x00, 0x00, 0x00, 0x00, 
0x00, 0x00, 0x00, 0x00, 
0x00, 0x00, 0x00, 0x00, 
0x00, 0x00, 0x00, 0x00, 
0x00, 0x00, 0x00, 0x00, 
0x00, 0x00, 0x00, 0x00, 
0x00, 0x00, 0x00, 0x00, 
0x00, 0x00, 0x00, 0x00, 
0x00, 0x00, 0x00, 0x00, 
0x00, 0x00, 0x00, 0x00, 
0x00, 0x00, 0x00, 0x00, 
0x00, 0x00, 0x00, 0x00, 
0x00, 0x00, 0x00, 0x00, 
0x00, 0x00, 0x00, 0x00, 
0x00, 0x00, 0x00, 0x00, 
0x00, 0x00, 0x00, 0x00, 
0x00, 0x00, 0x00, 0x00, 
0x00, 0x00, 0x00, 0x00, 
0x00, 0x00, 0x00, 0x00, 
0x00, 0x00, 0x00, 0x00, 
0x00, 0x00, 0x00, 0x00, 
0x00, 0x00, 0x00, 0x00, 
0x00, 0x00, 0x00, 0x00, 
0x00, 0x00, 0x00, 0x00, 
0x00, 0x00, 0x00, 0x00, 
0x00, 0x00, 0x00, 0x00, 
0x00, 0x00, 0x00, 0x00, 
0x00, 0x00, 0x00, 0x00, 
0x00, 0x00, 0x00, 0x00, 
0x00, 0x00, 0x00, 0x00, 
0x00, 0x00, 0x00, 0x00, 
0x00, 0x00, 0x00, 0x00, 
0x00, 0x00, 0x00, 0x00, 
0x00, 0x00, 0x00, 0x00, 
0x00, 0x00, 0x00, 0x00, 
0x00, 0x00, 0x00, 0x00, 
0x00, 0x00, 0x00, 0x00, 
0x00, 0x00, 0x00, 0x00, 
0x00, 0x00, 0x00, 0x00, 
0x00, 0x00, 0x00, 0x00, 
0x00, 0x00, 0x00, 0x00, 
0x00, 0x00, 0x00, 0x00, 
0x00, 0x00, 0x00, 0x00, 
0x00, 0x00, 0x00, 0x00, 
0x00, 0x00, 0x00, 0x00, 
0x00, 0x00, 0x00, 0x00, 
0x00, 0x00, 0x00, 0x00, 
0x00, 0x00, 0x00, 0x00, 
0x00, 0x00, 0x00, 0x00, 
0x00, 0x00, 0x00, 0x00, 
0x00, 0x00, 0x00, 0x00, 
0x00, 0x00, 0x00, 0x00, 
0x00, 0x00, 0x00, 0x00, 
0x00, 0x00, 0x00, 0x00, 
0x00, 0x00, 0x00, 0x00, 
0x00, 0x00, 0x00, 0x00, 
0x00, 0x00, 0x00, 0x00, 
0x00, 0x00, 0x00, 0x00, 
0x00, 0x00, 0x00, 0x00, 
0x00, 0x00, 0x00, 0x00, 
0x00, 0x00, 0x00, 0x00, 
0x00, 0x00, 0x00, 0x00, 
0x00, 0x00, 0x00, 0x00, 
0x00, 0x00, 0x00, 0x00, 
0x00, 0x00, 0x00, 0x00, 
0x00, 0x00, 0x00, 0x00, 
0x00, 0x00, 0x00, 0x00, 
0x00, 0x00, 0x00, 0x00, 
0x00, 0x00, 0x00, 0x00, 
0x00, 0x00, 0x00, 0x00, 
0x00, 0x00, 0x00, 0x00, 
0x00, 0x00, 0x00, 0x00, 
0x00, 0x00, 0x00, 0x00, 
0x00, 0x00, 0x00, 0x00, 
0x00, 0x00, 0x00, 0x00, 
0x00, 0x00, 0x00, 0x00, 
0x00, 0x00, 0x00, 0x00, 
0x00, 0x00, 0x00, 0x00, 
0x00, 0x00, 0x00, 0x00, 
0x00, 0x00, 0x00, 0x00, 
0x00, 0x00, 0x00, 0x00, 
0x00, 0x00, 0x00, 0x00, 
0x00, 0x00, 0x00, 0x00, 
0x00, 0x00, 0x00, 0x00, 
0x00, 0x00, 0x00, 0x00, 
0x00, 0x00, 0x00, 0x00, 
0x00, 0x00, 0x00, 0x00, 
0x00, 0x00, 0x00, 0x00, 
0x00, 0x00, 0x00, 0x00, 
0x00, 0x00, 0x00, 0x00, 
0x00, 0x00, 0x00, 0x00, 
0x00, 0x00, 0x00, 0x00, 
0x00, 0x00, 0x00, 0x00, 
0x00, 0x00, 0x00, 0x00, 
0x00, 0x00, 0x00, 0x00, 
0x00, 0x00, 0x00, 0x00, 
0x00, 0x00, 0x00, 0x00, 
0x00, 0x00, 0x00, 0x00, 
0x00, 0x00, 0x00, 0x00, 
0x00, 0x00, 0x00, 0x00, 
0x00, 0x00, 0x00, 0x00, 
0x00, 0x00, 0x00, 0x00, 
0x00, 0x00, 0x00, 0x00, 
0x00, 0x00, 0x00, 0x00, 
0x00, 0x00, 0x00, 0x00, 
0x00, 0x00, 0x00, 0x00, 
0x00, 0x00, 0x00, 0x00, 
0x00, 0x00, 0x00, 0x00, 
0x00, 0x00, 0x00, 0x00, 
0x00, 0x00, 0x00, 0x00, 
0x00, 0x00, 0x00, 0x00, 
0x00, 0x00, 0x00, 0x00, 
0x00, 0x00, 0x00, 0x00, 
0x00, 0x00, 0x00, 0x00, 
0x00, 0x00, 0x00, 0x00, 
0x00, 0x00, 0x00, 0x00, 
0x00, 0x00, 0x00, 0x00, 
0x00, 0x00, 0x00, 0x00, 
0x00, 0x00, 0x00, 0x00, 
0x00, 0x00, 0x00, 0x00, 
0x00, 0x00, 0x00, 0x00, 
0x00, 0x00, 0x00, 0x00, 
0x00, 0x00, 0x00, 0x00, 
0x00, 0x00, 0x00, 0x00, 
0x00, 0x00, 0x00, 0x00, 
0x00, 0x00, 0x00, 0x00, 
0x00, 0x00, 0x00, 0x00, 
0x00, 0x00, 0x00, 0x00, 
0x00, 0x00, 0x00, 0x00, 
0x00, 0x00, 0x00, 0x00, 
0x00, 0x00, 0x00, 0x00, 
0x00, 0x00, 0x00, 0x00, 
0x00, 0x00, 0x00, 0x00, 
0x00, 0x00, 0x00, 0x00, 
0x00, 0x00, 0x00, 0x00, 
0x00, 0x00, 0x00, 0x00, 
0x00, 0x00, 0x00, 0x00, 
0x00, 0x00, 0x00, 0x00, 
0x00, 0x00, 0x00, 0x00, 
0x00, 0x00, 0x00, 0x00, 
0x00, 0x00, 0x00, 0x00, 
0x00, 0x00, 0x00, 0x00, 
0x00, 0x00, 0x00, 0x00, 
0x00, 0x00, 0x00, 0x00, 
0x00, 0x00, 0x00, 0x00, 
0x00, 0x00, 0x00, 0x00, 
0x00, 0x00, 0x00, 0x00, 
0x00, 0x00, 0x00, 0x00, 
0x00, 0x00, 0x00, 0x00, 
0x00, 0x00, 0x00, 0x00, 
0x00, 0x00, 0x00, 0x00, 
0x00, 0x00, 0x00, 0x00, 
0x00, 0x00, 0x00, 0x00, 
0x00, 0x00, 0x00, 0x00, 
0x00, 0x00, 0x00, 0x00, 
0x00, 0x00, 0x00, 0x00, 
0x00, 0x00, 0x00, 0x00, 
0x00, 0x00, 0x00, 0x00, 
0x00, 0x00, 0x00, 0x00, 
0x00, 0x00, 0x00, 0x00, 
0x00, 0x00, 0x00, 0x00, 
0x00, 0x00, 0x00, 0x00, 
0x00, 0x00, 0x00, 0x00, 
0x00, 0x00, 0x00, 0x00, 
0x00, 0x00, 0x00, 0x00, 
0x00, 0x00, 0x00, 0x00, 
0x00, 0x00, 0x00, 0x00, 
0x00, 0x00, 0x00, 0x00, 
0x00, 0x00, 0x00, 0x00, 
0x00, 0x00, 0x00, 0x00, 
0x00, 0x00, 0x00, 0x00, 
0x00, 0x00, 0x00, 0x00, 
0x00, 0x00, 0x00, 0x00, 
0x00, 0x00, 0x00, 0x00, 
0x00, 0x00, 0x00, 0x00, 
0x00, 0x00, 0x00, 0x00, 
0x00, 0x00, 0x00, 0x00, 
0x00, 0x00, 0x00, 0x00, 
0x00, 0x00, 0x00, 0x00, 
0x00, 0x00, 0x00, 0x00, 
0x00, 0x00, 0x00, 0x00, 
0x00, 0x00, 0x00, 0x00, 
0x00, 0x00, 0x00, 0x00, 
0x00, 0x00, 0x00, 0x00, 
0x00, 0x00, 0x00, 0x00, 
0x00, 0x00, 0x00, 0x00, 
0x00, 0x00, 0x00, 0x00, 
0x00, 0x00, 0x00, 0x00, 
0x00, 0x00, 0x00, 0x00, 
0x00, 0x00, 0x00, 0x00, 
0x00, 0x00, 0x00, 0x00, 
0x00, 0x00, 0x00, 0x00, 
0x00, 0x00, 0x00, 0x00, 
0x00, 0x00, 0x00, 0x00, 
0x00, 0x00, 0x00, 0x00, 
0x00, 0x00, 0x00, 0x00, 
0x00, 0x00, 0x00, 0x00, 
0x00, 0x00, 0x00, 0x00, 
0x00, 0x00, 0x00, 0x00, 
0x00, 0x00, 0x00, 0x00, 
0x00, 0x00, 0x00, 0x00, 
0x00, 0x00, 0x00, 0x00, 
0x00, 0x00, 0x00, 0x00, 
0x00, 0x00, 0x00, 0x00, 
0x00, 0x00, 0x00, 0x00, 
0x00, 0x00, 0x00, 0x00, 
0x00, 0x00, 0x00, 0x00, 
0x00, 0x00, 0x00, 0x00, 
0x00, 0x00, 0x00, 0x00, 
0x00, 0x00, 0x00, 0x00, 
0x00, 0x00, 0x00, 0x00, 
0x00, 0x00, 0x00, 0x00, 
0x00, 0x00, 0x00, 0x00, 
0x00, 0x00, 0x00, 0x00, 
0x00, 0x00, 0x00, 0x00, 
0x00, 0x00, 0x00, 0x00, 
0x00, 0x00, 0x00, 0x00, 
0x00, 0x00, 0x00, 0x00, 
0x00, 0x00, 0x00, 0x00, 
0x00, 0x00, 0x00, 0x00, 
0x00, 0x00, 0x00, 0x00, 
0x00, 0x00, 0x00, 0x00, 
0x00, 0x00, 0x00, 0x00, 
0x00, 0x00, 0x00, 0x00, 
0x00, 0x00, 0x00, 0x00, 
0x00, 0x00, 0x00, 0x00, 
0x00, 0x00, 0x00, 0x00, 
0x00, 0x00, 0x00, 0x00, 
0x00, 0x00, 0x00, 0x00, 
0x00, 0x00, 0x00, 0x00, 
0x00, 0x00, 0x00, 0x00, 
0x00, 0x00, 0x00, 0x00, 
0x00, 0x00, 0x00, 0x00, 
0x00, 0x00, 0x00, 0x00, 
0x00, 0x00, 0x00, 0x00, 
0x00, 0x00, 0x00, 0x00, 
0x00, 0x00, 0x00, 0x00, 
0x00, 0x00, 0x00, 0x00, 
0x00, 0x00, 0x00, 0x00, 
0x00, 0x00, 0x00, 0x00, 
0x00, 0x00, 0x00, 0x00, 
0x00, 0x00, 0x00, 0x00, 
0x00, 0x00, 0x00, 0x00, 
0x00, 0x00, 0x00, 0x00, 
0x00, 0x00, 0x00, 0x00, 
0x00, 0x00, 0x00, 0x00, 
0x00, 0x00, 0x00, 0x00, 
0x00, 0x00, 0x00, 0x00, 
0x00, 0x00, 0x00, 0x00, 
0x00, 0x00, 0x00, 0x00, 
0x00, 0x00, 0x00, 0x00, 
0x00, 0x00, 0x00, 0x00, 
0x00, 0x00, 0x00, 0x00, 
0x00, 0x00, 0x00, 0x00, 
0x00, 0x00, 0x00, 0x00, 
0x00, 0x00, 0x00, 0x00, 
0x00, 0x00, 0x00, 0x00, 
0x00, 0x00, 0x00, 0x00, 
0x00, 0x00, 0x00, 0x00, 
0x00, 0x00, 0x00, 0x00, 
0x00, 0x00, 0x00, 0x00, 
0x00, 0x00, 0x00, 0x00, 
0x00, 0x00, 0x00, 0x00, 
0x00, 0x00, 0x00, 0x00, 
0x00, 0x00, 0x00, 0x00, 
0x00, 0x00, 0x00, 0x00, 
0x00, 0x00, 0x00, 0x00, 
0x00, 0x00, 0x00, 0x00, 
0x00, 0x00, 0x00, 0x00, 
0x00, 0x00, 0x00, 0x00, 
0x00, 0x00, 0x00, 0x00, 
0x00, 0x00, 0x00, 0x00, 
0x00, 0x00, 0x00, 0x00, 
0x00, 0x00, 0x00, 0x00, 
0x00, 0x00, 0x00, 0x00, 
0x00, 0x00, 0x00, 0x00, 
0x00, 0x00, 0x00, 0x00, 
0x00, 0x00, 0x00, 0x00, 
0x00, 0x00, 0x00, 0x00, 
0x00, 0x00, 0x00, 0x00, 
0x00, 0x00, 0x00, 0x00, 
0x00, 0x00, 0x00, 0x00, 
0x00, 0x00, 0x00, 0x00, 
0x00, 0x00, 0x00, 0x00, 
0x00, 0x00, 0x00, 0x00, 
0x00, 0x00, 0x00, 0x00, 
0x00, 0x00, 0x00, 0x00, 
0x00, 0x00, 0x00, 0x00, 
0x00, 0x00, 0x00, 0x00, 
0x00, 0x00, 0x00, 0x00, 
0x00, 0x00, 0x00, 0x00, 
0x00, 0x00, 0x00, 0x00, 
0x00, 0x00, 0x00, 0x00, 
0x00, 0x00, 0x00, 0x00, 
0x00, 0x00, 0x00, 0x00, 
0x00, 0x00, 0x00, 0x00, 
0x00, 0x00, 0x00, 0x00, 
0x00, 0x00, 0x00, 0x00, 
0x00, 0x00, 0x00, 0x00, 
0x00, 0x00, 0x00, 0x00, 
0x00, 0x00, 0x00, 0x00, 
0x00, 0x00, 0x00, 0x00, 
0x00, 0x00, 0x00, 0x00, 
0x00, 0x00, 0x00, 0x00, 
0x00, 0x00, 0x00, 0x00, 
0x00, 0x00, 0x00, 0x00, 
0x00, 0x00, 0x00, 0x00, 
0x00, 0x00, 0x00, 0x00, 
0x00, 0x00, 0x00, 0x00, 
0x00, 0x00, 0x00, 0x00, 
0x00, 0x00, 0x00, 0x00, 
0x00, 0x00, 0x00, 0x00, 
0x00, 0x00, 0x00, 0x00, 
0x00, 0x00, 0x00, 0x00, 
0x00, 0x00, 0x00, 0x00, 
0x00, 0x00, 0x00, 0x00, 
0x00, 0x00, 0x00, 0x00, 
0x00, 0x00, 0x00, 0x00, 
0x00, 0x00, 0x00, 0x00, 
0x00, 0x00, 0x00, 0x00, 
0x00, 0x00, 0x00, 0x00, 
0x00, 0x00, 0x00, 0x00, 
0x00, 0x00, 0x00, 0x00, 
0x00, 0x00, 0x00, 0x00, 
0x00, 0x00, 0x00, 0x00, 
0x00, 0x00, 0x00, 0x00, 
0x00, 0x00, 0x00, 0x00, 
0x00, 0x00, 0x00, 0x00, 
0x00, 0x00, 0x00, 0x00, 
0x00, 0x00, 0x00, 0x00, 
0x00, 0x00, 0x00, 0x00, 
0x00, 0x00, 0x00, 0x00, 
0x00, 0x00, 0x00, 0x00, 
0x00, 0x00, 0x00, 0x00, 
0x00, 0x00, 0x00, 0x00, 
0x00, 0x00, 0x00, 0x00, 
0x00, 0x00, 0x00, 0x00, 
0x00, 0x00, 0x00, 0x00, 
0x00, 0x00, 0x00, 0x00, 
0x00, 0x00, 0x00, 0x00, 
0x00, 0x00, 0x00, 0x00, 
0x00, 0x00, 0x00, 0x00, 
0x00, 0x00, 0x00, 0x00, 
0x00, 0x00, 0x00, 0x00, 
0x00, 0x00, 0x00, 0x00, 
0x00, 0x00, 0x00, 0x00, 
0x00, 0x00, 0x00, 0x00, 
0x00, 0x00, 0x00, 0x00, 
0x00, 0x00, 0x00, 0x00, 
0x00, 0x00, 0x00, 0x00, 
0x00, 0x00, 0x00, 0x00, 
0x00, 0x00, 0x00, 0x00, 
0x00, 0x00, 0x00, 0x00, 
0x00, 0x00, 0x00, 0x00, 
0x00, 0x00, 0x00, 0x00, 
0x00, 0x00, 0x00, 0x00, 
0x00, 0x00, 0x00, 0x00, 
0x00, 0x00, 0x00, 0x00, 
0x00, 0x00, 0x00, 0x00, 
0x00, 0x00, 0x00, 0x00, 
0x00, 0x00, 0x00, 0x00, 
0x00, 0x00, 0x00, 0x00, 
0x00, 0x00, 0x00, 0x00, 
0x00, 0x00, 0x00, 0x00, 
0x00, 0x00, 0x00, 0x00, 
0x00, 0x00, 0x00, 0x00, 
0x00, 0x00, 0x00, 0x00, 
0x00, 0x00, 0x00, 0x00, 
0x00, 0x00, 0x00, 0x00, 
0x00, 0x00, 0x00, 0x00, 
0x00, 0x00, 0x00, 0x00, 
0x00, 0x00, 0x00, 0x00, 
0x00, 0x00, 0x00, 0x00, 
0x00, 0x00, 0x00, 0x00, 
0x00, 0x00, 0x00, 0x00, 
0x00, 0x00, 0x00, 0x00, 
0x00, 0x00, 0x00, 0x00, 
0x00, 0x00, 0x00, 0x00, 
0x00, 0x00, 0x00, 0x00, 
0x00, 0x00, 0x00, 0x00, 
0x00, 0x00, 0x00, 0x00, 
0x00, 0x00, 0x00, 0x00, 
0x00, 0x00, 0x00, 0x00, 
0x00, 0x00, 0x00, 0x00, 
0x00, 0x00, 0x00, 0x00, 
0x00, 0x00, 0x00, 0x00, 
0x00, 0x00, 0x00, 0x00, 
0x00, 0x00, 0x00, 0x00, 
0x00, 0x00, 0x00, 0x00, 
0x00, 0x00, 0x00, 0x00, 
0x00, 0x00, 0x00, 0x00, 
0x00, 0x00, 0x00, 0x00, 
0x00, 0x00, 0x00, 0x00, 
0x00, 0x00, 0x00, 0x00, 
0x00, 0x00, 0x00, 0x00, 
0x00, 0x00, 0x00, 0x00, 
0x00, 0x00, 0x00, 0x00, 
0x00, 0x00, 0x00, 0x00, 
0x00, 0x00, 0x00, 0x00, 
0x00, 0x00, 0x00, 0x00, 
0x00, 0x00, 0x00, 0x00, 
0x00, 0x00, 0x00, 0x00, 
0x00, 0x00, 0x00, 0x00, 
0x00, 0x00, 0x00, 0x00, 
0x00, 0x00, 0x00, 0x00, 
0x00, 0x00, 0x00, 0x00, 
0x00, 0x00, 0x00, 0x00, 
0x00, 0x00, 0x00, 0x00, 
0x00, 0x00, 0x00, 0x00, 
0x00, 0x00, 0x00, 0x00, 
0x00, 0x00, 0x00, 0x00, 
0x00, 0x00, 0x00, 0x00, 
0x00, 0x00, 0x00, 0x00, 
0x00, 0x00, 0x00, 0x00, 
0x00, 0x00, 0x00, 0x00, 
0x00, 0x00, 0x00, 0x00, 
0x00, 0x00, 0x00, 0x00, 
0x00, 0x00, 0x00, 0x00, 
0x00, 0x00, 0x00, 0x00, 
0x00, 0x00, 0x00, 0x00, 
0x00, 0x00, 0x00, 0x00, 
0x00, 0x00, 0x00, 0x00, 
0x00, 0x00, 0x00, 0x00, 
0x00, 0x00, 0x00, 0x00, 
0x00, 0x00, 0x00, 0x00, 
0x00, 0x00, 0x00, 0x00, 
0x00, 0x00, 0x00, 0x00, 
0x00, 0x00, 0x00, 0x00, 
0x00, 0x00, 0x00, 0x00, 
0x00, 0x00, 0x00, 0x00, 
0x00, 0x00, 0x00, 0x00, 
0x00, 0x00, 0x00, 0x00, 
0x00, 0x00, 0x00, 0x00, 
0x00, 0x00, 0x00, 0x00, 
0x00, 0x00, 0x00, 0x00, 
0x00, 0x00, 0x00, 0x00, 
0x00, 0x00, 0x00, 0x00, 
0x00, 0x00, 0x00, 0x00, 
0x00, 0x00, 0x00, 0x00, 
0x00, 0x00, 0x00, 0x00, 
0x00, 0x00, 0x00, 0x00, 
0x00, 0x00, 0x00, 0x00, 
0x00, 0x00, 0x00, 0x00, 
0x00, 0x00, 0x00, 0x00, 
0x00, 0x00, 0x00, 0x00, 
0x00, 0x00, 0x00, 0x00, 
0x00, 0x00, 0x00, 0x00, 
0x00, 0x00, 0x00, 0x00, 
0x00, 0x00, 0x00, 0x00, 
0x00, 0x00, 0x00, 0x00, 
0x00, 0x00, 0x00, 0x00, 
0x00, 0x00, 0x00, 0x00, 
0x00, 0x00, 0x00, 0x00, 
0x00, 0x00, 0x00, 0x00, 
0x00, 0x00, 0x00, 0x00, 
0x00, 0x00, 0x00, 0x00, 
0x00, 0x00, 0x00, 0x00, 
0x00, 0x00, 0x00, 0x00, 
0x00, 0x00, 0x00, 0x00, 
0x00, 0x00, 0x00, 0x00, 
0x00, 0x00, 0x00, 0x00, 
0x00, 0x00, 0x00, 0x00, 
0x00, 0x00, 0x00, 0x00, 
0x00, 0x00, 0x00, 0x00, 
0x00, 0x00, 0x00, 0x00, 
0x00, 0x00, 0x00, 0x00, 
0x00, 0x00, 0x00, 0x00, 
0x00, 0x00, 0x00, 0x00, 
0x00, 0x00, 0x00, 0x00, 
0x00, 0x00, 0x00, 0x00, 
0x00, 0x00, 0x00, 0x00, 
0x00, 0x00, 0x00, 0x00, 
0x00, 0x00, 0x00, 0x00, 
0x00, 0x00, 0x00, 0x00, 
0x00, 0x00, 0x00, 0x00, 
0x00, 0x00, 0x00, 0x00, 
0x00, 0x00, 0x00, 0x00, 
0x00, 0x00, 0x00, 0x00, 
0x00, 0x00, 0x00, 0x00, 
0x00, 0x00, 0x00, 0x00, 
0x00, 0x00, 0x00, 0x00, 
0x00, 0x00, 0x00, 0x00, 
0x00, 0x00, 0x00, 0x00, 
0x00, 0x00, 0x00, 0x00, 
0x00, 0x00, 0x00, 0x00, 
0x00, 0x00, 0x00, 0x00, 
0x00, 0x00, 0x00, 0x00, 
0x00, 0x00, 0x00, 0x00, 
0x00, 0x00, 0x00, 0x00, 
0x00, 0x00, 0x00, 0x00, 
0x00, 0x00, 0x00, 0x00, 
0x00, 0x00, 0x00, 0x00, 
0x00, 0x00, 0x00, 0x00, 
0x00, 0x00, 0x00, 0x00, 
0x00, 0x00, 0x00, 0x00, 
0x00, 0x00, 0x00, 0x00, 
0x00, 0x00, 0x00, 0x00, 
0x00, 0x00, 0x00, 0x00, 
0x00, 0x00, 0x00, 0x00, 
0x00, 0x00, 0x00, 0x00, 
0x00, 0x00, 0x00, 0x00, 
0x00, 0x00, 0x00, 0x00, 
0x00, 0x00, 0x00, 0x00, 
0x00, 0x00, 0x00, 0x00, 
0x00, 0x00, 0x00, 0x00, 
0x00, 0x00, 0x00, 0x00, 
0x00, 0x00, 0x00, 0x00, 
0x00, 0x00, 0x00, 0x00, 
0x00, 0x00, 0x00, 0x00, 
0x00, 0x00, 0x00, 0x00, 
0x00, 0x00, 0x00, 0x00, 
0x00, 0x00, 0x00, 0x00, 
0x00, 0x00, 0x00, 0x00, 
0x00, 0x00, 0x00, 0x00, 
0x00, 0x00, 0x00, 0x00, 
0x00, 0x00, 0x00, 0x00, 
0x00, 0x00, 0x00, 0x00, 
0x00, 0x00, 0x00, 0x00, 
0x00, 0x00, 0x00, 0x00, 
0x00, 0x00, 0x00, 0x00, 
0x00, 0x00, 0x00, 0x00, 
0x00, 0x00, 0x00, 0x00, 
0x00, 0x00, 0x00, 0x00, 
0x00, 0x00, 0x00, 0x00, 
0x00, 0x00, 0x00, 0x00, 
0x00, 0x00, 0x00, 0x00, 
0x00, 0x00, 0x00, 0x00, 
0x00, 0x00, 0x00, 0x00, 
0x00, 0x00, 0x00, 0x00, 
0x00, 0x00, 0x00, 0x00, 
0x00, 0x00, 0x00, 0x00, 
0x00, 0x00, 0x00, 0x00, 
0x00, 0x00, 0x00, 0x00, 
0x00, 0x00, 0x00, 0x00, 
0x00, 0x00, 0x00, 0x00, 
0x00, 0x00, 0x00, 0x00, 
0x00, 0x00, 0x00, 0x00, 
0x00, 0x00, 0x00, 0x00, 
0x00, 0x00, 0x00, 0x00, 
0x00, 0x00, 0x00, 0x00, 
0x00, 0x00, 0x00, 0x00, 
0x00, 0x00, 0x00, 0x00, 
0x00, 0x00, 0x00, 0x00, 
0x00, 0x00, 0x00, 0x00, 
0x00, 0x00, 0x00, 0x00, 
0x00, 0x00, 0x00, 0x00, 
0x00, 0x00, 0x00, 0x00, 
0x00, 0x00, 0x00, 0x00, 
0x00, 0x00, 0x00, 0x00, 
0x00, 0x00, 0x00, 0x00, 
0x00, 0x00, 0x00, 0x00, 
0x00, 0x00, 0x00, 0x00, 
0x00, 0x00, 0x00, 0x00, 
0x00, 0x00, 0x00, 0x00, 
0x00, 0x00, 0x00, 0x00, 
0x00, 0x00, 0x00, 0x00, 
0x00, 0x00, 0x00, 0x00, 
0x00, 0x00, 0x00, 0x00, 
0x00, 0x00, 0x00, 0x00, 
0x00, 0x00, 0x00, 0x00, 
0x00, 0x00, 0x00, 0x00, 
0x00, 0x00, 0x00, 0x00, 
0x00, 0x00, 0x00, 0x00, 
0x00, 0x00, 0x00, 0x00, 
0x00, 0x00, 0x00, 0x00, 
0x00, 0x00, 0x00, 0x00, 
0x00, 0x00, 0x00, 0x00, 
0x00, 0x00, 0x00, 0x00, 
0x00, 0x00, 0x00, 0x00, 
0x00, 0x00, 0x00, 0x00, 
0x00, 0x00, 0x00, 0x00, 
0x00, 0x00, 0x00, 0x00, 
0x00, 0x00, 0x00, 0x00, 
0x00, 0x00, 0x00, 0x00, 
0x00, 0x00, 0x00, 0x00, 
0x00, 0x00, 0x00, 0x00, 
0x00, 0x00, 0x00, 0x00, 
0x00, 0x00, 0x00, 0x00, 
0x00, 0x00, 0x00, 0x00, 
0x00, 0x00, 0x00, 0x00, 
0x00, 0x00, 0x00, 0x00, 
0x00, 0x00, 0x00, 0x00, 
0x00, 0x00, 0x00, 0x00, 
0x00, 0x00, 0x00, 0x00, 
0x00, 0x00, 0x00, 0x00, 
0x00, 0x00, 0x00, 0x00, 
0x00, 0x00, 0x00, 0x00, 
0x00, 0x00, 0x00, 0x00, 
0x00, 0x00, 0x00, 0x00, 
0x00, 0x00, 0x00, 0x00, 
0x00, 0x00, 0x00, 0x00, 
0x00, 0x00, 0x00, 0x00, 
0x00, 0x00, 0x00, 0x00, 
0x00, 0x00, 0x00, 0x00, 
0x00, 0x00, 0x00, 0x00, 
0x00, 0x00, 0x00, 0x00, 
0x00, 0x00, 0x00, 0x00, 
0x00, 0x00, 0x00, 0x00, 
0x00, 0x00, 0x00, 0x00, 
0x00, 0x00, 0x00, 0x00, 
0x00, 0x00, 0x00, 0x00, 
0x00, 0x00, 0x00, 0x00, 
0x00, 0x00, 0x00, 0x00, 
0x00, 0x00, 0x00, 0x00, 
0x00, 0x00, 0x00, 0x00, 
0x00, 0x00, 0x00, 0x00, 
0x00, 0x00, 0x00, 0x00, 
0x00, 0x00, 0x00, 0x00, 
0x00, 0x00, 0x00, 0x00, 
0x00, 0x00, 0x00, 0x00, 
0x00, 0x00, 0x00, 0x00, 
0x00, 0x00, 0x00, 0x00, 
0x00, 0x00, 0x00, 0x00, 
0x00, 0x00, 0x00, 0x00, 
0x00, 0x00, 0x00, 0x00, 
0x00, 0x00, 0x00, 0x00, 
0x00, 0x00, 0x00, 0x00, 
0x00, 0x00, 0x00, 0x00, 
0x00, 0x00, 0x00, 0x00, 
0x00, 0x00, 0x00, 0x00, 
0x00, 0x00, 0x00, 0x00, 
0x00, 0x00, 0x00, 0x00, 
0x00, 0x00, 0x00, 0x00, 
0x00, 0x00, 0x00, 0x00, 
0x00, 0x00, 0x00, 0x00, 
0x00, 0x00, 0x00, 0x00, 
0x00, 0x00, 0x00, 0x00, 
0x00, 0x00, 0x00, 0x00, 
0x00, 0x00, 0x00, 0x00, 
0x00, 0x00, 0x00, 0x00, 
0x00, 0x00, 0x00, 0x00, 
0x00, 0x00, 0x00, 0x00, 
0x00, 0x00, 0x00, 0x00, 
0x00, 0x00, 0x00, 0x00, 
0x00, 0x00, 0x00, 0x00, 
0x00, 0x00, 0x00, 0x00, 
0x00, 0x00, 0x00, 0x00, 
0x00, 0x00, 0x00, 0x00, 
0x00, 0x00, 0x00, 0x00, 
0x00, 0x00, 0x00, 0x00, 
0x00, 0x00, 0x00, 0x00, 
0x00, 0x00, 0x00, 0x00, 
0x00, 0x00, 0x00, 0x00, 
0x00, 0x00, 0x00, 0x00, 
0x00, 0x00, 0x00, 0x00, 
0x00, 0x00, 0x00, 0x00, 
0x00, 0x00, 0x00, 0x00, 
0x00, 0x00, 0x00, 0x00, 
0x00, 0x00, 0x00, 0x00, 
0x00, 0x00, 0x00, 0x00, 
0x00, 0x00, 0x00, 0x00, 
0x00, 0x00, 0x00, 0x00, 
0x00, 0x00, 0x00, 0x00, 
0x00, 0x00, 0x00, 0x00, 
0x00, 0x00, 0x00, 0x00, 
0x00, 0x00, 0x00, 0x00, 
0x00, 0x00, 0x00, 0x00, 
0x00, 0x00, 0x00, 0x00, 
0x00, 0x00, 0x00, 0x00, 
0x00, 0x00, 0x00, 0x00, 
0x00, 0x00, 0x00, 0x00, 
0x00, 0x00, 0x00, 0x00, 
0x00, 0x00, 0x00, 0x00, 
0x00, 0x00, 0x00, 0x00, 
0x00, 0x00, 0x00, 0x00, 
0x00, 0x00, 0x00, 0x00, 
0x00, 0x00, 0x00, 0x00, 
0x00, 0x00, 0x00, 0x00, 
0x00, 0x00, 0x00, 0x00, 
0x00, 0x00, 0x00, 0x00, 
0x00, 0x00, 0x00, 0x00, 
0x00, 0x00, 0x00, 0x00, 
0x00, 0x00, 0x00, 0x00, 
0x00, 0x00, 0x00, 0x00, 
0x00, 0x00, 0x00, 0x00, 
0x00, 0x00, 0x00, 0x00, 
0x00, 0x00, 0x00, 0x00, 
0x00, 0x00, 0x00, 0x00, 
0x00, 0x00, 0x00, 0x00, 
0x00, 0x00, 0x00, 0x00, 
0x00, 0x00, 0x00, 0x00, 
0x00, 0x00, 0x00, 0x00, 
0x00, 0x00, 0x00, 0x00, 
0x00, 0x00, 0x00, 0x00, 
0x00, 0x00, 0x00, 0x00, 
0x00, 0x00, 0x00, 0x00, 
0x00, 0x00, 0x00, 0x00, 
0x00, 0x00, 0x00, 0x00, 
0x00, 0x00, 0x00, 0x00, 
0x00, 0x00, 0x00, 0x00, 
0x00, 0x00, 0x00, 0x00, 
0x00, 0x00, 0x00, 0x00, 
0x00, 0x00, 0x00, 0x00, 
0x00, 0x00, 0x00, 0x00, 
0x00, 0x00, 0x00, 0x00, 
0x00, 0x00, 0x00, 0x00, 
0x00, 0x00, 0x00, 0x00, 
0x00, 0x00, 0x00, 0x00, 
0x00, 0x00, 0x00, 0x00, 
0x00, 0x00, 0x00, 0x00, 
0x00, 0x00, 0x00, 0x00, 
0x00, 0x00, 0x00, 0x00, 
0x00, 0x00, 0x00, 0x00, 
0x00, 0x00, 0x00, 0x00, 
0x00, 0x00, 0x00, 0x00, 
0x00, 0x00, 0x00, 0x00, 
0x00, 0x00, 0x00, 0x00, 
0x00, 0x00, 0x00, 0x00, 
0x00, 0x00, 0x00, 0x00, 
0x00, 0x00, 0x00, 0x00, 
0x00, 0x00, 0x00, 0x00, 
0x00, 0x00, 0x00, 0x00, 
0x00, 0x00, 0x00, 0x00, 
0x00, 0x00, 0x00, 0x00, 
0x00, 0x00, 0x00, 0x00, 
0x00, 0x00, 0x00, 0x00, 
0x00, 0x00, 0x00, 0x00, 
0x00, 0x00, 0x00, 0x00, 
0x00, 0x00, 0x00, 0x00, 
0x00, 0x00, 0x00, 0x00, 
0x00, 0x00, 0x00, 0x00, 
0x00, 0x00, 0x00, 0x00, 
0x00, 0x00, 0x00, 0x00, 
0x00, 0x00, 0x00, 0x00, 
0x00, 0x00, 0x00, 0x00, 
0x00, 0x00, 0x00, 0x00, 
0x00, 0x00, 0x00, 0x00, 
0x00, 0x00, 0x00, 0x00, 
0x00, 0x00, 0x00, 0x00, 
0x00, 0x00, 0x00, 0x00, 
0x00, 0x00, 0x00, 0x00, 
0x00, 0x00, 0x00, 0x00, 
0x00, 0x00, 0x00, 0x00, 
0x00, 0x00, 0x00, 0x00, 
0x00, 0x00, 0x00, 0x00, 
0x00, 0x00, 0x00, 0x00, 
0x00, 0x00, 0x00, 0x00, 
0x00, 0x00, 0x00, 0x00, 
0x00, 0x00, 0x00, 0x00, 
0x00, 0x00, 0x00, 0x00, 
0x00, 0x00, 0x00, 0x00, 
0x00, 0x00, 0x00, 0x00, 
0x00, 0x00, 0x00, 0x00, 
0x00, 0x00, 0x00, 0x00, 
0x00, 0x00, 0x00, 0x00, 
0x00, 0x00, 0x00, 0x00, 
0x00, 0x00, 0x00, 0x00, 
0x00, 0x00, 0x00, 0x00, 
0x00, 0x00, 0x00, 0x00, 
0x00, 0x00, 0x00, 0x00, 
0x00, 0x00, 0x00, 0x00, 
0x00, 0x00, 0x00, 0x00, 
0x00, 0x00, 0x00, 0x00, 
0x00, 0x00, 0x00, 0x00, 
0x00, 0x00, 0x00, 0x00, 
0x00, 0x00, 0x00, 0x00, 
0x00, 0x00, 0x00, 0x00, 
0x00, 0x00, 0x00, 0x00, 
0x00, 0x00, 0x00, 0x00, 
0x00, 0x00, 0x00, 0x00, 
0x00, 0x00, 0x00, 0x00, 
0x00, 0x00, 0x00, 0x00, 
0x00, 0x00, 0x00, 0x00, 
0x00, 0x00, 0x00, 0x00, 
0x00, 0x00, 0x00, 0x00, 
0x00, 0x00, 0x00, 0x00, 
0x00, 0x00, 0x00, 0x00, 
0x00, 0x00, 0x00, 0x00, 
0x00, 0x00, 0x00, 0x00, 
0x00, 0x00, 0x00, 0x00, 
0x00, 0x00, 0x00, 0x00, 
0x00, 0x00, 0x00, 0x00, 
0x00, 0x00, 0x00, 0x00, 
0x00, 0x00, 0x00, 0x00, 
0x00, 0x00, 0x00, 0x00, 
0x00, 0x00, 0x00, 0x00, 
0x00, 0x00, 0x00, 0x00, 
0x00, 0x00, 0x00, 0x00, 
0x00, 0x00, 0x00, 0x00, 
0x00, 0x00, 0x00, 0x00, 
0x00, 0x00, 0x00, 0x00, 
0x00, 0x00, 0x00, 0x00, 
0x00, 0x00, 0x00, 0x00, 
0x00, 0x00, 0x00, 0x00, 
0x00, 0x00, 0x00, 0x00, 
0x00, 0x00, 0x00, 0x00, 
0x00, 0x00, 0x00, 0x00, 
0x00, 0x00, 0x00, 0x00, 
0x00, 0x00, 0x00, 0x00, 
0x00, 0x00, 0x00, 0x00, 
0x00, 0x00, 0x00, 0x00, 
0x00, 0x00, 0x00, 0x00, 
0x00, 0x00, 0x00, 0x00, 
0x00, 0x00, 0x00, 0x00, 
0x00, 0x00, 0x00, 0x00, 
0x00, 0x00, 0x00, 0x00, 
0x00, 0x00, 0x00, 0x00, 
0x00, 0x00, 0x00, 0x00, 
0x00, 0x00, 0x00, 0x00, 
0x00, 0x00, 0x00, 0x00, 
0x00, 0x00, 0x00, 0x00, 
0x00, 0x00, 0x00, 0x00, 
0x00, 0x00, 0x00, 0x00, 
0x00, 0x00, 0x00, 0x00, 
0x00, 0x00, 0x00, 0x00, 
0x00, 0x00, 0x00, 0x00, 
0x00, 0x00, 0x00, 0x00, 
0x00, 0x00, 0x00, 0x00, 
0x00, 0x00, 0x00, 0x00, 
0x00, 0x00, 0x00, 0x00, 
0x00, 0x00, 0x00, 0x00, 
0x00, 0x00, 0x00, 0x00, 
0x00, 0x00, 0x00, 0x00, 
0x00, 0x00, 0x00, 0x00, 
0x00, 0x00, 0x00, 0x00, 
0x00, 0x00, 0x00, 0x00, 
0x00, 0x00, 0x00, 0x00, 
0x00, 0x00, 0x00, 0x00, 
0x00, 0x00, 0x00, 0x00, 
0x00, 0x00, 0x00, 0x00, 
0x00, 0x00, 0x00, 0x00, 
0x00, 0x00, 0x00, 0x00, 
0x00, 0x00, 0x00, 0x00, 
0x00, 0x00, 0x00, 0x00, 
0x00, 0x00, 0x00, 0x00, 
0x00, 0x00, 0x00, 0x00, 
0x00, 0x00, 0x00, 0x00, 
0x00, 0x00, 0x00, 0x00, 
0x00, 0x00, 0x00, 0x00, 
0x00, 0x00, 0x00, 0x00, 
0x00, 0x00, 0x00, 0x00, 
0x00, 0x00, 0x00, 0x00, 
0x00, 0x00, 0x00, 0x00, 
0x00, 0x00, 0x00, 0x00, 
0x00, 0x00, 0x00, 0x00, 
0x00, 0x00, 0x00, 0x00, 
0x00, 0x00, 0x00, 0x00, 
0x00, 0x00, 0x00, 0x00, 
0x00, 0x00, 0x00, 0x00, 
0x00, 0x00, 0x00, 0x00, 
0x00, 0x00, 0x00, 0x00, 
0x00, 0x00, 0x00, 0x00, 
0x00, 0x00, 0x00, 0x00, 
0x00, 0x00, 0x00, 0x00, 
0x00, 0x00, 0x00, 0x00, 
0x00, 0x00, 0x00, 0x00, 
0x00, 0x00, 0x00, 0x00, 
0x00, 0x00, 0x00, 0x00, 
0x00, 0x00, 0x00, 0x00, 
0x00, 0x00, 0x00, 0x00, 
0x00, 0x00, 0x00, 0x00, 
0x00, 0x00, 0x00, 0x00, 
0x00, 0x00, 0x00, 0x00, 
0x00, 0x00, 0x00, 0x00, 
0x00, 0x00, 0x00, 0x00, 
0x00, 0x00, 0x00, 0x00, 
0x00, 0x00, 0x00, 0x00, 
0x00, 0x00, 0x00, 0x00, 
0x00, 0x00, 0x00, 0x00, 
0x00, 0x00, 0x00, 0x00, 
0x00, 0x00, 0x00, 0x00, 
0x00, 0x00, 0x00, 0x00, 
0x00, 0x00, 0x00, 0x00, 
0x00, 0x00, 0x00, 0x00, 
0x00, 0x00, 0x00, 0x00, 
0x00, 0x00, 0x00, 0x00, 
0x00, 0x00, 0x00, 0x00, 
0x00, 0x00, 0x00, 0x00, 
0x00, 0x00, 0x00, 0x00, 
0x00, 0x00, 0x00, 0x00, 
0x00, 0x00, 0x00, 0x00, 
0x00, 0x00, 0x00, 0x00, 
0x00, 0x00, 0x00, 0x00, 
0x00, 0x00, 0x00, 0x00, 
0x00, 0x00, 0x00, 0x00, 
0x00, 0x00, 0x00, 0x00, 
0x00, 0x00, 0x00, 0x00, 
0x00, 0x00, 0x00, 0x00, 
0x00, 0x00, 0x00, 0x00, 
0x00, 0x00, 0x00, 0x00, 
0x00, 0x00, 0x00, 0x00, 
0x00, 0x00, 0x00, 0x00, 
0x00, 0x00, 0x00, 0x00, 
0x00, 0x00, 0x00, 0x00, 
0x00, 0x00, 0x00, 0x00, 
0x00, 0x00, 0x00, 0x00, 
0x00, 0x00, 0x00, 0x00, 
0x00, 0x00, 0x00, 0x00, 
0x00, 0x00, 0x00, 0x00, 
0x00, 0x00, 0x00, 0x00, 
0x00, 0x00, 0x00, 0x00, 
0x00, 0x00, 0x00, 0x00, 
0x00, 0x00, 0x00, 0x00, 
0x00, 0x00, 0x00, 0x00, 
0x00, 0x00, 0x00, 0x00, 
0x00, 0x00, 0x00, 0x00, 
0x00, 0x00, 0x00, 0x00, 
0x00, 0x00, 0x00, 0x00, 
0x00, 0x00, 0x00, 0x00, 
0x00, 0x00, 0x00, 0x00, 
0x00, 0x00, 0x00, 0x00, 
0x00, 0x00, 0x00, 0x00, 
0x00, 0x00, 0x00, 0x00, 
0x00, 0x00, 0x00, 0x00, 
0x00, 0x00, 0x00, 0x00, 
0x00, 0x00, 0x00, 0x00, 
0x00, 0x00, 0x00, 0x00, 
0x00, 0x00, 0x00, 0x00, 
0x00, 0x00, 0x00, 0x00, 
0x00, 0x00, 0x00, 0x00, 
0x00, 0x00, 0x00, 0x00, 
0x00, 0x00, 0x00, 0x00, 
0x00, 0x00, 0x00, 0x00, 
0x00, 0x00, 0x00, 0x00, 
0x00, 0x00, 0x00, 0x00, 
0x00, 0x00, 0x00, 0x00, 
0x00, 0x00, 0x00, 0x00, 
0x00, 0x00, 0x00, 0x00, 
0x00, 0x00, 0x00, 0x00, 
0x00, 0x00, 0x00, 0x00, 
0x00, 0x00, 0x00, 0x00, 
0x00, 0x00, 0x00, 0x00, 
0x00, 0x00, 0x00, 0x00, 
0x00, 0x00, 0x00, 0x00, 
0x00, 0x00, 0x00, 0x00, 
0x00, 0x00, 0x00, 0x00, 
0x00, 0x00, 0x00, 0x00, 
0x00, 0x00, 0x00, 0x00, 
0x00, 0x00, 0x00, 0x00, 
0x00, 0x00, 0x00, 0x00, 
0x00, 0x00, 0x00, 0x00, 
0x00, 0x00, 0x00, 0x00, 
0x00, 0x00, 0x00, 0x00, 
0x00, 0x00, 0x00, 0x00, 
0x00, 0x00, 0x00, 0x00, 
0x00, 0x00, 0x00, 0x00, 
0x00, 0x00, 0x00, 0x00, 
0x00, 0x00, 0x00, 0x00, 
0x00, 0x00, 0x00, 0x00, 
0x00, 0x00, 0x00, 0x00, 
0x00, 0x00, 0x00, 0x00, 
0x00, 0x00, 0x00, 0x00, 
0x00, 0x00, 0x00, 0x00, 
0x00, 0x00, 0x00, 0x00, 
0x00, 0x00, 0x00, 0x00, 
0x00, 0x00, 0x00, 0x00, 
0x00, 0x00, 0x00, 0x00, 
0x00, 0x00, 0x00, 0x00, 
0x00, 0x00, 0x00, 0x00, 
0x00, 0x00, 0x00, 0x00, 
0x00, 0x00, 0x00, 0x00, 
0x00, 0x00, 0x00, 0x00, 
0x00, 0x00, 0x00, 0x00, 
0x00, 0x00, 0x00, 0x00, 
0x00, 0x00, 0x00, 0x00, 
0x00, 0x00, 0x00, 0x00, 
0x00, 0x00, 0x00, 0x00, 
0x00, 0x00, 0x00, 0x00, 
0x00, 0x00, 0x00, 0x00, 
0x00, 0x00, 0x00, 0x00, 
0x00, 0x00, 0x00, 0x00, 
0x00, 0x00, 0x00, 0x00, 
0x00, 0x00, 0x00, 0x00, 
0x00, 0x00, 0x00, 0x00, 
0x00, 0x00, 0x00, 0x00, 
0x00, 0x00, 0x00, 0x00, 
0x00, 0x00, 0x00, 0x00, 
0x00, 0x00, 0x00, 0x00, 
0x00, 0x00, 0x00, 0x00, 
0x00, 0x00, 0x00, 0x00, 
0x00, 0x00, 0x00, 0x00, 
0x00, 0x00, 0x00, 0x00, 
0x00, 0x00, 0x00, 0x00, 
0x00, 0x00, 0x00, 0x00, 
0x00, 0x00, 0x00, 0x00, 
0x00, 0x00, 0x00, 0x00, 
0x00, 0x00, 0x00, 0x00, 
0x00, 0x00, 0x00, 0x00, 
0x00, 0x00, 0x00, 0x00, 
0x00, 0x00, 0x00, 0x00, 
0x00, 0x00, 0x00, 0x00, 
0x00, 0x00, 0x00, 0x00, 
0x00, 0x00, 0x00, 0x00, 
0x00, 0x00, 0x00, 0x00, 
0x00, 0x00, 0x00, 0x00, 
0x00, 0x00, 0x00, 0x00, 
0x00, 0x00, 0x00, 0x00, 
0x00, 0x00, 0x00, 0x00, 
0x00, 0x00, 0x00, 0x00, 
0x00, 0x00, 0x00, 0x00, 
0x00, 0x00, 0x00, 0x00, 
0x00, 0x00, 0x00, 0x00, 
0x00, 0x00, 0x00, 0x00, 
0x00, 0x00, 0x00, 0x00, 
0x00, 0x00, 0x00, 0x00, 
0x00, 0x00, 0x00, 0x00, 
0x00, 0x00, 0x00, 0x00, 
0x00, 0x00, 0x00, 0x00, 
0x00, 0x00, 0x00, 0x00, 
0x00, 0x00, 0x00, 0x00, 
0x00, 0x00, 0x00, 0x00, 
0x00, 0x00, 0x00, 0x00, 
0x00, 0x00, 0x00, 0x00, 
0x00, 0x00, 0x00, 0x00, 
0x00, 0x00, 0x00, 0x00, 
0x00, 0x00, 0x00, 0x00, 
0x00, 0x00, 0x00, 0x00, 
0x00, 0x00, 0x00, 0x00, 
0x00, 0x00, 0x00, 0x00, 
0x00, 0x00, 0x00, 0x00, 
0x00, 0x00, 0x00, 0x00, 
0x00, 0x00, 0x00, 0x00, 
0x00, 0x00, 0x00, 0x00, 
0x00, 0x00, 0x00, 0x00, 
0x00, 0x00, 0x00, 0x00, 
0x00, 0x00, 0x00, 0x00, 
0x00, 0x00, 0x00, 0x00, 
0x00, 0x00, 0x00, 0x00, 
0x00, 0x00, 0x00, 0x00, 
0x00, 0x00, 0x00, 0x00, 
0x00, 0x00, 0x00, 0x00, 
0x00, 0x00, 0x00, 0x00, 
0x00, 0x00, 0x00, 0x00, 
0x00, 0x00, 0x00, 0x00, 
0x00, 0x00, 0x00, 0x00, 
0x00, 0x00, 0x00, 0x00, 
0x00, 0x00, 0x00, 0x00, 
0x00, 0x00, 0x00, 0x00, 
0x00, 0x00, 0x00, 0x00, 
0x00, 0x00, 0x00, 0x00, 
0x00, 0x00, 0x00, 0x00, 
0x00, 0x00, 0x00, 0x00, 
0x00, 0x00, 0x00, 0x00, 
0x00, 0x00, 0x00, 0x00, 
0x00, 0x00, 0x00, 0x00, 
0x00, 0x00, 0x00, 0x00, 
0x00, 0x00, 0x00, 0x00, 
0x00, 0x00, 0x00, 0x00, 
0x00, 0x00, 0x00, 0x00, 
0x00, 0x00, 0x00, 0x00, 
0x00, 0x00, 0x00, 0x00, 
0x00, 0x00, 0x00, 0x00, 
0x00, 0x00, 0x00, 0x00, 
0x00, 0x00, 0x00, 0x00, 
0x00, 0x00, 0x00, 0x00, 
0x00, 0x00, 0x00, 0x00, 
0x00, 0x00, 0x00, 0x00, 
0x00, 0x00, 0x00, 0x00, 
0x00, 0x00, 0x00, 0x00, 
0x00, 0x00, 0x00, 0x00, 
0x00, 0x00, 0x00, 0x00, 
0x00, 0x00, 0x00, 0x00, 
0x00, 0x00, 0x00, 0x00, 
0x00, 0x00, 0x00, 0x00, 
0x00, 0x00, 0x00, 0x00, 
0x00, 0x00, 0x00, 0x00, 
0x00, 0x00, 0x00, 0x00, 
0x00, 0x00, 0x00, 0x00, 
0x00, 0x00, 0x00, 0x00, 
0x00, 0x00, 0x00, 0x00, 
0x00, 0x00, 0x00, 0x00, 
0x00, 0x00, 0x00, 0x00, 
0x00, 0x00, 0x00, 0x00, 
0x00, 0x00, 0x00, 0x00, 
};

/* DSP Program Data */
#define PROGRAM_DATA_SIZE_ADAU145XSCHEMATIC_0 10144
#define PROGRAM_DATA_ADDR_ADAU145XSCHEMATIC_0 49152
ADI_REG_TYPE PROGRAM_DATA_ADAU145XSCHEMATIC_0_Data[PROGRAM_DATA_SIZE_ADAU145XSCHEMATIC_0] = {
0x00, 0x00, 0x00, 0x02, 
0x0C, 0x00, 0xDC, 0xDC, 
0x0D, 0x00, 0xFF, 0xD2, 
0x0D, 0x00, 0xFF, 0xD0, 
0x0D, 0x00, 0xF4, 0x50, 
0x0D, 0x00, 0xF4, 0x00, 
0xC0, 0x00, 0x23, 0x80, 
0x80, 0x00, 0x00, 0x00, 
0xC0, 0x00, 0x23, 0x00, 
0x80, 0x00, 0x00, 0x00, 
0xC0, 0x00, 0x23, 0xC0, 
0x80, 0x00, 0x00, 0x10, 
0xC0, 0x00, 0x22, 0x00, 
0x80, 0x00, 0x00, 0x00, 
0x08, 0x80, 0xDC, 0xE0, 
0x0C, 0x00, 0xDC, 0xDC, 
0x0A, 0x21, 0x00, 0x12, 
0x08, 0x00, 0x00, 0x10, 
0x01, 0x00, 0x00, 0x14, 
0x06, 0x40, 0x50, 0x10, 
0x0A, 0x21, 0x00, 0x16, 
0x08, 0x00, 0x00, 0x14, 
0x01, 0x00, 0x00, 0x18, 
0x06, 0x40, 0x50, 0x10, 
0x0A, 0x21, 0x00, 0x1A, 
0x08, 0x00, 0x00, 0x18, 
0x01, 0x00, 0x00, 0x1C, 
0x06, 0x40, 0x50, 0x10, 
0x0A, 0x21, 0x00, 0x1E, 
0x08, 0x00, 0x00, 0x1C, 
0x01, 0x00, 0x00, 0x22, 
0x06, 0x40, 0x60, 0x10, 
0x00, 0x00, 0x00, 0x00, 
0x00, 0x00, 0x00, 0x00, 
0xC0, 0x00, 0x20, 0x00, 
0x80, 0x00, 0x00, 0x35, 
0x0D, 0x00, 0xFF, 0xC1, 
0xC0, 0x00, 0x20, 0x00, 
0x80, 0x00, 0x00, 0x01, 
0x0D, 0x00, 0xF4, 0x62, 
0xC0, 0x00, 0x20, 0x00, 
0x80, 0x00, 0x00, 0x00, 
0x0D, 0x00, 0xF4, 0x62, 
0xC0, 0x00, 0x20, 0x00, 
0x80, 0x00, 0x00, 0x02, 
0x0D, 0x00, 0xFF, 0xD1, 
0x00, 0x00, 0x00, 0x03, 
0x0D, 0x00, 0xFF, 0xD2, 
0x00, 0x00, 0x00, 0x05, 
0x00, 0x00, 0x00, 0x00, 
0x00, 0x00, 0x00, 0x00, 
0x02, 0x01, 0x00, 0x30, 
0x00, 0x00, 0x00, 0x00, 
0x00, 0x00, 0x00, 0x00, 
0x02, 0x00, 0x09, 0x69, 
0x00, 0x00, 0x00, 0x00, 
0x08, 0x9E, 0xDC, 0xE0, 
0x08, 0x96, 0x00, 0x1C, 
0x08, 0x9C, 0x00, 0x10, 
0x09, 0x96, 0x00, 0x20, 
0x08, 0x98, 0x00, 0x18, 
0x00, 0x00, 0x00, 0x00, 
0xC0, 0x00, 0x00, 0x00, 
0x82, 0x4F, 0x00, 0x00, 
0x08, 0x8A, 0xDC, 0xE0, 
0x0A, 0x23, 0x00, 0x06, 
0x00, 0x8C, 0x20, 0x00, 
0x0A, 0xA7, 0x00, 0x05, 
0x02, 0x09, 0x00, 0x51, 
0xC0, 0x00, 0x28, 0x70, 
0x80, 0x00, 0x60, 0x00, 
0x00, 0x8C, 0x11, 0x91, 
0x00, 0x00, 0x00, 0x23, 
0x00, 0x00, 0x00, 0x00, 
0x30, 0x00, 0xBC, 0xE9, 
0x00, 0x00, 0xC2, 0xF1, 
0x01, 0x00, 0x00, 0x50, 
0x06, 0x00, 0x50, 0x14, 
0x36, 0x40, 0x50, 0x15, 
0x26, 0x40, 0x40, 0x15, 
0x09, 0x2B, 0x00, 0x06, 
0x00, 0x00, 0x00, 0x00, 
0x0C, 0x30, 0xFC, 0x30, 
0x06, 0x40, 0x10, 0x7E, 
0x06, 0x40, 0x90, 0x8E, 
0x0C, 0x00, 0xFC, 0x50, 
0x06, 0x40, 0x10, 0x9E, 
0x0C, 0x00, 0xFC, 0x51, 
0x06, 0x40, 0x10, 0xAE, 
0x0C, 0x00, 0xFC, 0x52, 
0x06, 0x40, 0x10, 0xBE, 
0x0C, 0x00, 0xFC, 0x53, 
0x06, 0x40, 0x10, 0xCE, 
0x0C, 0x00, 0xFC, 0x54, 
0x06, 0x40, 0x10, 0xDE, 
0x0C, 0x00, 0xFC, 0x55, 
0x06, 0x40, 0x10, 0xEE, 
0x0C, 0x00, 0xFC, 0x56, 
0x06, 0x40, 0x10, 0xFE, 
0x0C, 0x00, 0xFC, 0x57, 
0x06, 0x40, 0x11, 0x0E, 
0x0C, 0x00, 0xFC, 0x68, 
0x06, 0x40, 0x11, 0x1E, 
0x0C, 0x00, 0xFC, 0x69, 
0x06, 0x40, 0x11, 0x2E, 
0x0C, 0x00, 0xFC, 0x6A, 
0x06, 0x40, 0x11, 0x3E, 
0x0C, 0x00, 0xFC, 0x6B, 
0x06, 0x40, 0x11, 0x4E, 
0x0C, 0x00, 0xFC, 0x6C, 
0x06, 0x40, 0x11, 0x5E, 
0x0C, 0x00, 0xFC, 0x6D, 
0x06, 0x40, 0x11, 0x6E, 
0x0C, 0x00, 0xFC, 0x6E, 
0x06, 0x40, 0x11, 0x7E, 
0x0C, 0x00, 0xFC, 0x6F, 
0x06, 0x40, 0x11, 0x8E, 
0x0C, 0x00, 0xFC, 0x60, 
0x06, 0x40, 0x11, 0x9E, 
0x0C, 0x00, 0xFC, 0x61, 
0x06, 0x40, 0x11, 0xAE, 
0x0C, 0x00, 0xFC, 0x62, 
0x06, 0x40, 0x11, 0xBE, 
0x0C, 0x00, 0xFC, 0x63, 
0x06, 0x40, 0x11, 0xCE, 
0x0C, 0x00, 0xFC, 0x64, 
0x06, 0x40, 0x11, 0xDE, 
0x0C, 0x00, 0xFC, 0x65, 
0x06, 0x40, 0x11, 0xEE, 
0x0C, 0x00, 0xFC, 0x66, 
0x06, 0x40, 0x11, 0xFE, 
0x0C, 0x00, 0xFC, 0x67, 
0x06, 0x40, 0x12, 0x0E, 
0x0C, 0x00, 0xFC, 0x40, 
0x06, 0x40, 0x12, 0x1E, 
0x0C, 0x00, 0xFC, 0x41, 
0x06, 0x40, 0x10, 0x6E, 
0x0C, 0x00, 0xFC, 0x42, 
0x06, 0x40, 0x10, 0x5E, 
0x0C, 0x00, 0xFC, 0x43, 
0x06, 0x40, 0x10, 0x4E, 
0x0C, 0x00, 0xFC, 0x44, 
0x06, 0x40, 0x10, 0x3E, 
0x0C, 0x00, 0xFC, 0x45, 
0x06, 0x40, 0x10, 0x2E, 
0x0C, 0x00, 0xFC, 0x46, 
0x06, 0x40, 0x10, 0x1E, 
0x0C, 0x00, 0xFC, 0x47, 
0x06, 0x40, 0x10, 0x0E, 
0x00, 0x00, 0x00, 0x02, 
0x0C, 0x00, 0xF5, 0xA5, 
0xC0, 0x00, 0x00, 0x18, 
0x80, 0xC0, 0x12, 0x6E, 
0x00, 0x00, 0x00, 0x03, 
0x0C, 0x00, 0x04, 0x35, 
0xC0, 0x00, 0x00, 0x18, 
0x80, 0xC0, 0x12, 0x8E, 
0x06, 0x00, 0x10, 0x0E, 
0x0D, 0x00, 0xFC, 0xCF, 
0x06, 0x00, 0x10, 0x1E, 
0x0D, 0x00, 0xFC, 0xCE, 
0x06, 0x00, 0x10, 0x2E, 
0x0D, 0x00, 0xFC, 0xCD, 
0x06, 0x00, 0x10, 0x3E, 
0x0D, 0x00, 0xFC, 0xCC, 
0x06, 0x00, 0x10, 0x4E, 
0x0D, 0x00, 0xFC, 0xCB, 
0x06, 0x00, 0x10, 0x5E, 
0x0D, 0x00, 0xFC, 0xCA, 
0x06, 0x00, 0x10, 0x6E, 
0x0D, 0x00, 0xFC, 0xC9, 
0x0C, 0x82, 0x04, 0x36, 
0x00, 0x00, 0x00, 0x00, 
0x35, 0x0C, 0x10, 0x8E, 
0x25, 0x0C, 0x10, 0x7E, 
0x05, 0x4C, 0x12, 0x6E, 
0xC0, 0x00, 0x00, 0x00, 
0x82, 0x0F, 0x00, 0x24, 
0x08, 0x60, 0x04, 0x37, 
0xC0, 0x00, 0x00, 0x00, 
0x82, 0x1E, 0x00, 0x00, 
0x04, 0x18, 0x88, 0x00, 
0x00, 0x00, 0x00, 0x00, 
0x05, 0x0C, 0x18, 0x01, 
0x05, 0x4C, 0x12, 0x3E, 
0xC0, 0x00, 0x00, 0x00, 
0x82, 0x0F, 0x00, 0x2C, 
0x08, 0x60, 0x0A, 0x2E, 
0xC0, 0x00, 0x00, 0x00, 
0x82, 0x1E, 0x00, 0x00, 
0x04, 0x18, 0x88, 0x00, 
0x00, 0x00, 0x00, 0x00, 
0x05, 0x0C, 0x18, 0x01, 
0x05, 0x4C, 0x12, 0x5E, 
0xC0, 0x00, 0x00, 0x00, 
0x82, 0x0F, 0x00, 0x34, 
0x08, 0x60, 0x0A, 0x2F, 
0xC0, 0x00, 0x00, 0x00, 
0x82, 0x1E, 0x00, 0x00, 
0x04, 0x18, 0x88, 0x00, 
0x00, 0x00, 0x00, 0x00, 
0x05, 0x0C, 0x18, 0x01, 
0x05, 0x4C, 0x12, 0x4E, 
0xC0, 0x00, 0x00, 0x00, 
0x82, 0x0F, 0x00, 0x3C, 
0x08, 0x60, 0x0A, 0x30, 
0xC0, 0x00, 0x00, 0x00, 
0x82, 0x1E, 0x00, 0x00, 
0x04, 0x18, 0x88, 0x00, 
0x00, 0x00, 0x00, 0x00, 
0x05, 0x0C, 0x18, 0x01, 
0x05, 0x4C, 0x12, 0x2E, 
0xC0, 0x00, 0x00, 0x00, 
0x82, 0x0F, 0x00, 0x44, 
0x08, 0x60, 0x0A, 0x31, 
0xC0, 0x00, 0x00, 0x00, 
0x82, 0x1E, 0x00, 0x00, 
0x04, 0x18, 0x88, 0x00, 
0x00, 0x00, 0x00, 0x00, 
0x05, 0x0C, 0x18, 0x01, 
0x05, 0x4C, 0x14, 0x2E, 
0x0C, 0x82, 0x0A, 0x32, 
0x00, 0x00, 0x00, 0x00, 
0x35, 0x0C, 0x10, 0x8E, 
0x25, 0x0C, 0x10, 0x7E, 
0x05, 0x4C, 0x12, 0xBE, 
0xC0, 0x00, 0x00, 0x00, 
0x82, 0x0F, 0x00, 0x49, 
0x08, 0x60, 0x0A, 0x33, 
0xC0, 0x00, 0x00, 0x00, 
0x82, 0x1E, 0x00, 0x00, 
0x04, 0x18, 0x88, 0x00, 
0x00, 0x00, 0x00, 0x00, 
0x05, 0x0C, 0x18, 0x01, 
0x05, 0x4C, 0x12, 0x8E, 
0xC0, 0x00, 0x00, 0x00, 
0x82, 0x0F, 0x00, 0x51, 
0x08, 0x60, 0x0A, 0x34, 
0xC0, 0x00, 0x00, 0x00, 
0x82, 0x1E, 0x00, 0x00, 
0x04, 0x18, 0x88, 0x00, 
0x00, 0x00, 0x00, 0x00, 
0x05, 0x0C, 0x18, 0x01, 
0x05, 0x4C, 0x12, 0xAE, 
0xC0, 0x00, 0x00, 0x00, 
0x82, 0x0F, 0x00, 0x59, 
0x08, 0x60, 0x0A, 0x35, 
0xC0, 0x00, 0x00, 0x00, 
0x82, 0x1E, 0x00, 0x00, 
0x04, 0x18, 0x88, 0x00, 
0x00, 0x00, 0x00, 0x00, 
0x05, 0x0C, 0x18, 0x01, 
0x05, 0x4C, 0x12, 0x9E, 
0xC0, 0x00, 0x00, 0x00, 
0x82, 0x0F, 0x00, 0x61, 
0x08, 0x60, 0x0A, 0x36, 
0xC0, 0x00, 0x00, 0x00, 
0x82, 0x1E, 0x00, 0x00, 
0x04, 0x18, 0x88, 0x00, 
0x00, 0x00, 0x00, 0x00, 
0x05, 0x0C, 0x18, 0x01, 
0x05, 0x4C, 0x12, 0x7E, 
0xC0, 0x00, 0x00, 0x00, 
0x82, 0x0F, 0x00, 0x69, 
0x08, 0x60, 0x0A, 0x37, 
0xC0, 0x00, 0x00, 0x00, 
0x82, 0x1E, 0x00, 0x00, 
0x04, 0x18, 0x88, 0x00, 
0x00, 0x00, 0x00, 0x00, 
0x05, 0x0C, 0x18, 0x01, 
0x05, 0x4C, 0x14, 0xBE, 
0x0C, 0x82, 0x0A, 0x38, 
0x00, 0x00, 0x00, 0x00, 
0x35, 0x0C, 0x10, 0x8E, 
0x25, 0x0C, 0x10, 0x7E, 
0x05, 0x4C, 0x13, 0x0E, 
0xC0, 0x00, 0x00, 0x00, 
0x82, 0x0F, 0x00, 0x6E, 
0x08, 0x60, 0x0A, 0x39, 
0xC0, 0x00, 0x00, 0x00, 
0x82, 0x1E, 0x00, 0x00, 
0x04, 0x18, 0x88, 0x00, 
0x00, 0x00, 0x00, 0x00, 
0x05, 0x0C, 0x18, 0x01, 
0x05, 0x4C, 0x12, 0xDE, 
0xC0, 0x00, 0x00, 0x00, 
0x82, 0x0F, 0x00, 0x76, 
0x08, 0x60, 0x0A, 0x3A, 
0xC0, 0x00, 0x00, 0x00, 
0x82, 0x1E, 0x00, 0x00, 
0x04, 0x18, 0x88, 0x00, 
0x00, 0x00, 0x00, 0x00, 
0x05, 0x0C, 0x18, 0x01, 
0x05, 0x4C, 0x12, 0xFE, 
0xC0, 0x00, 0x00, 0x00, 
0x82, 0x0F, 0x00, 0x7E, 
0x08, 0x60, 0x0A, 0x3B, 
0xC0, 0x00, 0x00, 0x00, 
0x82, 0x1E, 0x00, 0x00, 
0x04, 0x18, 0x88, 0x00, 
0x00, 0x00, 0x00, 0x00, 
0x05, 0x0C, 0x18, 0x01, 
0x05, 0x4C, 0x12, 0xEE, 
0xC0, 0x00, 0x00, 0x00, 
0x82, 0x0F, 0x00, 0x86, 
0x08, 0x60, 0x0A, 0x3C, 
0xC0, 0x00, 0x00, 0x00, 
0x82, 0x1E, 0x00, 0x00, 
0x04, 0x18, 0x88, 0x00, 
0x00, 0x00, 0x00, 0x00, 
0x05, 0x0C, 0x18, 0x01, 
0x05, 0x4C, 0x12, 0xCE, 
0xC0, 0x00, 0x00, 0x00, 
0x82, 0x0F, 0x00, 0x8E, 
0x08, 0x60, 0x0A, 0x3D, 
0xC0, 0x00, 0x00, 0x00, 
0x82, 0x1E, 0x00, 0x00, 
0x04, 0x18, 0x88, 0x00, 
0x00, 0x00, 0x00, 0x00, 
0x05, 0x0C, 0x18, 0x01, 
0x05, 0x4C, 0x15, 0x4E, 
0x0C, 0x82, 0x0A, 0x3E, 
0x00, 0x00, 0x00, 0x00, 
0x35, 0x0C, 0x10, 0x8E, 
0x25, 0x0C, 0x10, 0x7E, 
0x05, 0x4C, 0x13, 0x5E, 
0xC0, 0x00, 0x00, 0x00, 
0x82, 0x0F, 0x00, 0x93, 
0x08, 0x60, 0x0A, 0x3F, 
0xC0, 0x00, 0x00, 0x00, 
0x82, 0x1E, 0x00, 0x00, 
0x04, 0x18, 0x88, 0x00, 
0x00, 0x00, 0x00, 0x00, 
0x05, 0x0C, 0x18, 0x01, 
0x05, 0x4C, 0x13, 0x2E, 
0xC0, 0x00, 0x00, 0x00, 
0x82, 0x0F, 0x00, 0x9B, 
0x08, 0x60, 0x0A, 0x40, 
0xC0, 0x00, 0x00, 0x00, 
0x82, 0x1E, 0x00, 0x00, 
0x04, 0x18, 0x88, 0x00, 
0x00, 0x00, 0x00, 0x00, 
0x05, 0x0C, 0x18, 0x01, 
0x05, 0x4C, 0x13, 0x4E, 
0xC0, 0x00, 0x00, 0x00, 
0x82, 0x0F, 0x00, 0xA3, 
0x08, 0x60, 0x0A, 0x41, 
0xC0, 0x00, 0x00, 0x00, 
0x82, 0x1E, 0x00, 0x00, 
0x04, 0x18, 0x88, 0x00, 
0x00, 0x00, 0x00, 0x00, 
0x05, 0x0C, 0x18, 0x01, 
0x05, 0x4C, 0x13, 0x3E, 
0xC0, 0x00, 0x00, 0x00, 
0x82, 0x0F, 0x00, 0xAB, 
0x08, 0x60, 0x0A, 0x42, 
0xC0, 0x00, 0x00, 0x00, 
0x82, 0x1E, 0x00, 0x00, 
0x04, 0x18, 0x88, 0x00, 
0x00, 0x00, 0x00, 0x00, 
0x05, 0x0C, 0x18, 0x01, 
0x05, 0x4C, 0x13, 0x1E, 
0xC0, 0x00, 0x00, 0x00, 
0x82, 0x0F, 0x00, 0xB3, 
0x08, 0x60, 0x0A, 0x43, 
0xC0, 0x00, 0x00, 0x00, 
0x82, 0x1E, 0x00, 0x00, 
0x04, 0x18, 0x88, 0x00, 
0x00, 0x00, 0x00, 0x00, 
0x05, 0x0C, 0x18, 0x01, 
0xC0, 0x00, 0x00, 0x10, 
0x80, 0x4C, 0x1A, 0x6E, 
0x0C, 0x82, 0x0A, 0x44, 
0x00, 0x00, 0x00, 0x00, 
0x35, 0x0C, 0x10, 0x8E, 
0x25, 0x0C, 0x10, 0x7E, 
0x05, 0x4C, 0x13, 0xAE, 
0xC0, 0x00, 0x00, 0x00, 
0x82, 0x0F, 0x00, 0xB8, 
0x08, 0x60, 0x0A, 0x45, 
0xC0, 0x00, 0x00, 0x00, 
0x82, 0x1E, 0x00, 0x00, 
0x04, 0x18, 0x88, 0x00, 
0x00, 0x00, 0x00, 0x00, 
0x05, 0x0C, 0x18, 0x01, 
0x05, 0x4C, 0x13, 0x7E, 
0xC0, 0x00, 0x00, 0x00, 
0x82, 0x0F, 0x00, 0xC0, 
0x08, 0x60, 0x0A, 0x46, 
0xC0, 0x00, 0x00, 0x00, 
0x82, 0x1E, 0x00, 0x00, 
0x04, 0x18, 0x88, 0x00, 
0x00, 0x00, 0x00, 0x00, 
0x05, 0x0C, 0x18, 0x01, 
0x05, 0x4C, 0x13, 0x9E, 
0xC0, 0x00, 0x00, 0x00, 
0x82, 0x0F, 0x00, 0xC8, 
0x08, 0x60, 0x0A, 0x47, 
0xC0, 0x00, 0x00, 0x00, 
0x82, 0x1E, 0x00, 0x00, 
0x04, 0x18, 0x88, 0x00, 
0x00, 0x00, 0x00, 0x00, 
0x05, 0x0C, 0x18, 0x01, 
0x05, 0x4C, 0x13, 0x8E, 
0xC0, 0x00, 0x00, 0x00, 
0x82, 0x0F, 0x00, 0xD0, 
0x08, 0x60, 0x0A, 0x48, 
0xC0, 0x00, 0x00, 0x00, 
0x82, 0x1E, 0x00, 0x00, 
0x04, 0x18, 0x88, 0x00, 
0x00, 0x00, 0x00, 0x00, 
0x05, 0x0C, 0x18, 0x01, 
0x05, 0x4C, 0x13, 0x6E, 
0xC0, 0x00, 0x00, 0x00, 
0x82, 0x0F, 0x00, 0xD8, 
0x08, 0x60, 0x0A, 0x49, 
0xC0, 0x00, 0x00, 0x00, 
0x82, 0x1E, 0x00, 0x00, 
0x04, 0x18, 0x88, 0x00, 
0x00, 0x00, 0x00, 0x00, 
0x05, 0x0C, 0x18, 0x01, 
0xC0, 0x00, 0x00, 0x10, 
0x80, 0x4C, 0x1C, 0xBE, 
0x0C, 0x82, 0x0A, 0x4A, 
0x00, 0x00, 0x00, 0x00, 
0x35, 0x0C, 0x10, 0x8E, 
0x25, 0x0C, 0x10, 0x7E, 
0x05, 0x4C, 0x13, 0xFE, 
0xC0, 0x00, 0x00, 0x00, 
0x82, 0x0F, 0x00, 0xDD, 
0x08, 0x60, 0x0A, 0x4B, 
0xC0, 0x00, 0x00, 0x00, 
0x82, 0x1E, 0x00, 0x00, 
0x04, 0x18, 0x88, 0x00, 
0x00, 0x00, 0x00, 0x00, 
0x05, 0x0C, 0x18, 0x01, 
0x05, 0x4C, 0x13, 0xCE, 
0xC0, 0x00, 0x00, 0x00, 
0x82, 0x0F, 0x00, 0xE5, 
0x08, 0x60, 0x0A, 0x4C, 
0xC0, 0x00, 0x00, 0x00, 
0x82, 0x1E, 0x00, 0x00, 
0x04, 0x18, 0x88, 0x00, 
0x00, 0x00, 0x00, 0x00, 
0x05, 0x0C, 0x18, 0x01, 
0x05, 0x4C, 0x13, 0xEE, 
0xC0, 0x00, 0x00, 0x00, 
0x82, 0x0F, 0x00, 0xED, 
0x08, 0x60, 0x0A, 0x4D, 
0xC0, 0x00, 0x00, 0x00, 
0x82, 0x1E, 0x00, 0x00, 
0x04, 0x18, 0x88, 0x00, 
0x00, 0x00, 0x00, 0x00, 
0x05, 0x0C, 0x18, 0x01, 
0x05, 0x4C, 0x13, 0xDE, 
0xC0, 0x00, 0x00, 0x00, 
0x82, 0x0F, 0x00, 0xF5, 
0x08, 0x60, 0x0A, 0x4E, 
0xC0, 0x00, 0x00, 0x00, 
0x82, 0x1E, 0x00, 0x00, 
0x04, 0x18, 0x88, 0x00, 
0x00, 0x00, 0x00, 0x00, 
0x05, 0x0C, 0x18, 0x01, 
0x05, 0x4C, 0x13, 0xBE, 
0xC0, 0x00, 0x00, 0x00, 
0x82, 0x0F, 0x00, 0xFD, 
0x08, 0x60, 0x0A, 0x4F, 
0xC0, 0x00, 0x00, 0x00, 
0x82, 0x1E, 0x00, 0x00, 
0x04, 0x18, 0x88, 0x00, 
0x00, 0x00, 0x00, 0x00, 
0x05, 0x0C, 0x18, 0x01, 
0xC0, 0x00, 0x00, 0x10, 
0x80, 0x4C, 0x1F, 0x0E, 
0xC0, 0x00, 0x00, 0x00, 
0x82, 0x0C, 0x00, 0x00, 
0xC0, 0x00, 0x00, 0x00, 
0x82, 0x1E, 0x00, 0x40, 
0xC0, 0x00, 0x00, 0x00, 
0x82, 0x6F, 0x01, 0x02, 
0xFD, 0x6A, 0x80, 0x00, 
0x80, 0x00, 0x00, 0xC3, 
0xF8, 0x74, 0x80, 0x03, 
0x81, 0x40, 0x41, 0xC5, 
0xFC, 0x6A, 0x80, 0x21, 
0x88, 0x00, 0x08, 0xC3, 
0xE0, 0x34, 0xA2, 0x07, 
0x80, 0x42, 0x09, 0xC5, 
0x05, 0x5C, 0x50, 0x00, 
0x05, 0x4C, 0x14, 0x5E, 
0xC0, 0x00, 0x00, 0x00, 
0x82, 0x0C, 0x00, 0x06, 
0xC0, 0x00, 0x00, 0x00, 
0x82, 0x1E, 0x00, 0x43, 
0xC0, 0x00, 0x00, 0x00, 
0x82, 0x6F, 0x01, 0x07, 
0xFD, 0x6A, 0x80, 0x00, 
0x80, 0x00, 0x00, 0xC3, 
0xF8, 0x74, 0x80, 0x03, 
0x81, 0x40, 0x41, 0xC5, 
0xFC, 0x6A, 0x80, 0x21, 
0x88, 0x00, 0x08, 0xC3, 
0xE0, 0x34, 0xA2, 0x07, 
0x80, 0x42, 0x09, 0xC5, 
0x03, 0x04, 0x02, 0x01, 
0xFD, 0x6A, 0x80, 0x27, 
0x8A, 0x80, 0x08, 0xC3, 
0xE8, 0xB4, 0xA6, 0x43, 
0x81, 0x42, 0x09, 0xC5, 
0xFC, 0x6A, 0x80, 0x21, 
0x8F, 0x04, 0x08, 0xC3, 
0xE9, 0xB4, 0xA2, 0x07, 
0x80, 0x42, 0x09, 0xC5, 
0xE8, 0x80, 0x00, 0x27, 
0x8A, 0x82, 0x08, 0x00, 
0x00, 0x84, 0x01, 0x19, 
0x05, 0x5C, 0xD0, 0x00, 
0x05, 0x4C, 0x94, 0x8E, 
0xC0, 0x00, 0x00, 0x00, 
0x82, 0x0C, 0x00, 0x30, 
0xC0, 0x00, 0x00, 0x00, 
0x82, 0x1E, 0x00, 0x46, 
0xC0, 0x00, 0x00, 0x00, 
0x82, 0x6F, 0x01, 0x39, 
0xFD, 0x6A, 0x80, 0x00, 
0x80, 0x00, 0x00, 0xC3, 
0xF8, 0x74, 0x80, 0x03, 
0x81, 0x40, 0x41, 0xC5, 
0xFC, 0x6A, 0x80, 0x21, 
0x88, 0x00, 0x08, 0xC3, 
0xE0, 0x34, 0xA2, 0x07, 
0x80, 0x42, 0x09, 0xC5, 
0x05, 0x5C, 0x50, 0x00, 
0xC0, 0x00, 0x00, 0x10, 
0x80, 0x4C, 0x18, 0x9E, 
0xC0, 0x00, 0x00, 0x00, 
0x82, 0x0C, 0x00, 0x36, 
0xC0, 0x00, 0x00, 0x00, 
0x82, 0x1E, 0x00, 0x49, 
0xC0, 0x00, 0x00, 0x00, 
0x82, 0x6F, 0x01, 0x3E, 
0xFD, 0x6A, 0x80, 0x00, 
0x80, 0x00, 0x00, 0xC3, 
0xF8, 0x74, 0x80, 0x03, 
0x81, 0x40, 0x41, 0xC5, 
0xFC, 0x6A, 0x80, 0x21, 
0x88, 0x00, 0x08, 0xC3, 
0xE0, 0x34, 0xA2, 0x07, 
0x80, 0x42, 0x09, 0xC5, 
0x05, 0x5C, 0x50, 0x00, 
0x05, 0x4C, 0x14, 0xEE, 
0xC0, 0x00, 0x00, 0x00, 
0x82, 0x0C, 0x00, 0x3C, 
0xC0, 0x00, 0x00, 0x00, 
0x82, 0x1E, 0x00, 0x4C, 
0xC0, 0x00, 0x00, 0x00, 
0x82, 0x6F, 0x01, 0x43, 
0xFD, 0x6A, 0x80, 0x00, 
0x80, 0x00, 0x00, 0xC3, 
0xF8, 0x74, 0x80, 0x03, 
0x81, 0x40, 0x41, 0xC5, 
0xFC, 0x6A, 0x80, 0x21, 
0x88, 0x00, 0x08, 0xC3, 
0xE0, 0x34, 0xA2, 0x07, 
0x80, 0x42, 0x09, 0xC5, 
0x03, 0x04, 0x02, 0x3E, 
0xFD, 0x6A, 0x80, 0x27, 
0x8A, 0x80, 0x08, 0xC3, 
0xE8, 0xB4, 0xA6, 0x43, 
0x81, 0x42, 0x09, 0xC5, 
0xFC, 0x6A, 0x80, 0x21, 
0x8F, 0x04, 0x08, 0xC3, 
0xE9, 0xB4, 0xA2, 0x07, 
0x80, 0x42, 0x09, 0xC5, 
0xE8, 0x80, 0x00, 0x27, 
0x8A, 0x82, 0x08, 0x00, 
0x00, 0x84, 0x01, 0x19, 
0x05, 0x5C, 0xD0, 0x00, 
0x05, 0x4C, 0x95, 0x1E, 
0xC0, 0x00, 0x00, 0x00, 
0x82, 0x0C, 0x00, 0x66, 
0xC0, 0x00, 0x00, 0x00, 
0x82, 0x1E, 0x00, 0x4F, 
0xC0, 0x00, 0x00, 0x00, 
0x82, 0x6F, 0x01, 0x75, 
0xFD, 0x6A, 0x80, 0x00, 
0x80, 0x00, 0x00, 0xC3, 
0xF8, 0x74, 0x80, 0x03, 
0x81, 0x40, 0x41, 0xC5, 
0xFC, 0x6A, 0x80, 0x21, 
0x88, 0x00, 0x08, 0xC3, 
0xE0, 0x34, 0xA2, 0x07, 
0x80, 0x42, 0x09, 0xC5, 
0x05, 0x5C, 0x50, 0x00, 
0x05, 0x4C, 0x16, 0xEE, 
0xC0, 0x00, 0x00, 0x00, 
0x82, 0x0C, 0x00, 0x6C, 
0xC0, 0x00, 0x00, 0x00, 
0x82, 0x1E, 0x00, 0x52, 
0xC0, 0x00, 0x00, 0x00, 
0x82, 0x6F, 0x01, 0x7A, 
0xFD, 0x6A, 0x80, 0x00, 
0x80, 0x00, 0x00, 0xC3, 
0xF8, 0x74, 0x80, 0x03, 
0x81, 0x40, 0x41, 0xC5, 
0xFC, 0x6A, 0x80, 0x21, 
0x88, 0x00, 0x08, 0xC3, 
0xE0, 0x34, 0xA2, 0x07, 
0x80, 0x42, 0x09, 0xC5, 
0x05, 0x5C, 0x50, 0x00, 
0x05, 0x4C, 0x15, 0x7E, 
0xC0, 0x00, 0x00, 0x00, 
0x82, 0x0C, 0x00, 0x72, 
0xC0, 0x00, 0x00, 0x00, 
0x82, 0x1E, 0x00, 0x55, 
0xC0, 0x00, 0x00, 0x00, 
0x82, 0x6F, 0x01, 0x7F, 
0xFD, 0x6A, 0x80, 0x00, 
0x80, 0x00, 0x00, 0xC3, 
0xF8, 0x74, 0x80, 0x03, 
0x81, 0x40, 0x41, 0xC5, 
0xFC, 0x6A, 0x80, 0x21, 
0x88, 0x00, 0x08, 0xC3, 
0xE0, 0x34, 0xA2, 0x07, 
0x80, 0x42, 0x09, 0xC5, 
0x03, 0x04, 0x02, 0x7A, 
0xFD, 0x6A, 0x80, 0x27, 
0x8A, 0x80, 0x08, 0xC3, 
0xE8, 0xB4, 0xA6, 0x43, 
0x81, 0x42, 0x09, 0xC5, 
0xFC, 0x6A, 0x80, 0x21, 
0x8F, 0x04, 0x08, 0xC3, 
0xE9, 0xB4, 0xA2, 0x07, 
0x80, 0x42, 0x09, 0xC5, 
0xE8, 0x80, 0x00, 0x27, 
0x8A, 0x82, 0x08, 0x00, 
0x00, 0x84, 0x01, 0x19, 
0x05, 0x5C, 0xD0, 0x00, 
0x05, 0x4C, 0x95, 0xAE, 
0xC0, 0x00, 0x00, 0x00, 
0x82, 0x0C, 0x00, 0x9C, 
0xC0, 0x00, 0x00, 0x00, 
0x82, 0x1E, 0x00, 0x58, 
0xC0, 0x00, 0x00, 0x00, 
0x82, 0x6F, 0x01, 0xB1, 
0xFD, 0x6A, 0x80, 0x00, 
0x80, 0x00, 0x00, 0xC3, 
0xF8, 0x74, 0x80, 0x03, 
0x81, 0x40, 0x41, 0xC5, 
0xFC, 0x6A, 0x80, 0x21, 
0x88, 0x00, 0x08, 0xC3, 
0xE0, 0x34, 0xA2, 0x07, 
0x80, 0x42, 0x09, 0xC5, 
0x05, 0x5C, 0x50, 0x00, 
0x05, 0x4C, 0x15, 0xDE, 
0xC0, 0x00, 0x00, 0x00, 
0x82, 0x0C, 0x00, 0xA2, 
0xC0, 0x00, 0x00, 0x00, 
0x82, 0x1E, 0x00, 0x5B, 
0xC0, 0x00, 0x00, 0x00, 
0x82, 0x6F, 0x01, 0xB6, 
0xFD, 0x6A, 0x80, 0x00, 
0x80, 0x00, 0x00, 0xC3, 
0xF8, 0x74, 0x80, 0x03, 
0x81, 0x40, 0x41, 0xC5, 
0xFC, 0x6A, 0x80, 0x21, 
0x88, 0x00, 0x08, 0xC3, 
0xE0, 0x34, 0xA2, 0x07, 
0x80, 0x42, 0x09, 0xC5, 
0x05, 0x5C, 0x50, 0x00, 
0x05, 0x4C, 0x16, 0x0E, 
0xC0, 0x00, 0x00, 0x00, 
0x82, 0x0C, 0x00, 0xA8, 
0xC0, 0x00, 0x00, 0x00, 
0x82, 0x1E, 0x00, 0x5E, 
0xC0, 0x00, 0x00, 0x00, 
0x82, 0x6F, 0x01, 0xBB, 
0xFD, 0x6A, 0x80, 0x00, 
0x80, 0x00, 0x00, 0xC3, 
0xF8, 0x74, 0x80, 0x03, 
0x81, 0x40, 0x41, 0xC5, 
0xFC, 0x6A, 0x80, 0x21, 
0x88, 0x00, 0x08, 0xC3, 
0xE0, 0x34, 0xA2, 0x07, 
0x80, 0x42, 0x09, 0xC5, 
0x05, 0x5C, 0x50, 0x00, 
0x05, 0x4C, 0x16, 0x3E, 
0xC0, 0x00, 0x00, 0x00, 
0x82, 0x0C, 0x00, 0xAE, 
0xC0, 0x00, 0x00, 0x00, 
0x82, 0x1E, 0x00, 0x61, 
0xC0, 0x00, 0x00, 0x00, 
0x82, 0x6F, 0x01, 0xC0, 
0xFD, 0x6A, 0x80, 0x00, 
0x80, 0x00, 0x00, 0xC3, 
0xF8, 0x74, 0x80, 0x03, 
0x81, 0x40, 0x41, 0xC5, 
0xFC, 0x6A, 0x80, 0x21, 
0x88, 0x00, 0x08, 0xC3, 
0xE0, 0x34, 0xA2, 0x07, 
0x80, 0x42, 0x09, 0xC5, 
0x05, 0x5C, 0x50, 0x00, 
0x05, 0x4C, 0x16, 0x6E, 
0xC0, 0x00, 0x00, 0x00, 
0x82, 0x0C, 0x00, 0xB4, 
0xC0, 0x00, 0x00, 0x00, 
0x82, 0x1E, 0x00, 0x64, 
0xC0, 0x00, 0x00, 0x00, 
0x82, 0x6F, 0x01, 0xC5, 
0xFD, 0x6A, 0x80, 0x00, 
0x80, 0x00, 0x00, 0xC3, 
0xF8, 0x74, 0x80, 0x03, 
0x81, 0x40, 0x41, 0xC5, 
0xFC, 0x6A, 0x80, 0x21, 
0x88, 0x00, 0x08, 0xC3, 
0xE0, 0x34, 0xA2, 0x07, 
0x80, 0x42, 0x09, 0xC5, 
0x05, 0x5C, 0x50, 0x00, 
0x05, 0x4C, 0x16, 0x9E, 
0xC0, 0x00, 0x00, 0x00, 
0x82, 0x0C, 0x00, 0xBA, 
0xC0, 0x00, 0x00, 0x00, 
0x82, 0x1E, 0x00, 0x67, 
0xC0, 0x00, 0x00, 0x00, 
0x82, 0x6F, 0x01, 0xCA, 
0xFD, 0x6A, 0x80, 0x00, 
0x80, 0x00, 0x00, 0xC3, 
0xF8, 0x74, 0x80, 0x03, 
0x81, 0x40, 0x41, 0xC5, 
0xFC, 0x6A, 0x80, 0x21, 
0x88, 0x00, 0x08, 0xC3, 
0xE0, 0x34, 0xA2, 0x07, 
0x80, 0x42, 0x09, 0xC5, 
0x05, 0x5C, 0x50, 0x00, 
0x05, 0x4C, 0x16, 0xAE, 
0x08, 0x82, 0x00, 0x20, 
0x0A, 0x21, 0x01, 0xCF, 
0x00, 0x84, 0x30, 0x00, 
0x00, 0x00, 0xD8, 0xC0, 
0x00, 0x00, 0x00, 0x00, 
0xC0, 0x00, 0x00, 0x00, 
0x82, 0x01, 0x01, 0xE0, 
0x06, 0x10, 0x16, 0xAE, 
0x06, 0x50, 0x60, 0x00, 
0x06, 0x00, 0x28, 0x00, 
0x06, 0x40, 0x16, 0xBE, 
0xC0, 0x00, 0x08, 0x0F, 
0x8D, 0x80, 0x01, 0xD2, 
0xC0, 0x00, 0x08, 0x0F, 
0x8D, 0x84, 0x01, 0xD1, 
0xC0, 0x00, 0x08, 0x0F, 
0x8D, 0x94, 0x01, 0xD0, 
0x06, 0x10, 0x15, 0xDE, 
0x06, 0x10, 0x96, 0xBE, 
0x0C, 0x01, 0xFD, 0xA0, 
0x00, 0x10, 0x00, 0x08, 
0x0D, 0x00, 0x01, 0xD0, 
0x05, 0x4C, 0x16, 0xCE, 
0xC0, 0x00, 0x00, 0x10, 
0x80, 0xEC, 0x11, 0x6E, 
0x0C, 0x40, 0x0A, 0x50, 
0x06, 0x00, 0x16, 0xCE, 
0x00, 0x04, 0x00, 0x80, 
0x00, 0x00, 0x00, 0x00, 
0x05, 0x4C, 0x16, 0xDE, 
0x0C, 0x10, 0x01, 0xD3, 
0x06, 0x10, 0x16, 0xDE, 
0x06, 0x10, 0x96, 0xEE, 
0xE0, 0x20, 0x80, 0x01, 
0x80, 0x00, 0x01, 0x02, 
0x00, 0x00, 0x00, 0x00, 
0x05, 0x4C, 0x17, 0x1E, 
0xC0, 0x00, 0x00, 0x00, 
0x82, 0x0C, 0x00, 0xC0, 
0xC0, 0x00, 0x00, 0x00, 
0x82, 0x1E, 0x00, 0x6F, 
0xC0, 0x00, 0x00, 0x00, 
0x82, 0x6F, 0x01, 0xD5, 
0xFD, 0x6A, 0x80, 0x00, 
0x80, 0x00, 0x00, 0xC3, 
0xF8, 0x74, 0x80, 0x03, 
0x81, 0x40, 0x41, 0xC5, 
0xFC, 0x6A, 0x80, 0x21, 
0x88, 0x00, 0x08, 0xC3, 
0xE0, 0x34, 0xA2, 0x07, 
0x80, 0x42, 0x09, 0xC5, 
0x05, 0x5C, 0x50, 0x00, 
0x05, 0x4C, 0x17, 0x4E, 
0xC0, 0x00, 0x00, 0x00, 
0x82, 0x0C, 0x00, 0xC6, 
0xC0, 0x00, 0x00, 0x00, 
0x82, 0x1E, 0x00, 0x72, 
0xC0, 0x00, 0x00, 0x00, 
0x82, 0x6F, 0x01, 0xDA, 
0xFD, 0x6A, 0x80, 0x00, 
0x80, 0x00, 0x00, 0xC3, 
0xF8, 0x74, 0x80, 0x03, 
0x81, 0x40, 0x41, 0xC5, 
0xFC, 0x6A, 0x80, 0x21, 
0x88, 0x00, 0x08, 0xC3, 
0xE0, 0x34, 0xA2, 0x07, 
0x80, 0x42, 0x09, 0xC5, 
0x05, 0x5C, 0x50, 0x00, 
0x05, 0x4C, 0x17, 0x7E, 
0xC0, 0x00, 0x00, 0x00, 
0x82, 0x0C, 0x00, 0xCC, 
0xC0, 0x00, 0x00, 0x00, 
0x82, 0x1E, 0x00, 0x75, 
0xC0, 0x00, 0x00, 0x00, 
0x82, 0x6F, 0x01, 0xDF, 
0xFD, 0x6A, 0x80, 0x00, 
0x80, 0x00, 0x00, 0xC3, 
0xF8, 0x74, 0x80, 0x03, 
0x81, 0x40, 0x41, 0xC5, 
0xFC, 0x6A, 0x80, 0x21, 
0x88, 0x00, 0x08, 0xC3, 
0xE0, 0x34, 0xA2, 0x07, 
0x80, 0x42, 0x09, 0xC5, 
0x05, 0x5C, 0x50, 0x00, 
0x05, 0x4C, 0x17, 0xAE, 
0xC0, 0x00, 0x00, 0x00, 
0x82, 0x0C, 0x00, 0xD2, 
0xC0, 0x00, 0x00, 0x00, 
0x82, 0x1E, 0x00, 0x78, 
0xC0, 0x00, 0x00, 0x00, 
0x82, 0x6F, 0x01, 0xE4, 
0xFD, 0x6A, 0x80, 0x00, 
0x80, 0x00, 0x00, 0xC3, 
0xF8, 0x74, 0x80, 0x03, 
0x81, 0x40, 0x41, 0xC5, 
0xFC, 0x6A, 0x80, 0x21, 
0x88, 0x00, 0x08, 0xC3, 
0xE0, 0x34, 0xA2, 0x07, 
0x80, 0x42, 0x09, 0xC5, 
0x05, 0x5C, 0x50, 0x00, 
0x05, 0x4C, 0x17, 0xDE, 
0xC0, 0x00, 0x00, 0x00, 
0x82, 0x0C, 0x00, 0xD8, 
0xC0, 0x00, 0x00, 0x00, 
0x82, 0x1E, 0x00, 0x7B, 
0xC0, 0x00, 0x00, 0x00, 
0x82, 0x6F, 0x01, 0xE9, 
0xFD, 0x6A, 0x80, 0x00, 
0x80, 0x00, 0x00, 0xC3, 
0xF8, 0x74, 0x80, 0x03, 
0x81, 0x40, 0x41, 0xC5, 
0xFC, 0x6A, 0x80, 0x21, 
0x88, 0x00, 0x08, 0xC3, 
0xE0, 0x34, 0xA2, 0x07, 
0x80, 0x42, 0x09, 0xC5, 
0x05, 0x5C, 0x50, 0x00, 
0x05, 0x4C, 0x17, 0xEE, 
0x08, 0x82, 0x00, 0x20, 
0x0A, 0x21, 0x01, 0xEE, 
0x00, 0x84, 0x30, 0x00, 
0x00, 0x00, 0xD8, 0xC0, 
0x00, 0x00, 0x00, 0x00, 
0xC0, 0x00, 0x00, 0x00, 
0x82, 0x01, 0x03, 0xC1, 
0x06, 0x10, 0x17, 0xEE, 
0x06, 0x50, 0x60, 0x00, 
0x06, 0x00, 0x28, 0x00, 
0x06, 0x40, 0x17, 0xFE, 
0xC0, 0x00, 0x08, 0x0F, 
0x8D, 0x80, 0x01, 0xF1, 
0xC0, 0x00, 0x08, 0x0F, 
0x8D, 0x84, 0x01, 0xF0, 
0xC0, 0x00, 0x08, 0x0F, 
0x8D, 0x94, 0x01, 0xEF, 
0x06, 0x10, 0x17, 0xFE, 
0x0C, 0x01, 0xFD, 0xA0, 
0x00, 0x04, 0x00, 0x08, 
0x0D, 0x00, 0x01, 0xEF, 
0xC0, 0x00, 0x00, 0x10, 
0x80, 0xCC, 0x11, 0x5E, 
0xC0, 0x00, 0x00, 0x00, 
0x82, 0x0C, 0x00, 0xDE, 
0xC0, 0x00, 0x00, 0x00, 
0x82, 0x1E, 0x00, 0x6F, 
0xC0, 0x00, 0x00, 0x00, 
0x82, 0x6F, 0x01, 0xF2, 
0xFD, 0x6A, 0x80, 0x00, 
0x80, 0x00, 0x00, 0xC3, 
0xF8, 0x74, 0x80, 0x03, 
0x81, 0x40, 0x41, 0xC5, 
0xFC, 0x6A, 0x80, 0x21, 
0x88, 0x00, 0x08, 0xC3, 
0xE0, 0x34, 0xA2, 0x07, 
0x80, 0x42, 0x09, 0xC5, 
0x05, 0x5C, 0x50, 0x00, 
0xC0, 0x00, 0x00, 0x10, 
0x80, 0x4C, 0x18, 0x2E, 
0xC0, 0x00, 0x00, 0x00, 
0x82, 0x0C, 0x00, 0xE4, 
0xC0, 0x00, 0x00, 0x00, 
0x82, 0x1E, 0x00, 0x80, 
0xC0, 0x00, 0x00, 0x00, 
0x82, 0x6F, 0x01, 0xF7, 
0xFD, 0x6A, 0x80, 0x00, 
0x80, 0x00, 0x00, 0xC3, 
0xF8, 0x74, 0x80, 0x03, 
0x81, 0x40, 0x41, 0xC5, 
0xFC, 0x6A, 0x80, 0x21, 
0x88, 0x00, 0x08, 0xC3, 
0xE0, 0x34, 0xA2, 0x07, 
0x80, 0x42, 0x09, 0xC5, 
0x05, 0x5C, 0x50, 0x00, 
0xC0, 0x00, 0x00, 0x10, 
0x80, 0x4C, 0x18, 0x5E, 
0xC0, 0x00, 0x00, 0x00, 
0x82, 0x0C, 0x00, 0xEA, 
0xC0, 0x00, 0x00, 0x00, 
0x82, 0x1E, 0x00, 0x83, 
0xC0, 0x00, 0x00, 0x00, 
0x82, 0x6F, 0x01, 0xFC, 
0xFD, 0x6A, 0x80, 0x00, 
0x80, 0x00, 0x00, 0xC3, 
0xF8, 0x74, 0x80, 0x03, 
0x81, 0x40, 0x41, 0xC5, 
0xFC, 0x6A, 0x80, 0x21, 
0x88, 0x00, 0x08, 0xC3, 
0xE0, 0x34, 0xA2, 0x07, 
0x80, 0x42, 0x09, 0xC5, 
0x05, 0x5C, 0x50, 0x00, 
0xC0, 0x00, 0x00, 0x10, 
0x80, 0x4C, 0x18, 0x8E, 
0xC0, 0x00, 0x00, 0x00, 
0x82, 0x0C, 0x00, 0xF0, 
0xC0, 0x00, 0x00, 0x00, 
0x82, 0x1E, 0x00, 0x86, 
0xC0, 0x00, 0x00, 0x00, 
0x82, 0x6F, 0x02, 0x01, 
0xFD, 0x6A, 0x80, 0x00, 
0x80, 0x00, 0x00, 0xC3, 
0xF8, 0x74, 0x80, 0x03, 
0x81, 0x40, 0x41, 0xC5, 
0xFC, 0x6A, 0x80, 0x21, 
0x88, 0x00, 0x08, 0xC3, 
0xE0, 0x34, 0xA2, 0x07, 
0x80, 0x42, 0x09, 0xC5, 
0x05, 0x5C, 0x50, 0x00, 
0xC0, 0x00, 0x00, 0x10, 
0x80, 0x4C, 0x1D, 0xEE, 
0x0C, 0x10, 0x02, 0x06, 
0xC0, 0x00, 0x00, 0x18, 
0x80, 0x10, 0x18, 0x9E, 
0x06, 0x10, 0x96, 0xDE, 
0xE0, 0x20, 0x80, 0x01, 
0x80, 0x00, 0x01, 0x02, 
0x00, 0x00, 0x00, 0x00, 
0xC0, 0x00, 0x00, 0x10, 
0x80, 0x4C, 0x18, 0xCE, 
0xC0, 0x00, 0x00, 0x00, 
0x82, 0x0C, 0x00, 0xF6, 
0xC0, 0x00, 0x00, 0x00, 
0x82, 0x1E, 0x00, 0x8A, 
0xC0, 0x00, 0x00, 0x00, 
0x82, 0x6F, 0x02, 0x08, 
0xFD, 0x6A, 0x80, 0x00, 
0x80, 0x00, 0x00, 0xC3, 
0xF8, 0x74, 0x80, 0x03, 
0x81, 0x40, 0x41, 0xC5, 
0xFC, 0x6A, 0x80, 0x21, 
0x88, 0x00, 0x08, 0xC3, 
0xE0, 0x34, 0xA2, 0x07, 
0x80, 0x42, 0x09, 0xC5, 
0x05, 0x5C, 0x50, 0x00, 
0xC0, 0x00, 0x00, 0x10, 
0x80, 0x4C, 0x18, 0xFE, 
0xC0, 0x00, 0x00, 0x00, 
0x82, 0x0C, 0x00, 0xFC, 
0xC0, 0x00, 0x00, 0x00, 
0x82, 0x1E, 0x00, 0x8D, 
0xC0, 0x00, 0x00, 0x00, 
0x82, 0x6F, 0x02, 0x0D, 
0xFD, 0x6A, 0x80, 0x00, 
0x80, 0x00, 0x00, 0xC3, 
0xF8, 0x74, 0x80, 0x03, 
0x81, 0x40, 0x41, 0xC5, 
0xFC, 0x6A, 0x80, 0x21, 
0x88, 0x00, 0x08, 0xC3, 
0xE0, 0x34, 0xA2, 0x07, 
0x80, 0x42, 0x09, 0xC5, 
0x05, 0x5C, 0x50, 0x00, 
0xC0, 0x00, 0x00, 0x10, 
0x80, 0x4C, 0x19, 0x2E, 
0xC0, 0x00, 0x00, 0x00, 
0x82, 0x0C, 0x01, 0x02, 
0xC0, 0x00, 0x00, 0x00, 
0x82, 0x1E, 0x00, 0x90, 
0xC0, 0x00, 0x00, 0x00, 
0x82, 0x6F, 0x02, 0x12, 
0xFD, 0x6A, 0x80, 0x00, 
0x80, 0x00, 0x00, 0xC3, 
0xF8, 0x74, 0x80, 0x03, 
0x81, 0x40, 0x41, 0xC5, 
0xFC, 0x6A, 0x80, 0x21, 
0x88, 0x00, 0x08, 0xC3, 
0xE0, 0x34, 0xA2, 0x07, 
0x80, 0x42, 0x09, 0xC5, 
0x05, 0x5C, 0x50, 0x00, 
0xC0, 0x00, 0x00, 0x10, 
0x80, 0x4C, 0x19, 0x5E, 
0xC0, 0x00, 0x00, 0x00, 
0x82, 0x0C, 0x01, 0x08, 
0xC0, 0x00, 0x00, 0x00, 
0x82, 0x1E, 0x00, 0x93, 
0xC0, 0x00, 0x00, 0x00, 
0x82, 0x6F, 0x02, 0x17, 
0xFD, 0x6A, 0x80, 0x00, 
0x80, 0x00, 0x00, 0xC3, 
0xF8, 0x74, 0x80, 0x03, 
0x81, 0x40, 0x41, 0xC5, 
0xFC, 0x6A, 0x80, 0x21, 
0x88, 0x00, 0x08, 0xC3, 
0xE0, 0x34, 0xA2, 0x07, 
0x80, 0x42, 0x09, 0xC5, 
0x05, 0x5C, 0x50, 0x00, 
0xC0, 0x00, 0x00, 0x10, 
0x80, 0x4C, 0x19, 0x8E, 
0xC0, 0x00, 0x00, 0x00, 
0x82, 0x0C, 0x01, 0x0E, 
0xC0, 0x00, 0x00, 0x00, 
0x82, 0x1E, 0x00, 0x96, 
0xC0, 0x00, 0x00, 0x00, 
0x82, 0x6F, 0x02, 0x1C, 
0xFD, 0x6A, 0x80, 0x00, 
0x80, 0x00, 0x00, 0xC3, 
0xF8, 0x74, 0x80, 0x03, 
0x81, 0x40, 0x41, 0xC5, 
0xFC, 0x6A, 0x80, 0x21, 
0x88, 0x00, 0x08, 0xC3, 
0xE0, 0x34, 0xA2, 0x07, 
0x80, 0x42, 0x09, 0xC5, 
0x05, 0x5C, 0x50, 0x00, 
0xC0, 0x00, 0x00, 0x10, 
0x80, 0x4C, 0x19, 0x9E, 
0x08, 0x82, 0x00, 0x20, 
0x0A, 0x21, 0x02, 0x21, 
0x00, 0x84, 0x30, 0x00, 
0x00, 0x00, 0xD8, 0xC0, 
0x00, 0x00, 0x00, 0x00, 
0xC0, 0x00, 0x00, 0x00, 
0x82, 0x01, 0x05, 0xA2, 
0xC0, 0x00, 0x00, 0x18, 
0x80, 0x10, 0x19, 0x9E, 
0x06, 0x50, 0x60, 0x00, 
0x06, 0x00, 0x28, 0x00, 
0xC0, 0x00, 0x00, 0x18, 
0x80, 0x40, 0x19, 0xAE, 
0xC0, 0x00, 0x08, 0x0F, 
0x8D, 0x80, 0x02, 0x24, 
0xC0, 0x00, 0x08, 0x0F, 
0x8D, 0x84, 0x02, 0x23, 
0xC0, 0x00, 0x08, 0x0F, 
0x8D, 0x94, 0x02, 0x22, 
0xC0, 0x00, 0x00, 0x18, 
0x80, 0x10, 0x19, 0xAE, 
0x0C, 0x01, 0xFD, 0xA0, 
0x00, 0x04, 0x00, 0x08, 
0x0D, 0x00, 0x02, 0x22, 
0xC0, 0x00, 0x00, 0x10, 
0x80, 0xCC, 0x11, 0x4E, 
0xC0, 0x00, 0x00, 0x00, 
0x82, 0x0C, 0x01, 0x14, 
0xC0, 0x00, 0x00, 0x00, 
0x82, 0x1E, 0x00, 0x8A, 
0xC0, 0x00, 0x00, 0x00, 
0x82, 0x6F, 0x02, 0x25, 
0xFD, 0x6A, 0x80, 0x00, 
0x80, 0x00, 0x00, 0xC3, 
0xF8, 0x74, 0x80, 0x03, 
0x81, 0x40, 0x41, 0xC5, 
0xFC, 0x6A, 0x80, 0x21, 
0x88, 0x00, 0x08, 0xC3, 
0xE0, 0x34, 0xA2, 0x07, 
0x80, 0x42, 0x09, 0xC5, 
0x05, 0x5C, 0x50, 0x00, 
0xC0, 0x00, 0x00, 0x10, 
0x80, 0x4C, 0x19, 0xDE, 
0xC0, 0x00, 0x00, 0x00, 
0x82, 0x0C, 0x01, 0x1A, 
0xC0, 0x00, 0x00, 0x00, 
0x82, 0x1E, 0x00, 0x9B, 
0xC0, 0x00, 0x00, 0x00, 
0x82, 0x6F, 0x02, 0x2A, 
0xFD, 0x6A, 0x80, 0x00, 
0x80, 0x00, 0x00, 0xC3, 
0xF8, 0x74, 0x80, 0x03, 
0x81, 0x40, 0x41, 0xC5, 
0xFC, 0x6A, 0x80, 0x21, 
0x88, 0x00, 0x08, 0xC3, 
0xE0, 0x34, 0xA2, 0x07, 
0x80, 0x42, 0x09, 0xC5, 
0x05, 0x5C, 0x50, 0x00, 
0xC0, 0x00, 0x00, 0x10, 
0x80, 0x4C, 0x1A, 0x0E, 
0xC0, 0x00, 0x00, 0x00, 
0x82, 0x0C, 0x01, 0x20, 
0xC0, 0x00, 0x00, 0x00, 
0x82, 0x1E, 0x00, 0x9E, 
0xC0, 0x00, 0x00, 0x00, 
0x82, 0x6F, 0x02, 0x2F, 
0xFD, 0x6A, 0x80, 0x00, 
0x80, 0x00, 0x00, 0xC3, 
0xF8, 0x74, 0x80, 0x03, 
0x81, 0x40, 0x41, 0xC5, 
0xFC, 0x6A, 0x80, 0x21, 
0x88, 0x00, 0x08, 0xC3, 
0xE0, 0x34, 0xA2, 0x07, 
0x80, 0x42, 0x09, 0xC5, 
0x05, 0x5C, 0x50, 0x00, 
0xC0, 0x00, 0x00, 0x10, 
0x80, 0x4C, 0x1A, 0x3E, 
0xC0, 0x00, 0x00, 0x00, 
0x82, 0x0C, 0x01, 0x26, 
0xC0, 0x00, 0x00, 0x00, 
0x82, 0x1E, 0x00, 0xA1, 
0xC0, 0x00, 0x00, 0x00, 
0x82, 0x6F, 0x02, 0x34, 
0xFD, 0x6A, 0x80, 0x00, 
0x80, 0x00, 0x00, 0xC3, 
0xF8, 0x74, 0x80, 0x03, 
0x81, 0x40, 0x41, 0xC5, 
0xFC, 0x6A, 0x80, 0x21, 
0x88, 0x00, 0x08, 0xC3, 
0xE0, 0x34, 0xA2, 0x07, 
0x80, 0x42, 0x09, 0xC5, 
0x05, 0x5C, 0x50, 0x00, 
0xC0, 0x00, 0x00, 0x10, 
0x80, 0x4C, 0x1C, 0x7E, 
0xC0, 0x00, 0x00, 0x00, 
0x82, 0x0C, 0x01, 0x2C, 
0xC0, 0x00, 0x00, 0x00, 
0x82, 0x1E, 0x00, 0xA4, 
0xC0, 0x00, 0x00, 0x00, 
0x82, 0x6F, 0x02, 0x39, 
0xFD, 0x6A, 0x80, 0x00, 
0x80, 0x00, 0x00, 0xC3, 
0xF8, 0x74, 0x80, 0x03, 
0x81, 0x40, 0x41, 0xC5, 
0xFC, 0x6A, 0x80, 0x21, 
0x88, 0x00, 0x08, 0xC3, 
0xE0, 0x34, 0xA2, 0x07, 
0x80, 0x42, 0x09, 0xC5, 
0x05, 0x5C, 0x50, 0x00, 
0xC0, 0x00, 0x00, 0x10, 
0x80, 0x4C, 0x1A, 0x9E, 
0xC0, 0x00, 0x00, 0x00, 
0x82, 0x0C, 0x01, 0x32, 
0xC0, 0x00, 0x00, 0x00, 
0x82, 0x1E, 0x00, 0xA7, 
0xC0, 0x00, 0x00, 0x00, 
0x82, 0x6F, 0x02, 0x3E, 
0xFD, 0x6A, 0x80, 0x00, 
0x80, 0x00, 0x00, 0xC3, 
0xF8, 0x74, 0x80, 0x03, 
0x81, 0x40, 0x41, 0xC5, 
0xFC, 0x6A, 0x80, 0x21, 
0x88, 0x00, 0x08, 0xC3, 
0xE0, 0x34, 0xA2, 0x07, 
0x80, 0x42, 0x09, 0xC5, 
0x03, 0x04, 0x04, 0x93, 
0xFD, 0x6A, 0x80, 0x27, 
0x8A, 0x80, 0x08, 0xC3, 
0xE8, 0xB4, 0xA6, 0x43, 
0x81, 0x42, 0x09, 0xC5, 
0xFC, 0x6A, 0x80, 0x21, 
0x8F, 0x04, 0x08, 0xC3, 
0xE9, 0xB4, 0xA2, 0x07, 
0x80, 0x42, 0x09, 0xC5, 
0xE8, 0x80, 0x00, 0x27, 
0x8A, 0x82, 0x08, 0x00, 
0x00, 0x84, 0x01, 0x19, 
0x05, 0x5C, 0xD0, 0x00, 
0xC0, 0x00, 0x00, 0x10, 
0x80, 0x4C, 0x9A, 0xCE, 
0xC0, 0x00, 0x00, 0x00, 
0x82, 0x0C, 0x01, 0x5C, 
0xC0, 0x00, 0x00, 0x00, 
0x82, 0x1E, 0x00, 0xAA, 
0xC0, 0x00, 0x00, 0x00, 
0x82, 0x6F, 0x02, 0x70, 
0xFD, 0x6A, 0x80, 0x00, 
0x80, 0x00, 0x00, 0xC3, 
0xF8, 0x74, 0x80, 0x03, 
0x81, 0x40, 0x41, 0xC5, 
0xFC, 0x6A, 0x80, 0x21, 
0x88, 0x00, 0x08, 0xC3, 
0xE0, 0x34, 0xA2, 0x07, 
0x80, 0x42, 0x09, 0xC5, 
0x05, 0x5C, 0x50, 0x00, 
0xC0, 0x00, 0x00, 0x10, 
0x80, 0x4C, 0x1A, 0xFE, 
0xC0, 0x00, 0x00, 0x00, 
0x82, 0x0C, 0x01, 0x62, 
0xC0, 0x00, 0x00, 0x00, 
0x82, 0x1E, 0x00, 0xAD, 
0xC0, 0x00, 0x00, 0x00, 
0x82, 0x6F, 0x02, 0x75, 
0xFD, 0x6A, 0x80, 0x00, 
0x80, 0x00, 0x00, 0xC3, 
0xF8, 0x74, 0x80, 0x03, 
0x81, 0x40, 0x41, 0xC5, 
0xFC, 0x6A, 0x80, 0x21, 
0x88, 0x00, 0x08, 0xC3, 
0xE0, 0x34, 0xA2, 0x07, 
0x80, 0x42, 0x09, 0xC5, 
0x05, 0x5C, 0x50, 0x00, 
0xC0, 0x00, 0x00, 0x10, 
0x80, 0x4C, 0x1B, 0x2E, 
0xC0, 0x00, 0x00, 0x00, 
0x82, 0x0C, 0x01, 0x68, 
0xC0, 0x00, 0x00, 0x00, 
0x82, 0x1E, 0x00, 0xB0, 
0xC0, 0x00, 0x00, 0x00, 
0x82, 0x6F, 0x02, 0x7A, 
0xFD, 0x6A, 0x80, 0x00, 
0x80, 0x00, 0x00, 0xC3, 
0xF8, 0x74, 0x80, 0x03, 
0x81, 0x40, 0x41, 0xC5, 
0xFC, 0x6A, 0x80, 0x21, 
0x88, 0x00, 0x08, 0xC3, 
0xE0, 0x34, 0xA2, 0x07, 
0x80, 0x42, 0x09, 0xC5, 
0x05, 0x5C, 0x50, 0x00, 
0xC0, 0x00, 0x00, 0x10, 
0x80, 0x4C, 0x1B, 0x5E, 
0xC0, 0x00, 0x00, 0x00, 
0x82, 0x0C, 0x01, 0x6E, 
0xC0, 0x00, 0x00, 0x00, 
0x82, 0x1E, 0x00, 0xB3, 
0xC0, 0x00, 0x00, 0x00, 
0x82, 0x6F, 0x02, 0x7F, 
0xFD, 0x6A, 0x80, 0x00, 
0x80, 0x00, 0x00, 0xC3, 
0xF8, 0x74, 0x80, 0x03, 
0x81, 0x40, 0x41, 0xC5, 
0xFC, 0x6A, 0x80, 0x21, 
0x88, 0x00, 0x08, 0xC3, 
0xE0, 0x34, 0xA2, 0x07, 
0x80, 0x42, 0x09, 0xC5, 
0x05, 0x5C, 0x50, 0x00, 
0xC0, 0x00, 0x00, 0x10, 
0x80, 0x4C, 0x1B, 0x8E, 
0xC0, 0x00, 0x00, 0x00, 
0x82, 0x0C, 0x01, 0x74, 
0xC0, 0x00, 0x00, 0x00, 
0x82, 0x1E, 0x00, 0xB6, 
0xC0, 0x00, 0x00, 0x00, 
0x82, 0x6F, 0x02, 0x84, 
0xFD, 0x6A, 0x80, 0x00, 
0x80, 0x00, 0x00, 0xC3, 
0xF8, 0x74, 0x80, 0x03, 
0x81, 0x40, 0x41, 0xC5, 
0xFC, 0x6A, 0x80, 0x21, 
0x88, 0x00, 0x08, 0xC3, 
0xE0, 0x34, 0xA2, 0x07, 
0x80, 0x42, 0x09, 0xC5, 
0x05, 0x5C, 0x50, 0x00, 
0xC0, 0x00, 0x00, 0x10, 
0x80, 0x4C, 0x1B, 0xBE, 
0xC0, 0x00, 0x00, 0x00, 
0x82, 0x0C, 0x01, 0x7A, 
0xC0, 0x00, 0x00, 0x00, 
0x82, 0x1E, 0x00, 0xB9, 
0xC0, 0x00, 0x00, 0x00, 
0x82, 0x6F, 0x02, 0x89, 
0xFD, 0x6A, 0x80, 0x00, 
0x80, 0x00, 0x00, 0xC3, 
0xF8, 0x74, 0x80, 0x03, 
0x81, 0x40, 0x41, 0xC5, 
0xFC, 0x6A, 0x80, 0x21, 
0x88, 0x00, 0x08, 0xC3, 
0xE0, 0x34, 0xA2, 0x07, 
0x80, 0x42, 0x09, 0xC5, 
0x05, 0x5C, 0x50, 0x00, 
0xC0, 0x00, 0x00, 0x10, 
0x80, 0x4C, 0x1B, 0xCE, 
0x08, 0x82, 0x00, 0x20, 
0x0A, 0x21, 0x02, 0x8E, 
0x00, 0x84, 0x30, 0x00, 
0x00, 0x00, 0xD8, 0xC0, 
0x00, 0x00, 0x00, 0x00, 
0xC0, 0x00, 0x00, 0x00, 
0x82, 0x01, 0x07, 0x83, 
0xC0, 0x00, 0x00, 0x18, 
0x80, 0x10, 0x1B, 0xCE, 
0x06, 0x50, 0x60, 0x00, 
0x06, 0x00, 0x28, 0x00, 
0xC0, 0x00, 0x00, 0x18, 
0x80, 0x40, 0x1B, 0xDE, 
0xC0, 0x00, 0x08, 0x0F, 
0x8D, 0x80, 0x02, 0x91, 
0xC0, 0x00, 0x08, 0x0F, 
0x8D, 0x84, 0x02, 0x90, 
0xC0, 0x00, 0x08, 0x0F, 
0x8D, 0x94, 0x02, 0x8F, 
0xC0, 0x00, 0x00, 0x18, 
0x80, 0x10, 0x1B, 0xDE, 
0x0C, 0x01, 0xFD, 0xA0, 
0x00, 0x04, 0x00, 0x08, 
0x0D, 0x00, 0x02, 0x8F, 
0xC0, 0x00, 0x00, 0x10, 
0x80, 0xCC, 0x11, 0x7E, 
0xC0, 0x00, 0x00, 0x00, 
0x82, 0x0C, 0x01, 0x80, 
0xC0, 0x00, 0x00, 0x00, 
0x82, 0x1E, 0x00, 0xAD, 
0xC0, 0x00, 0x00, 0x00, 
0x82, 0x6F, 0x02, 0x92, 
0xFD, 0x6A, 0x80, 0x00, 
0x80, 0x00, 0x00, 0xC3, 
0xF8, 0x74, 0x80, 0x03, 
0x81, 0x40, 0x41, 0xC5, 
0xFC, 0x6A, 0x80, 0x21, 
0x88, 0x00, 0x08, 0xC3, 
0xE0, 0x34, 0xA2, 0x07, 
0x80, 0x42, 0x09, 0xC5, 
0x05, 0x5C, 0x50, 0x00, 
0xC0, 0x00, 0x00, 0x10, 
0x80, 0x4C, 0x1C, 0x0E, 
0xC0, 0x00, 0x00, 0x00, 
0x82, 0x0C, 0x01, 0x86, 
0xC0, 0x00, 0x00, 0x00, 
0x82, 0x1E, 0x00, 0xBE, 
0xC0, 0x00, 0x00, 0x00, 
0x82, 0x6F, 0x02, 0x97, 
0xFD, 0x6A, 0x80, 0x00, 
0x80, 0x00, 0x00, 0xC3, 
0xF8, 0x74, 0x80, 0x03, 
0x81, 0x40, 0x41, 0xC5, 
0xFC, 0x6A, 0x80, 0x21, 
0x88, 0x00, 0x08, 0xC3, 
0xE0, 0x34, 0xA2, 0x07, 
0x80, 0x42, 0x09, 0xC5, 
0x05, 0x5C, 0x50, 0x00, 
0xC0, 0x00, 0x00, 0x10, 
0x80, 0x4C, 0x1C, 0x3E, 
0xC0, 0x00, 0x00, 0x00, 
0x82, 0x0C, 0x01, 0x8C, 
0xC0, 0x00, 0x00, 0x00, 
0x82, 0x1E, 0x00, 0xC1, 
0xC0, 0x00, 0x00, 0x00, 
0x82, 0x6F, 0x02, 0x9C, 
0xFD, 0x6A, 0x80, 0x00, 
0x80, 0x00, 0x00, 0xC3, 
0xF8, 0x74, 0x80, 0x03, 
0x81, 0x40, 0x41, 0xC5, 
0xFC, 0x6A, 0x80, 0x21, 
0x88, 0x00, 0x08, 0xC3, 
0xE0, 0x34, 0xA2, 0x07, 
0x80, 0x42, 0x09, 0xC5, 
0x05, 0x5C, 0x50, 0x00, 
0xC0, 0x00, 0x00, 0x10, 
0x80, 0x4C, 0x1C, 0x6E, 
0xC0, 0x00, 0x00, 0x00, 
0x82, 0x0C, 0x01, 0x92, 
0xC0, 0x00, 0x00, 0x00, 
0x82, 0x1E, 0x00, 0xC4, 
0xC0, 0x00, 0x00, 0x00, 
0x82, 0x6F, 0x02, 0xA1, 
0xFD, 0x6A, 0x80, 0x00, 
0x80, 0x00, 0x00, 0xC3, 
0xF8, 0x74, 0x80, 0x03, 
0x81, 0x40, 0x41, 0xC5, 
0xFC, 0x6A, 0x80, 0x21, 
0x88, 0x00, 0x08, 0xC3, 
0xE0, 0x34, 0xA2, 0x07, 
0x80, 0x42, 0x09, 0xC5, 
0x05, 0x5C, 0x50, 0x00, 
0xC0, 0x00, 0x00, 0x10, 
0x80, 0x4C, 0x1C, 0x8E, 
0x0C, 0x30, 0x02, 0xA6, 
0xC0, 0x00, 0x00, 0x18, 
0x80, 0x10, 0x1C, 0x7E, 
0xC0, 0x00, 0x00, 0x18, 
0x80, 0x10, 0x9C, 0x8E, 
0x00, 0x06, 0x04, 0x00, 
0x00, 0x00, 0x00, 0x00, 
0xC0, 0x00, 0x00, 0x10, 
0x80, 0xCC, 0x90, 0x3E, 
0xC0, 0x00, 0x00, 0x00, 
0x82, 0x0C, 0x01, 0x98, 
0xC0, 0x00, 0x00, 0x00, 
0x82, 0x1E, 0x00, 0xC9, 
0xC0, 0x00, 0x00, 0x00, 
0x82, 0x6F, 0x02, 0xA8, 
0xFD, 0x6A, 0x80, 0x00, 
0x80, 0x00, 0x00, 0xC3, 
0xF8, 0x74, 0x80, 0x03, 
0x81, 0x40, 0x41, 0xC5, 
0xFC, 0x6A, 0x80, 0x21, 
0x88, 0x00, 0x08, 0xC3, 
0xE0, 0x34, 0xA2, 0x07, 
0x80, 0x42, 0x09, 0xC5, 
0x05, 0x5C, 0x50, 0x00, 
0xC0, 0x00, 0x00, 0x10, 
0x80, 0x4C, 0x1C, 0xEE, 
0xC0, 0x00, 0x00, 0x00, 
0x82, 0x0C, 0x01, 0x9E, 
0xC0, 0x00, 0x00, 0x00, 
0x82, 0x1E, 0x00, 0xCC, 
0xC0, 0x00, 0x00, 0x00, 
0x82, 0x6F, 0x02, 0xAD, 
0xFD, 0x6A, 0x80, 0x00, 
0x80, 0x00, 0x00, 0xC3, 
0xF8, 0x74, 0x80, 0x03, 
0x81, 0x40, 0x41, 0xC5, 
0xFC, 0x6A, 0x80, 0x21, 
0x88, 0x00, 0x08, 0xC3, 
0xE0, 0x34, 0xA2, 0x07, 
0x80, 0x42, 0x09, 0xC5, 
0x03, 0x04, 0x05, 0x8E, 
0xFD, 0x6A, 0x80, 0x27, 
0x8A, 0x80, 0x08, 0xC3, 
0xE8, 0xB4, 0xA6, 0x43, 
0x81, 0x42, 0x09, 0xC5, 
0xFC, 0x6A, 0x80, 0x21, 
0x8F, 0x04, 0x08, 0xC3, 
0xE9, 0xB4, 0xA2, 0x07, 
0x80, 0x42, 0x09, 0xC5, 
0xE8, 0x80, 0x00, 0x27, 
0x8A, 0x82, 0x08, 0x00, 
0x00, 0x84, 0x01, 0x19, 
0x05, 0x5C, 0xD0, 0x00, 
0xC0, 0x00, 0x00, 0x10, 
0x80, 0x4C, 0x9D, 0x1E, 
0xC0, 0x00, 0x00, 0x00, 
0x82, 0x0C, 0x01, 0xC8, 
0xC0, 0x00, 0x00, 0x00, 
0x82, 0x1E, 0x00, 0xCF, 
0xC0, 0x00, 0x00, 0x00, 
0x82, 0x6F, 0x02, 0xDF, 
0xFD, 0x6A, 0x80, 0x00, 
0x80, 0x00, 0x00, 0xC3, 
0xF8, 0x74, 0x80, 0x03, 
0x81, 0x40, 0x41, 0xC5, 
0xFC, 0x6A, 0x80, 0x21, 
0x88, 0x00, 0x08, 0xC3, 
0xE0, 0x34, 0xA2, 0x07, 
0x80, 0x42, 0x09, 0xC5, 
0x05, 0x5C, 0x50, 0x00, 
0xC0, 0x00, 0x00, 0x10, 
0x80, 0x4C, 0x1D, 0x4E, 
0xC0, 0x00, 0x00, 0x00, 
0x82, 0x0C, 0x01, 0xCE, 
0xC0, 0x00, 0x00, 0x00, 
0x82, 0x1E, 0x00, 0xD2, 
0xC0, 0x00, 0x00, 0x00, 
0x82, 0x6F, 0x02, 0xE4, 
0xFD, 0x6A, 0x80, 0x00, 
0x80, 0x00, 0x00, 0xC3, 
0xF8, 0x74, 0x80, 0x03, 
0x81, 0x40, 0x41, 0xC5, 
0xFC, 0x6A, 0x80, 0x21, 
0x88, 0x00, 0x08, 0xC3, 
0xE0, 0x34, 0xA2, 0x07, 
0x80, 0x42, 0x09, 0xC5, 
0x05, 0x5C, 0x50, 0x00, 
0xC0, 0x00, 0x00, 0x10, 
0x80, 0x4C, 0x1D, 0x7E, 
0xC0, 0x00, 0x00, 0x00, 
0x82, 0x0C, 0x01, 0xD4, 
0xC0, 0x00, 0x00, 0x00, 
0x82, 0x1E, 0x00, 0xD5, 
0xC0, 0x00, 0x00, 0x00, 
0x82, 0x6F, 0x02, 0xE9, 
0xFD, 0x6A, 0x80, 0x00, 
0x80, 0x00, 0x00, 0xC3, 
0xF8, 0x74, 0x80, 0x03, 
0x81, 0x40, 0x41, 0xC5, 
0xFC, 0x6A, 0x80, 0x21, 
0x88, 0x00, 0x08, 0xC3, 
0xE0, 0x34, 0xA2, 0x07, 
0x80, 0x42, 0x09, 0xC5, 
0x05, 0x5C, 0x50, 0x00, 
0xC0, 0x00, 0x00, 0x10, 
0x80, 0x4C, 0x1D, 0xAE, 
0xC0, 0x00, 0x00, 0x00, 
0x82, 0x0C, 0x01, 0xDA, 
0xC0, 0x00, 0x00, 0x00, 
0x82, 0x1E, 0x00, 0xD8, 
0xC0, 0x00, 0x00, 0x00, 
0x82, 0x6F, 0x02, 0xEE, 
0xFD, 0x6A, 0x80, 0x00, 
0x80, 0x00, 0x00, 0xC3, 
0xF8, 0x74, 0x80, 0x03, 
0x81, 0x40, 0x41, 0xC5, 
0xFC, 0x6A, 0x80, 0x21, 
0x88, 0x00, 0x08, 0xC3, 
0xE0, 0x34, 0xA2, 0x07, 
0x80, 0x42, 0x09, 0xC5, 
0x05, 0x5C, 0x50, 0x00, 
0xC0, 0x00, 0x00, 0x10, 
0x80, 0x4C, 0x1D, 0xDE, 
0xC0, 0x00, 0x00, 0x00, 
0x82, 0x0C, 0x01, 0xE0, 
0xC0, 0x00, 0x00, 0x00, 
0x82, 0x1E, 0x00, 0xDB, 
0xC0, 0x00, 0x00, 0x00, 
0x82, 0x6F, 0x02, 0xF3, 
0xFD, 0x6A, 0x80, 0x00, 
0x80, 0x00, 0x00, 0xC3, 
0xF8, 0x74, 0x80, 0x03, 
0x81, 0x40, 0x41, 0xC5, 
0xFC, 0x6A, 0x80, 0x21, 
0x88, 0x00, 0x08, 0xC3, 
0xE0, 0x34, 0xA2, 0x07, 
0x80, 0x42, 0x09, 0xC5, 
0x05, 0x5C, 0x50, 0x00, 
0xC0, 0x00, 0x00, 0x10, 
0x80, 0x4C, 0x1D, 0xFE, 
0x0C, 0x30, 0x02, 0xF8, 
0xC0, 0x00, 0x00, 0x18, 
0x80, 0x10, 0x1D, 0xEE, 
0xC0, 0x00, 0x00, 0x18, 
0x80, 0x10, 0x9D, 0xFE, 
0x00, 0x06, 0x04, 0x00, 
0x00, 0x00, 0x00, 0x00, 
0xC0, 0x00, 0x00, 0x10, 
0x80, 0xCC, 0x90, 0x5E, 
0xC0, 0x00, 0x00, 0x00, 
0x82, 0x0C, 0x01, 0xE6, 
0xC0, 0x00, 0x00, 0x00, 
0x82, 0x1E, 0x00, 0xD2, 
0xC0, 0x00, 0x00, 0x00, 
0x82, 0x6F, 0x02, 0xFA, 
0xFD, 0x6A, 0x80, 0x00, 
0x80, 0x00, 0x00, 0xC3, 
0xF8, 0x74, 0x80, 0x03, 
0x81, 0x40, 0x41, 0xC5, 
0xFC, 0x6A, 0x80, 0x21, 
0x88, 0x00, 0x08, 0xC3, 
0xE0, 0x34, 0xA2, 0x07, 
0x80, 0x42, 0x09, 0xC5, 
0x05, 0x5C, 0x50, 0x00, 
0xC0, 0x00, 0x00, 0x10, 
0x80, 0x4C, 0x1E, 0x2E, 
0xC0, 0x00, 0x00, 0x00, 
0x82, 0x0C, 0x01, 0xEC, 
0xC0, 0x00, 0x00, 0x00, 
0x82, 0x1E, 0x00, 0xE0, 
0xC0, 0x00, 0x00, 0x00, 
0x82, 0x6F, 0x02, 0xFF, 
0xFD, 0x6A, 0x80, 0x00, 
0x80, 0x00, 0x00, 0xC3, 
0xF8, 0x74, 0x80, 0x03, 
0x81, 0x40, 0x41, 0xC5, 
0xFC, 0x6A, 0x80, 0x21, 
0x88, 0x00, 0x08, 0xC3, 
0xE0, 0x34, 0xA2, 0x07, 
0x80, 0x42, 0x09, 0xC5, 
0x05, 0x5C, 0x50, 0x00, 
0xC0, 0x00, 0x00, 0x10, 
0x80, 0x4C, 0x1E, 0x5E, 
0xC0, 0x00, 0x00, 0x00, 
0x82, 0x0C, 0x01, 0xF2, 
0xC0, 0x00, 0x00, 0x00, 
0x82, 0x1E, 0x00, 0xE3, 
0xC0, 0x00, 0x00, 0x00, 
0x82, 0x6F, 0x03, 0x04, 
0xFD, 0x6A, 0x80, 0x00, 
0x80, 0x00, 0x00, 0xC3, 
0xF8, 0x74, 0x80, 0x03, 
0x81, 0x40, 0x41, 0xC5, 
0xFC, 0x6A, 0x80, 0x21, 
0x88, 0x00, 0x08, 0xC3, 
0xE0, 0x34, 0xA2, 0x07, 
0x80, 0x42, 0x09, 0xC5, 
0x05, 0x5C, 0x50, 0x00, 
0xC0, 0x00, 0x00, 0x10, 
0x80, 0x4C, 0x1E, 0x8E, 
0xC0, 0x00, 0x00, 0x00, 
0x82, 0x0C, 0x01, 0xF8, 
0xC0, 0x00, 0x00, 0x00, 
0x82, 0x1E, 0x00, 0xE6, 
0xC0, 0x00, 0x00, 0x00, 
0x82, 0x6F, 0x03, 0x09, 
0xFD, 0x6A, 0x80, 0x00, 
0x80, 0x00, 0x00, 0xC3, 
0xF8, 0x74, 0x80, 0x03, 
0x81, 0x40, 0x41, 0xC5, 
0xFC, 0x6A, 0x80, 0x21, 
0x88, 0x00, 0x08, 0xC3, 
0xE0, 0x34, 0xA2, 0x07, 
0x80, 0x42, 0x09, 0xC5, 
0x05, 0x5C, 0x50, 0x00, 
0xC0, 0x00, 0x00, 0x10, 
0x80, 0x4C, 0x1E, 0xBE, 
0xC0, 0x00, 0x00, 0x00, 
0x82, 0x0C, 0x01, 0xFE, 
0xC0, 0x00, 0x00, 0x00, 
0x82, 0x1E, 0x00, 0xE9, 
0xC0, 0x00, 0x00, 0x00, 
0x82, 0x6F, 0x03, 0x0E, 
0xFD, 0x6A, 0x80, 0x00, 
0x80, 0x00, 0x00, 0xC3, 
0xF8, 0x74, 0x80, 0x03, 
0x81, 0x40, 0x41, 0xC5, 
0xFC, 0x6A, 0x80, 0x21, 
0x88, 0x00, 0x08, 0xC3, 
0xE0, 0x34, 0xA2, 0x07, 
0x80, 0x42, 0x09, 0xC5, 
0x05, 0x5C, 0x50, 0x00, 
0xC0, 0x00, 0x00, 0x10, 
0x80, 0x4C, 0x1E, 0xCE, 
0x08, 0x82, 0x00, 0x20, 
0x0A, 0x21, 0x03, 0x13, 
0x00, 0x84, 0x30, 0x00, 
0x00, 0x00, 0xD8, 0xC0, 
0x00, 0x00, 0x00, 0x00, 
0xC0, 0x00, 0x00, 0x00, 
0x82, 0x01, 0x09, 0x64, 
0xC0, 0x00, 0x00, 0x18, 
0x80, 0x10, 0x1E, 0xCE, 
0x06, 0x50, 0x60, 0x00, 
0x06, 0x00, 0x28, 0x00, 
0xC0, 0x00, 0x00, 0x18, 
0x80, 0x40, 0x1E, 0xDE, 
0xC0, 0x00, 0x08, 0x0F, 
0x8D, 0x80, 0x03, 0x16, 
0xC0, 0x00, 0x08, 0x0F, 
0x8D, 0x84, 0x03, 0x15, 
0xC0, 0x00, 0x08, 0x0F, 
0x8D, 0x94, 0x03, 0x14, 
0xC0, 0x00, 0x00, 0x18, 
0x80, 0x10, 0x1E, 0xDE, 
0x0C, 0x01, 0xFD, 0xA0, 
0x00, 0x04, 0x00, 0x08, 
0x0D, 0x00, 0x03, 0x14, 
0xC0, 0x00, 0x00, 0x10, 
0x80, 0xCC, 0x11, 0x8E, 
0xC0, 0x00, 0x00, 0x00, 
0x82, 0x0C, 0x02, 0x04, 
0xC0, 0x00, 0x00, 0x00, 
0x82, 0x1E, 0x00, 0xEE, 
0xC0, 0x00, 0x00, 0x00, 
0x82, 0x6F, 0x03, 0x17, 
0xFD, 0x6A, 0x80, 0x00, 
0x80, 0x00, 0x00, 0xC3, 
0xF8, 0x74, 0x80, 0x03, 
0x81, 0x40, 0x41, 0xC5, 
0xFC, 0x6A, 0x80, 0x21, 
0x88, 0x00, 0x08, 0xC3, 
0xE0, 0x34, 0xA2, 0x07, 
0x80, 0x42, 0x09, 0xC5, 
0x05, 0x5C, 0x50, 0x00, 
0xC0, 0x00, 0x00, 0x10, 
0x80, 0x4C, 0x1F, 0x3E, 
0xC0, 0x00, 0x00, 0x00, 
0x82, 0x0C, 0x02, 0x0A, 
0xC0, 0x00, 0x00, 0x00, 
0x82, 0x1E, 0x00, 0xF1, 
0xC0, 0x00, 0x00, 0x00, 
0x82, 0x6F, 0x03, 0x1C, 
0xFD, 0x6A, 0x80, 0x00, 
0x80, 0x00, 0x00, 0xC3, 
0xF8, 0x74, 0x80, 0x03, 
0x81, 0x40, 0x41, 0xC5, 
0xFC, 0x6A, 0x80, 0x21, 
0x88, 0x00, 0x08, 0xC3, 
0xE0, 0x34, 0xA2, 0x07, 
0x80, 0x42, 0x09, 0xC5, 
0x03, 0x04, 0x06, 0x89, 
0xFD, 0x6A, 0x80, 0x27, 
0x8A, 0x80, 0x08, 0xC3, 
0xE8, 0xB4, 0xA6, 0x43, 
0x81, 0x42, 0x09, 0xC5, 
0xFC, 0x6A, 0x80, 0x21, 
0x8F, 0x04, 0x08, 0xC3, 
0xE9, 0xB4, 0xA2, 0x07, 
0x80, 0x42, 0x09, 0xC5, 
0xE8, 0x80, 0x00, 0x27, 
0x8A, 0x82, 0x08, 0x00, 
0x00, 0x84, 0x01, 0x19, 
0x05, 0x5C, 0xD0, 0x00, 
0xC0, 0x00, 0x00, 0x10, 
0x80, 0x4C, 0x9F, 0x6E, 
0xC0, 0x00, 0x00, 0x00, 
0x82, 0x0C, 0x02, 0x34, 
0xC0, 0x00, 0x00, 0x00, 
0x82, 0x1E, 0x00, 0xF4, 
0xC0, 0x00, 0x00, 0x00, 
0x82, 0x6F, 0x03, 0x4E, 
0xFD, 0x6A, 0x80, 0x00, 
0x80, 0x00, 0x00, 0xC3, 
0xF8, 0x74, 0x80, 0x03, 
0x81, 0x40, 0x41, 0xC5, 
0xFC, 0x6A, 0x80, 0x21, 
0x88, 0x00, 0x08, 0xC3, 
0xE0, 0x34, 0xA2, 0x07, 
0x80, 0x42, 0x09, 0xC5, 
0x05, 0x5C, 0x50, 0x00, 
0xC0, 0x00, 0x00, 0x10, 
0x80, 0x4C, 0x1F, 0x9E, 
0xC0, 0x00, 0x00, 0x00, 
0x82, 0x0C, 0x02, 0x3A, 
0xC0, 0x00, 0x00, 0x00, 
0x82, 0x1E, 0x00, 0xF7, 
0xC0, 0x00, 0x00, 0x00, 
0x82, 0x6F, 0x03, 0x53, 
0xFD, 0x6A, 0x80, 0x00, 
0x80, 0x00, 0x00, 0xC3, 
0xF8, 0x74, 0x80, 0x03, 
0x81, 0x40, 0x41, 0xC5, 
0xFC, 0x6A, 0x80, 0x21, 
0x88, 0x00, 0x08, 0xC3, 
0xE0, 0x34, 0xA2, 0x07, 
0x80, 0x42, 0x09, 0xC5, 
0x05, 0x5C, 0x50, 0x00, 
0xC0, 0x00, 0x00, 0x10, 
0x80, 0x4C, 0x1F, 0xCE, 
0xC0, 0x00, 0x00, 0x00, 
0x82, 0x0C, 0x02, 0x40, 
0xC0, 0x00, 0x00, 0x00, 
0x82, 0x1E, 0x00, 0xFA, 
0xC0, 0x00, 0x00, 0x00, 
0x82, 0x6F, 0x03, 0x58, 
0xFD, 0x6A, 0x80, 0x00, 
0x80, 0x00, 0x00, 0xC3, 
0xF8, 0x74, 0x80, 0x03, 
0x81, 0x40, 0x41, 0xC5, 
0xFC, 0x6A, 0x80, 0x21, 
0x88, 0x00, 0x08, 0xC3, 
0xE0, 0x34, 0xA2, 0x07, 
0x80, 0x42, 0x09, 0xC5, 
0x05, 0x5C, 0x50, 0x00, 
0xC0, 0x00, 0x00, 0x10, 
0x80, 0x4C, 0x1F, 0xFE, 
0xC0, 0x00, 0x00, 0x00, 
0x82, 0x0C, 0x02, 0x46, 
0xC0, 0x00, 0x00, 0x00, 
0x82, 0x1E, 0x00, 0xFD, 
0xC0, 0x00, 0x00, 0x00, 
0x82, 0x6F, 0x03, 0x5D, 
0xFD, 0x6A, 0x80, 0x00, 
0x80, 0x00, 0x00, 0xC3, 
0xF8, 0x74, 0x80, 0x03, 
0x81, 0x40, 0x41, 0xC5, 
0xFC, 0x6A, 0x80, 0x21, 
0x88, 0x00, 0x08, 0xC3, 
0xE0, 0x34, 0xA2, 0x07, 
0x80, 0x42, 0x09, 0xC5, 
0x05, 0x5C, 0x50, 0x00, 
0xC0, 0x00, 0x00, 0x10, 
0x80, 0xCC, 0x10, 0x2E, 
0xC0, 0x00, 0x00, 0x00, 
0x82, 0x0C, 0x02, 0x4C, 
0xC0, 0x00, 0x00, 0x00, 
0x82, 0x1E, 0x01, 0x00, 
0xC0, 0x00, 0x00, 0x00, 
0x82, 0x6F, 0x03, 0x62, 
0xFD, 0x6A, 0x80, 0x00, 
0x80, 0x00, 0x00, 0xC3, 
0xF8, 0x74, 0x80, 0x03, 
0x81, 0x40, 0x41, 0xC5, 
0xFC, 0x6A, 0x80, 0x21, 
0x88, 0x00, 0x08, 0xC3, 
0xE0, 0x34, 0xA2, 0x07, 
0x80, 0x42, 0x09, 0xC5, 
0x05, 0x5C, 0x50, 0x00, 
0xC0, 0x00, 0x00, 0x10, 
0x80, 0xCC, 0x10, 0x4E, 
0x0C, 0x30, 0x03, 0x67, 
0xC0, 0x00, 0x00, 0x18, 
0x80, 0x90, 0x10, 0x3E, 
0xC0, 0x00, 0x00, 0x18, 
0x80, 0x90, 0x90, 0x4E, 
0xC0, 0x00, 0x00, 0x18, 
0x80, 0x91, 0x10, 0x5E, 
0x00, 0x06, 0x44, 0x00, 
0x00, 0x00, 0x00, 0x00, 
0xC0, 0x00, 0x00, 0x10, 
0x80, 0xCC, 0x90, 0x6E, 
0x08, 0x80, 0x00, 0x14, 
0xC0, 0x00, 0x00, 0x18, 
0x80, 0x80, 0x10, 0x6E, 
0xC0, 0x00, 0x00, 0x18, 
0x82, 0xC0, 0x1D, 0xB0, 
0xC0, 0x00, 0x00, 0x00, 
0x82, 0x0C, 0x02, 0x52, 
0xC0, 0x00, 0x00, 0x00, 
0x82, 0x1E, 0x01, 0x48, 
0xC0, 0x00, 0x00, 0x00, 
0x82, 0x6F, 0x03, 0x6A, 
0xFD, 0x6A, 0x80, 0x00, 
0x80, 0x00, 0x00, 0xC3, 
0xF8, 0x74, 0x80, 0x03, 
0x81, 0x40, 0x41, 0xC5, 
0xFC, 0x6A, 0x80, 0x21, 
0x88, 0x00, 0x08, 0xC3, 
0xE0, 0x34, 0xA2, 0x07, 
0x80, 0x42, 0x09, 0xC5, 
0x05, 0x5C, 0x50, 0x00, 
0xC0, 0x00, 0x00, 0x10, 
0x80, 0xCC, 0x10, 0x7E, 
0x08, 0x82, 0x00, 0x20, 
0x0A, 0x21, 0x03, 0x6F, 
0x00, 0x84, 0x30, 0x00, 
0x00, 0x00, 0xD8, 0xC0, 
0x00, 0x00, 0x00, 0x00, 
0xC0, 0x00, 0x00, 0x00, 
0x82, 0x01, 0x0B, 0x45, 
0xC0, 0x00, 0x00, 0x18, 
0x80, 0x90, 0x10, 0x7E, 
0x06, 0x50, 0x60, 0x00, 
0x06, 0x00, 0x28, 0x00, 
0xC0, 0x00, 0x00, 0x18, 
0x80, 0xC0, 0x10, 0x8E, 
0xC0, 0x00, 0x08, 0x0F, 
0x8D, 0x80, 0x03, 0x72, 
0xC0, 0x00, 0x08, 0x0F, 
0x8D, 0x84, 0x03, 0x71, 
0xC0, 0x00, 0x08, 0x0F, 
0x8D, 0x94, 0x03, 0x70, 
0xC0, 0x00, 0x00, 0x18, 
0x80, 0x90, 0x10, 0x8E, 
0x0C, 0x01, 0xFD, 0xA0, 
0x00, 0x04, 0x00, 0x08, 
0x0D, 0x00, 0x03, 0x70, 
0xC0, 0x00, 0x00, 0x10, 
0x80, 0xCC, 0x11, 0xBE, 
0x0C, 0x40, 0x0A, 0x51, 
0xC0, 0x00, 0x00, 0x18, 
0x80, 0x80, 0x10, 0x4E, 
0x00, 0x04, 0x00, 0x80, 
0x00, 0x00, 0x00, 0x00, 
0xC0, 0x00, 0x00, 0x10, 
0x80, 0xCC, 0x10, 0x9E, 
0x0C, 0x10, 0x03, 0x73, 
0xC0, 0x00, 0x00, 0x18, 
0x80, 0x90, 0x10, 0x9E, 
0xC0, 0x00, 0x00, 0x18, 
0x80, 0x90, 0x90, 0x5E, 
0xE0, 0x20, 0x80, 0x01, 
0x80, 0x00, 0x01, 0x02, 
0x00, 0x00, 0x00, 0x00, 
0xC0, 0x00, 0x00, 0x10, 
0x80, 0xCC, 0x10, 0xCE, 
0xC0, 0x00, 0x00, 0x00, 
0x82, 0x0C, 0x02, 0x58, 
0xC0, 0x00, 0x00, 0x00, 
0x82, 0x1E, 0x01, 0x0A, 
0xC0, 0x00, 0x00, 0x00, 
0x82, 0x6F, 0x03, 0x75, 
0xFD, 0x6A, 0x80, 0x00, 
0x80, 0x00, 0x00, 0xC3, 
0xF8, 0x74, 0x80, 0x03, 
0x81, 0x40, 0x41, 0xC5, 
0xFC, 0x6A, 0x80, 0x21, 
0x88, 0x00, 0x08, 0xC3, 
0xE0, 0x34, 0xA2, 0x07, 
0x80, 0x42, 0x09, 0xC5, 
0x05, 0x5C, 0x50, 0x00, 
0xC0, 0x00, 0x00, 0x10, 
0x80, 0xCC, 0x10, 0xDE, 
0x08, 0x82, 0x00, 0x20, 
0x0A, 0x21, 0x03, 0x7A, 
0x00, 0x84, 0x30, 0x00, 
0x00, 0x00, 0xD8, 0xC0, 
0x00, 0x00, 0x00, 0x00, 
0xC0, 0x00, 0x00, 0x00, 
0x82, 0x01, 0x0D, 0x26, 
0xC0, 0x00, 0x00, 0x18, 
0x80, 0x90, 0x10, 0xDE, 
0x06, 0x50, 0x60, 0x00, 
0x06, 0x00, 0x28, 0x00, 
0xC0, 0x00, 0x00, 0x18, 
0x80, 0xC0, 0x10, 0xEE, 
0xC0, 0x00, 0x08, 0x0F, 
0x8D, 0x80, 0x03, 0x7D, 
0xC0, 0x00, 0x08, 0x0F, 
0x8D, 0x84, 0x03, 0x7C, 
0xC0, 0x00, 0x08, 0x0F, 
0x8D, 0x94, 0x03, 0x7B, 
0xC0, 0x00, 0x00, 0x18, 
0x80, 0x90, 0x10, 0xEE, 
0x0C, 0x01, 0xFD, 0xA0, 
0x00, 0x04, 0x00, 0x08, 
0x0D, 0x00, 0x03, 0x7B, 
0xC0, 0x00, 0x00, 0x10, 
0x80, 0xCC, 0x11, 0xAE, 
0x0C, 0x10, 0x03, 0x7E, 
0xC0, 0x00, 0x00, 0x18, 
0x80, 0x90, 0x10, 0x3E, 
0xC0, 0x00, 0x00, 0x18, 
0x80, 0x90, 0x90, 0x9E, 
0xE0, 0x20, 0x80, 0x01, 
0x80, 0x00, 0x01, 0x02, 
0x00, 0x00, 0x00, 0x00, 
0xC0, 0x00, 0x00, 0x10, 
0x80, 0xCC, 0x11, 0x1E, 
0xC0, 0x00, 0x00, 0x00, 
0x82, 0x0C, 0x02, 0x5E, 
0xC0, 0x00, 0x00, 0x00, 
0x82, 0x1E, 0x01, 0x0F, 
0xC0, 0x00, 0x00, 0x00, 
0x82, 0x6F, 0x03, 0x80, 
0xFD, 0x6A, 0x80, 0x00, 
0x80, 0x00, 0x00, 0xC3, 
0xF8, 0x74, 0x80, 0x03, 
0x81, 0x40, 0x41, 0xC5, 
0xFC, 0x6A, 0x80, 0x21, 
0x88, 0x00, 0x08, 0xC3, 
0xE0, 0x34, 0xA2, 0x07, 
0x80, 0x42, 0x09, 0xC5, 
0x05, 0x5C, 0x50, 0x00, 
0xC0, 0x00, 0x00, 0x10, 
0x80, 0xCC, 0x11, 0x2E, 
0x08, 0x82, 0x00, 0x20, 
0x0A, 0x21, 0x03, 0x85, 
0x00, 0x84, 0x30, 0x00, 
0x00, 0x00, 0xD8, 0xC0, 
0x00, 0x00, 0x00, 0x00, 
0xC0, 0x00, 0x00, 0x00, 
0x82, 0x01, 0x0F, 0x07, 
0xC0, 0x00, 0x00, 0x18, 
0x80, 0x90, 0x11, 0x2E, 
0x06, 0x50, 0x60, 0x00, 
0x06, 0x00, 0x28, 0x00, 
0xC0, 0x00, 0x00, 0x18, 
0x80, 0xC0, 0x11, 0x3E, 
0xC0, 0x00, 0x08, 0x0F, 
0x8D, 0x80, 0x03, 0x88, 
0xC0, 0x00, 0x08, 0x0F, 
0x8D, 0x84, 0x03, 0x87, 
0xC0, 0x00, 0x08, 0x0F, 
0x8D, 0x94, 0x03, 0x86, 
0xC0, 0x00, 0x00, 0x18, 
0x80, 0x90, 0x11, 0x3E, 
0x0C, 0x01, 0xFD, 0xA0, 
0x00, 0x04, 0x00, 0x08, 
0x0D, 0x00, 0x03, 0x86, 
0xC0, 0x00, 0x00, 0x10, 
0x80, 0xCC, 0x11, 0x9E, 
0xC0, 0x00, 0x08, 0x0F, 
0x8D, 0x80, 0x03, 0x8B, 
0xC0, 0x00, 0x08, 0x0F, 
0x8D, 0x84, 0x03, 0x8A, 
0xC0, 0x00, 0x08, 0x0F, 
0x8D, 0x94, 0x03, 0x89, 
0xC0, 0x00, 0x00, 0x18, 
0x80, 0x90, 0x11, 0x4E, 
0xC0, 0x00, 0x00, 0x18, 
0x80, 0x90, 0x91, 0x5E, 
0x0C, 0x01, 0xFD, 0xA0, 
0x00, 0x10, 0x00, 0x08, 
0xC0, 0x00, 0x00, 0x18, 
0x80, 0x90, 0x11, 0x6E, 
0xC0, 0x00, 0x00, 0x18, 
0x80, 0x90, 0x91, 0x7E, 
0xC0, 0x00, 0x00, 0x10, 
0x80, 0xCC, 0x12, 0xAE, 
0xC0, 0x00, 0x00, 0x10, 
0x80, 0xEC, 0x12, 0xBE, 
0x00, 0x10, 0x00, 0x08, 
0xC0, 0x00, 0x00, 0x18, 
0x80, 0x90, 0x11, 0x8E, 
0xC0, 0x00, 0x00, 0x18, 
0x80, 0x90, 0x91, 0x9E, 
0xC0, 0x00, 0x00, 0x10, 
0x80, 0xCC, 0x12, 0xCE, 
0xC0, 0x00, 0x00, 0x10, 
0x80, 0xEC, 0x12, 0xDE, 
0x00, 0x10, 0x00, 0x08, 
0xC0, 0x00, 0x00, 0x18, 
0x80, 0x90, 0x11, 0xAE, 
0xC0, 0x00, 0x00, 0x18, 
0x80, 0x90, 0x91, 0xBE, 
0xC0, 0x00, 0x00, 0x10, 
0x80, 0xCC, 0x12, 0xEE, 
0xC0, 0x00, 0x00, 0x10, 
0x80, 0xEC, 0x12, 0xFE, 
0x00, 0x10, 0x00, 0x08, 
0x0D, 0x00, 0x03, 0x89, 
0xC0, 0x00, 0x00, 0x10, 
0x80, 0xCC, 0x13, 0x0E, 
0xC0, 0x00, 0x00, 0x10, 
0x80, 0xEC, 0x13, 0x1E, 
0x0C, 0x82, 0x0A, 0x52, 
0x00, 0x00, 0x00, 0x00, 
0x35, 0x0C, 0x10, 0x8E, 
0x25, 0x0C, 0x10, 0x7E, 
0xC0, 0x00, 0x00, 0x10, 
0x80, 0xCC, 0x12, 0x0E, 
0xC0, 0x00, 0x00, 0x00, 
0x82, 0x0F, 0x03, 0x8C, 
0x08, 0x60, 0x0A, 0x53, 
0xC0, 0x00, 0x00, 0x00, 
0x82, 0x1E, 0x00, 0x00, 
0x04, 0x18, 0x88, 0x00, 
0x00, 0x00, 0x00, 0x00, 
0x05, 0x0C, 0x18, 0x01, 
0xC0, 0x00, 0x00, 0x10, 
0x80, 0xCC, 0x11, 0xDE, 
0xC0, 0x00, 0x00, 0x00, 
0x82, 0x0F, 0x03, 0x94, 
0x08, 0x60, 0x0A, 0x54, 
0xC0, 0x00, 0x00, 0x00, 
0x82, 0x1E, 0x00, 0x00, 
0x04, 0x18, 0x88, 0x00, 
0x00, 0x00, 0x00, 0x00, 
0x05, 0x0C, 0x18, 0x01, 
0xC0, 0x00, 0x00, 0x10, 
0x80, 0xCC, 0x11, 0xFE, 
0xC0, 0x00, 0x00, 0x00, 
0x82, 0x0F, 0x03, 0x9C, 
0x08, 0x60, 0x0A, 0x55, 
0xC0, 0x00, 0x00, 0x00, 
0x82, 0x1E, 0x00, 0x00, 
0x04, 0x18, 0x88, 0x00, 
0x00, 0x00, 0x00, 0x00, 
0x05, 0x0C, 0x18, 0x01, 
0xC0, 0x00, 0x00, 0x10, 
0x80, 0xCC, 0x11, 0xEE, 
0xC0, 0x00, 0x00, 0x00, 
0x82, 0x0F, 0x03, 0xA4, 
0x08, 0x60, 0x0A, 0x56, 
0xC0, 0x00, 0x00, 0x00, 
0x82, 0x1E, 0x00, 0x00, 
0x04, 0x18, 0x88, 0x00, 
0x00, 0x00, 0x00, 0x00, 
0x05, 0x0C, 0x18, 0x01, 
0xC0, 0x00, 0x00, 0x10, 
0x80, 0xCC, 0x11, 0xCE, 
0xC0, 0x00, 0x00, 0x00, 
0x82, 0x0F, 0x03, 0xAC, 
0x08, 0x60, 0x0A, 0x57, 
0xC0, 0x00, 0x00, 0x00, 
0x82, 0x1E, 0x00, 0x00, 
0x04, 0x18, 0x88, 0x00, 
0x00, 0x00, 0x00, 0x00, 
0x05, 0x0C, 0x18, 0x01, 
0xC0, 0x00, 0x00, 0x10, 
0x80, 0xCC, 0x15, 0xAE, 
0x0C, 0x82, 0x0A, 0x58, 
0x00, 0x00, 0x00, 0x00, 
0x35, 0x0C, 0x10, 0x8E, 
0x25, 0x0C, 0x10, 0x7E, 
0xC0, 0x00, 0x00, 0x10, 
0x80, 0xCC, 0x12, 0x5E, 
0xC0, 0x00, 0x00, 0x00, 
0x82, 0x0F, 0x03, 0xB1, 
0x08, 0x60, 0x0A, 0x59, 
0xC0, 0x00, 0x00, 0x00, 
0x82, 0x1E, 0x00, 0x00, 
0x04, 0x18, 0x88, 0x00, 
0x00, 0x00, 0x00, 0x00, 
0x05, 0x0C, 0x18, 0x01, 
0xC0, 0x00, 0x00, 0x10, 
0x80, 0xCC, 0x12, 0x2E, 
0xC0, 0x00, 0x00, 0x00, 
0x82, 0x0F, 0x03, 0xB9, 
0x08, 0x60, 0x0A, 0x5A, 
0xC0, 0x00, 0x00, 0x00, 
0x82, 0x1E, 0x00, 0x00, 
0x04, 0x18, 0x88, 0x00, 
0x00, 0x00, 0x00, 0x00, 
0x05, 0x0C, 0x18, 0x01, 
0xC0, 0x00, 0x00, 0x10, 
0x80, 0xCC, 0x12, 0x4E, 
0xC0, 0x00, 0x00, 0x00, 
0x82, 0x0F, 0x03, 0xC1, 
0x08, 0x60, 0x0A, 0x5B, 
0xC0, 0x00, 0x00, 0x00, 
0x82, 0x1E, 0x00, 0x00, 
0x04, 0x18, 0x88, 0x00, 
0x00, 0x00, 0x00, 0x00, 
0x05, 0x0C, 0x18, 0x01, 
0xC0, 0x00, 0x00, 0x10, 
0x80, 0xCC, 0x12, 0x3E, 
0xC0, 0x00, 0x00, 0x00, 
0x82, 0x0F, 0x03, 0xC9, 
0x08, 0x60, 0x0A, 0x5C, 
0xC0, 0x00, 0x00, 0x00, 
0x82, 0x1E, 0x00, 0x00, 
0x04, 0x18, 0x88, 0x00, 
0x00, 0x00, 0x00, 0x00, 
0x05, 0x0C, 0x18, 0x01, 
0xC0, 0x00, 0x00, 0x10, 
0x80, 0xCC, 0x12, 0x1E, 
0xC0, 0x00, 0x00, 0x00, 
0x82, 0x0F, 0x03, 0xD1, 
0x08, 0x60, 0x0A, 0x5D, 
0xC0, 0x00, 0x00, 0x00, 
0x82, 0x1E, 0x00, 0x00, 
0x04, 0x18, 0x88, 0x00, 
0x00, 0x00, 0x00, 0x00, 
0x05, 0x0C, 0x18, 0x01, 
0xC0, 0x00, 0x00, 0x10, 
0x80, 0xCC, 0x15, 0xBE, 
0x06, 0x00, 0x12, 0x1E, 
0x0D, 0x00, 0xFC, 0xC8, 
0x0C, 0x8A, 0x03, 0xD6, 
0xC0, 0x00, 0x00, 0x10, 
0x80, 0x8C, 0x12, 0x6E, 
0x00, 0x85, 0x20, 0x00, 
0xC0, 0x00, 0x00, 0x10, 
0x80, 0xCC, 0x12, 0x7E, 
0x0C, 0x82, 0x0A, 0x5E, 
0x00, 0x00, 0x00, 0x00, 
0xC0, 0x00, 0x00, 0x10, 
0xB0, 0x8C, 0x12, 0x8E, 
0xC0, 0x00, 0x00, 0x10, 
0xA0, 0x8C, 0x12, 0x7E, 
0xC0, 0x00, 0x00, 0x10, 
0x80, 0xCC, 0x12, 0x9E, 
0xC0, 0x00, 0x08, 0x1F, 
0x8D, 0x80, 0x00, 0x08, 
0xC0, 0x00, 0x00, 0x10, 
0x80, 0x8C, 0x12, 0x9E, 
0x0B, 0x21, 0xFD, 0x84, 
0xC0, 0x00, 0x08, 0x1F, 
0x8D, 0x94, 0x00, 0x07, 
0xC0, 0x00, 0x00, 0x18, 
0x80, 0x90, 0x12, 0xAE, 
0xC0, 0x00, 0x00, 0x18, 
0x80, 0x90, 0x92, 0xBE, 
0x0C, 0x00, 0xFD, 0xA0, 
0x00, 0x10, 0x00, 0x08, 
0xC0, 0x00, 0x00, 0x18, 
0x80, 0x90, 0x12, 0xCE, 
0xC0, 0x00, 0x00, 0x18, 
0x80, 0x90, 0x92, 0xDE, 
0xC0, 0x00, 0x00, 0x10, 
0x80, 0xCC, 0x13, 0x9E, 
0xC0, 0x00, 0x00, 0x10, 
0x80, 0xEC, 0x13, 0x8E, 
0x00, 0x10, 0x00, 0x08, 
0xC0, 0x00, 0x00, 0x18, 
0x80, 0x90, 0x12, 0xEE, 
0xC0, 0x00, 0x00, 0x18, 
0x80, 0x90, 0x92, 0xFE, 
0xC0, 0x00, 0x00, 0x10, 
0x80, 0xCC, 0x13, 0x7E, 
0xC0, 0x00, 0x00, 0x10, 
0x80, 0xEC, 0x13, 0x6E, 
0x00, 0x10, 0x00, 0x08, 
0xC0, 0x00, 0x00, 0x18, 
0x80, 0x90, 0x13, 0x0E, 
0xC0, 0x00, 0x00, 0x18, 
0x80, 0x90, 0x93, 0x1E, 
0xC0, 0x00, 0x00, 0x10, 
0x80, 0xCC, 0x13, 0x5E, 
0xC0, 0x00, 0x00, 0x10, 
0x80, 0xEC, 0x13, 0x4E, 
0x00, 0x10, 0x00, 0x08, 
0x0D, 0x01, 0x00, 0x07, 
0xC0, 0x00, 0x00, 0x10, 
0x80, 0xCC, 0x13, 0x3E, 
0xC0, 0x00, 0x00, 0x10, 
0x80, 0xEC, 0x13, 0x2E, 
0xC0, 0x00, 0x00, 0x18, 
0x80, 0x80, 0x13, 0x2E, 
0x0D, 0x00, 0xFC, 0xC7, 
0xC0, 0x00, 0x00, 0x18, 
0x80, 0x80, 0x13, 0x3E, 
0x0D, 0x00, 0xFC, 0xC6, 
0xC0, 0x00, 0x00, 0x18, 
0x80, 0x80, 0x13, 0x4E, 
0x0D, 0x00, 0xFC, 0xC5, 
0xC0, 0x00, 0x00, 0x18, 
0x80, 0x80, 0x13, 0x5E, 
0x0D, 0x00, 0xFC, 0xC4, 
0xC0, 0x00, 0x00, 0x18, 
0x80, 0x80, 0x13, 0x6E, 
0x0D, 0x00, 0xFC, 0xC3, 
0xC0, 0x00, 0x00, 0x18, 
0x80, 0x80, 0x13, 0x7E, 
0x0D, 0x00, 0xFC, 0xC2, 
0xC0, 0x00, 0x00, 0x18, 
0x80, 0x80, 0x13, 0x8E, 
0x0D, 0x00, 0xFC, 0xC1, 
0x0C, 0x82, 0x0A, 0x5F, 
0x00, 0x00, 0x00, 0x00, 
0x35, 0x0C, 0x10, 0x8E, 
0x25, 0x0C, 0x10, 0x7E, 
0xC0, 0x00, 0x00, 0x10, 
0x80, 0xCC, 0x13, 0xEE, 
0x0C, 0x82, 0x0A, 0x60, 
0x00, 0x00, 0x00, 0x00, 
0x35, 0x0C, 0x10, 0x8E, 
0x25, 0x0C, 0x10, 0x7E, 
0xC0, 0x00, 0x00, 0x10, 
0x80, 0xCC, 0x14, 0x5E, 
0xC0, 0x00, 0x00, 0x00, 
0x82, 0x0F, 0x03, 0xD7, 
0x08, 0x60, 0x0A, 0x61, 
0xC0, 0x00, 0x00, 0x00, 
0x82, 0x1E, 0x00, 0x00, 
0x04, 0x18, 0x88, 0x00, 
0x00, 0x00, 0x00, 0x00, 
0x05, 0x0C, 0x18, 0x01, 
0xC0, 0x00, 0x00, 0x10, 
0x80, 0xCC, 0x13, 0xBE, 
0xC0, 0x00, 0x00, 0x00, 
0x82, 0x0F, 0x03, 0xDF, 
0x08, 0x60, 0x0A, 0x62, 
0xC0, 0x00, 0x00, 0x00, 
0x82, 0x1E, 0x00, 0x00, 
0x04, 0x18, 0x88, 0x00, 
0x00, 0x00, 0x00, 0x00, 
0x05, 0x0C, 0x18, 0x01, 
0xC0, 0x00, 0x00, 0x10, 
0x80, 0xCC, 0x14, 0x2E, 
0xC0, 0x00, 0x00, 0x00, 
0x82, 0x0F, 0x03, 0xE7, 
0x08, 0x60, 0x0A, 0x63, 
0xC0, 0x00, 0x00, 0x00, 
0x82, 0x1E, 0x00, 0x00, 
0x04, 0x18, 0x88, 0x00, 
0x00, 0x00, 0x00, 0x00, 
0x05, 0x0C, 0x18, 0x01, 
0xC0, 0x00, 0x00, 0x10, 
0x80, 0xCC, 0x13, 0xDE, 
0xC0, 0x00, 0x00, 0x00, 
0x82, 0x0F, 0x03, 0xEF, 
0x08, 0x60, 0x0A, 0x64, 
0xC0, 0x00, 0x00, 0x00, 
0x82, 0x1E, 0x00, 0x00, 
0x04, 0x18, 0x88, 0x00, 
0x00, 0x00, 0x00, 0x00, 
0x05, 0x0C, 0x18, 0x01, 
0xC0, 0x00, 0x00, 0x10, 
0x80, 0xCC, 0x14, 0x4E, 
0xC0, 0x00, 0x00, 0x00, 
0x82, 0x0F, 0x03, 0xF7, 
0x08, 0x60, 0x0A, 0x65, 
0xC0, 0x00, 0x00, 0x00, 
0x82, 0x1E, 0x00, 0x00, 
0x04, 0x18, 0x88, 0x00, 
0x00, 0x00, 0x00, 0x00, 
0x05, 0x0C, 0x18, 0x01, 
0xC0, 0x00, 0x00, 0x10, 
0x80, 0xCC, 0x14, 0x3E, 
0xC0, 0x00, 0x00, 0x00, 
0x82, 0x0F, 0x03, 0xFF, 
0x08, 0x60, 0x0A, 0x66, 
0xC0, 0x00, 0x00, 0x00, 
0x82, 0x1E, 0x00, 0x00, 
0x04, 0x18, 0x88, 0x00, 
0x00, 0x00, 0x00, 0x00, 
0x05, 0x0C, 0x18, 0x01, 
0xC0, 0x00, 0x00, 0x10, 
0x80, 0xCC, 0x13, 0xCE, 
0xC0, 0x00, 0x00, 0x00, 
0x82, 0x0F, 0x04, 0x07, 
0x08, 0x60, 0x0A, 0x67, 
0xC0, 0x00, 0x00, 0x00, 
0x82, 0x1E, 0x00, 0x00, 
0x04, 0x18, 0x88, 0x00, 
0x00, 0x00, 0x00, 0x00, 
0x05, 0x0C, 0x18, 0x01, 
0xC0, 0x00, 0x00, 0x10, 
0x80, 0xCC, 0x13, 0xAE, 
0xC0, 0x00, 0x00, 0x00, 
0x82, 0x0F, 0x04, 0x0F, 
0x08, 0x60, 0x0A, 0x68, 
0xC0, 0x00, 0x00, 0x00, 
0x82, 0x1E, 0x00, 0x00, 
0x04, 0x18, 0x88, 0x00, 
0x00, 0x00, 0x00, 0x00, 
0x05, 0x0C, 0x18, 0x01, 
0xC0, 0x00, 0x00, 0x10, 
0x80, 0xCC, 0x14, 0x1E, 
0xC0, 0x00, 0x00, 0x00, 
0x82, 0x0F, 0x04, 0x17, 
0x08, 0x60, 0x0A, 0x69, 
0xC0, 0x00, 0x00, 0x00, 
0x82, 0x1E, 0x00, 0x00, 
0x04, 0x18, 0x88, 0x00, 
0x00, 0x00, 0x00, 0x00, 
0x05, 0x0C, 0x18, 0x01, 
0xC0, 0x00, 0x00, 0x10, 
0x80, 0xCC, 0x13, 0xFE, 
0xC0, 0x00, 0x00, 0x00, 
0x82, 0x0F, 0x04, 0x1F, 
0x08, 0x60, 0x0A, 0x6A, 
0xC0, 0x00, 0x00, 0x00, 
0x82, 0x1E, 0x00, 0x00, 
0x04, 0x18, 0x88, 0x00, 
0x00, 0x00, 0x00, 0x00, 
0x05, 0x0C, 0x18, 0x01, 
0xC0, 0x00, 0x00, 0x10, 
0x80, 0xCC, 0x14, 0x0E, 
0xC0, 0x00, 0x00, 0x18, 
0x80, 0x80, 0x14, 0x0E, 
0x0D, 0x00, 0xFC, 0xF1, 
0xC0, 0x00, 0x00, 0x00, 
0x82, 0x0F, 0x04, 0x25, 
0x08, 0x60, 0x0A, 0x6B, 
0xC0, 0x00, 0x00, 0x00, 
0x82, 0x1E, 0x00, 0x00, 
0x04, 0x18, 0x88, 0x00, 
0x00, 0x00, 0x00, 0x00, 
0x05, 0x0C, 0x18, 0x01, 
0xC0, 0x00, 0x00, 0x10, 
0x80, 0xCC, 0x14, 0x6E, 
0xC0, 0x00, 0x00, 0x00, 
0x82, 0x0F, 0x04, 0x2D, 
0x08, 0x60, 0x0A, 0x6C, 
0xC0, 0x00, 0x00, 0x00, 
0x82, 0x1E, 0x00, 0x00, 
0x04, 0x18, 0x88, 0x00, 
0x00, 0x00, 0x00, 0x00, 
0x05, 0x0C, 0x18, 0x01, 
0xC0, 0x00, 0x00, 0x10, 
0x80, 0xCC, 0x14, 0x7E, 
0xC0, 0x00, 0x00, 0x18, 
0x80, 0x80, 0x14, 0x7E, 
0x0D, 0x00, 0xFC, 0xF0, 
0xC0, 0x00, 0x00, 0x18, 
0x80, 0x80, 0x13, 0x9E, 
0x0D, 0x00, 0xFC, 0xC0, 
0x08, 0x80, 0x00, 0x10, 
0x08, 0x82, 0x00, 0x18, 
0x08, 0x84, 0x00, 0x1C, 
0x00, 0x00, 0x20, 0x01, 
0x00, 0x00, 0x21, 0x02, 
0x00, 0x00, 0x22, 0x01, 
0x09, 0x80, 0x00, 0x10, 
0x09, 0x82, 0x00, 0x18, 
0x09, 0x84, 0x00, 0x1C, 
0x0A, 0x21, 0x04, 0x33, 
0xC0, 0x00, 0x2C, 0x30, 
0x80, 0x00, 0x00, 0x10, 
0x00, 0x85, 0x80, 0x00, 
0x00, 0x88, 0x10, 0x80, 
0x00, 0x00, 0x00, 0x25, 
0x00, 0x20, 0x05, 0x10, 
0x3D, 0x82, 0x04, 0x34, 
0x0B, 0x21, 0x04, 0x33, 
0x02, 0x00, 0x09, 0xA8, 
0x00, 0x00, 0x00, 0x00, 
0x0C, 0x82, 0x04, 0x34, 
0x00, 0x00, 0x00, 0x00, 
0xC0, 0x00, 0x08, 0x10, 
0xB4, 0x34, 0xDC, 0xDC, 
0x32, 0x00, 0x09, 0x27, 
0x00, 0x00, 0x00, 0x00, 
0x02, 0xC2, 0x00, 0x00, 
0x00, 0x00, 0x00, 0x00, 
0x00, 0x00, 0x00, 0x00, 
0x08, 0x9E, 0xDC, 0xE0, 
0x08, 0x9C, 0x00, 0x14, 
0x00, 0x00, 0x00, 0x00, 
0xC0, 0x00, 0x00, 0x00, 
0x82, 0x0F, 0x04, 0x38, 
0xC0, 0x00, 0x00, 0x00, 
0x82, 0x1E, 0x00, 0x00, 
0xFC, 0x7C, 0x80, 0x00, 
0x80, 0x02, 0x49, 0x04, 
0xFC, 0x7C, 0x80, 0x02, 
0x80, 0x02, 0x49, 0x04, 
0xC0, 0x00, 0x29, 0xF0, 
0x80, 0x00, 0x01, 0x75, 
0xFC, 0x7C, 0x80, 0x06, 
0x80, 0x02, 0x49, 0x04, 
0x01, 0x07, 0x09, 0x3A, 
0xFC, 0x7C, 0xA0, 0x46, 
0x80, 0x02, 0x49, 0x04, 
0x00, 0x84, 0x00, 0x01, 
0xC0, 0x00, 0x00, 0x10, 
0x82, 0xCC, 0x1D, 0xCE, 
0x08, 0x80, 0x00, 0x10, 
0xC0, 0x00, 0x20, 0x40, 
0x80, 0x00, 0x00, 0x00, 
0xC0, 0x00, 0x00, 0x18, 
0x82, 0x80, 0x1D, 0xCE, 
0xC0, 0x00, 0x00, 0x18, 
0x80, 0xC0, 0x14, 0xA0, 
0xC0, 0x00, 0x00, 0x18, 
0x80, 0xC0, 0x94, 0xB0, 
0xC0, 0x00, 0x00, 0x18, 
0x80, 0xC0, 0x94, 0xC0, 
0xC0, 0x00, 0x00, 0x18, 
0x80, 0xC0, 0x94, 0xD0, 
0xC0, 0x00, 0x00, 0x18, 
0x80, 0xC0, 0x94, 0xE0, 
0xC0, 0x00, 0x00, 0x18, 
0x80, 0xC0, 0x94, 0xF0, 
0xC0, 0x00, 0x00, 0x18, 
0x80, 0xC0, 0x95, 0x00, 
0xC0, 0x00, 0x00, 0x18, 
0x80, 0xC0, 0x95, 0x10, 
0xC0, 0x00, 0x00, 0x18, 
0x80, 0xC0, 0x95, 0x20, 
0xC0, 0x00, 0x00, 0x18, 
0x80, 0xC0, 0x95, 0x30, 
0xC0, 0x00, 0x00, 0x18, 
0x80, 0xC0, 0x95, 0x40, 
0xC0, 0x00, 0x00, 0x18, 
0x80, 0xC0, 0x95, 0x50, 
0xC0, 0x00, 0x00, 0x18, 
0x80, 0xC0, 0x95, 0x60, 
0xC0, 0x00, 0x00, 0x18, 
0x80, 0xC0, 0x95, 0x70, 
0xC0, 0x00, 0x00, 0x18, 
0x80, 0xC0, 0x95, 0x80, 
0xC0, 0x00, 0x00, 0x18, 
0x80, 0xC0, 0x95, 0x90, 
0x08, 0x9C, 0x00, 0x14, 
0x00, 0x00, 0x00, 0x00, 
0x00, 0x00, 0x2E, 0x01, 
0x00, 0x00, 0x00, 0x00, 
0x09, 0x9C, 0x00, 0x14, 
0x02, 0xC2, 0x00, 0x00, 
0x00, 0x00, 0x00, 0x00, 
0x09, 0x80, 0x0A, 0x6D, 
0x09, 0x82, 0x0A, 0x71, 
0x09, 0x84, 0x0A, 0x75, 
0x09, 0x86, 0x0A, 0x79, 
0x09, 0x88, 0x0A, 0x7D, 
0x09, 0x8A, 0x0A, 0x81, 
0x09, 0x8C, 0x0A, 0x85, 
0x09, 0x8E, 0x0A, 0x89, 
0x09, 0x90, 0x0A, 0x8D, 
0x09, 0x92, 0x0A, 0x91, 
0x09, 0x94, 0x0A, 0x95, 
0x09, 0x96, 0x0A, 0x99, 
0x09, 0x98, 0x0A, 0x9D, 
0x09, 0x9A, 0x0A, 0xA1, 
0x09, 0x9C, 0x0A, 0xA5, 
0x09, 0x9E, 0x0A, 0xA9, 
0x0B, 0x60, 0x0A, 0xAD, 
0x0B, 0x64, 0x0A, 0xB0, 
0x0B, 0x68, 0x0A, 0xB3, 
0x0B, 0x6C, 0x0A, 0xB6, 
0x0B, 0x70, 0x0A, 0xB9, 
0x0B, 0x74, 0x0A, 0xBC, 
0x0B, 0x78, 0x0A, 0xBF, 
0x0B, 0x7C, 0x0A, 0xC2, 
0x0B, 0xE0, 0x0A, 0xC5, 
0x0B, 0xE4, 0x0A, 0xC8, 
0x0B, 0xE8, 0x0A, 0xCB, 
0x0B, 0xEC, 0x0A, 0xCE, 
0x0B, 0xF0, 0x0A, 0xD1, 
0x0B, 0xF4, 0x0A, 0xD4, 
0x0B, 0xF8, 0x0A, 0xD7, 
0x0B, 0xFC, 0x0A, 0xDA, 
0x0D, 0x10, 0x0A, 0xDD, 
0x0D, 0x12, 0x0A, 0xDF, 
0x0D, 0x14, 0x0A, 0xE1, 
0x0D, 0x16, 0x0A, 0xE3, 
0x0D, 0x50, 0x0A, 0xE5, 
0x0D, 0x52, 0x0A, 0xE7, 
0x0D, 0x54, 0x0A, 0xE9, 
0x0D, 0x56, 0x0A, 0xEB, 
0xC0, 0x00, 0x09, 0x90, 
0x8A, 0x15, 0xFD, 0x20, 
0xC0, 0x00, 0x08, 0x10, 
0x8A, 0x19, 0xFD, 0x00, 
0xC0, 0x00, 0x08, 0x90, 
0x8A, 0x1A, 0xFD, 0x10, 
0xC0, 0x00, 0x08, 0x90, 
0x8A, 0x1C, 0xFD, 0x18, 
0xC0, 0x00, 0x08, 0x90, 
0x8A, 0x1E, 0xFD, 0x60, 
0xC0, 0x00, 0x08, 0x10, 
0x8A, 0x20, 0xFD, 0x64, 
0xC0, 0x00, 0x08, 0x10, 
0x8A, 0x21, 0xFD, 0x80, 
0xC0, 0x00, 0x09, 0x90, 
0x8A, 0x22, 0xFD, 0x84, 
0xC0, 0x00, 0x09, 0x90, 
0x8A, 0x26, 0xFD, 0x94, 
0xC0, 0x00, 0x09, 0x90, 
0x8A, 0x2A, 0xFD, 0x98, 
0x02, 0xC2, 0x00, 0x00, 
0x00, 0x00, 0x00, 0x00, 
0x00, 0x00, 0x00, 0x00, 
0x08, 0x80, 0x0A, 0x6D, 
0x08, 0x82, 0x0A, 0x71, 
0x08, 0x84, 0x0A, 0x75, 
0x08, 0x86, 0x0A, 0x79, 
0x08, 0x88, 0x0A, 0x7D, 
0x08, 0x8A, 0x0A, 0x81, 
0x08, 0x8C, 0x0A, 0x85, 
0x08, 0x8E, 0x0A, 0x89, 
0x08, 0x90, 0x0A, 0x8D, 
0x08, 0x92, 0x0A, 0x91, 
0x08, 0x94, 0x0A, 0x95, 
0x08, 0x96, 0x0A, 0x99, 
0x08, 0x98, 0x0A, 0x9D, 
0x08, 0x9A, 0x0A, 0xA1, 
0x08, 0x9C, 0x0A, 0xA5, 
0x08, 0x9E, 0x0A, 0xA9, 
0xC0, 0x00, 0x09, 0x8F, 
0x8D, 0x20, 0x0A, 0x15, 
0xC0, 0x00, 0x08, 0x0F, 
0x8D, 0x00, 0x0A, 0x19, 
0xC0, 0x00, 0x08, 0x8F, 
0x8D, 0x10, 0x0A, 0x1A, 
0xC0, 0x00, 0x08, 0x8F, 
0x8D, 0x18, 0x0A, 0x1C, 
0xC0, 0x00, 0x08, 0x8F, 
0x8D, 0x60, 0x0A, 0x1E, 
0xC0, 0x00, 0x08, 0x0F, 
0x8D, 0x64, 0x0A, 0x20, 
0xC0, 0x00, 0x08, 0x0F, 
0x8D, 0x80, 0x0A, 0x21, 
0xC0, 0x00, 0x09, 0x8F, 
0x8D, 0x84, 0x0A, 0x22, 
0xC0, 0x00, 0x09, 0x8F, 
0x8D, 0x98, 0x0A, 0x2A, 
0xC0, 0x00, 0x09, 0x8F, 
0x8D, 0x94, 0x0A, 0x26, 
0x0A, 0x60, 0x0A, 0xAD, 
0x0A, 0x64, 0x0A, 0xB0, 
0x0A, 0x68, 0x0A, 0xB3, 
0x0A, 0x6C, 0x0A, 0xB6, 
0x0A, 0x70, 0x0A, 0xB9, 
0x0A, 0x74, 0x0A, 0xBC, 
0x0A, 0x78, 0x0A, 0xBF, 
0x0A, 0x7C, 0x0A, 0xC2, 
0x0A, 0xE0, 0x0A, 0xC5, 
0x0A, 0xE4, 0x0A, 0xC8, 
0x0A, 0xE8, 0x0A, 0xCB, 
0x0A, 0xEC, 0x0A, 0xCE, 
0x0A, 0xF0, 0x0A, 0xD1, 
0x0A, 0xF4, 0x0A, 0xD4, 
0x0A, 0xF8, 0x0A, 0xD7, 
0x0A, 0xFC, 0x0A, 0xDA, 
0x0C, 0x10, 0x0A, 0xDD, 
0x0C, 0x12, 0x0A, 0xDF, 
0x0C, 0x14, 0x0A, 0xE1, 
0x0C, 0x16, 0x0A, 0xE3, 
0x0C, 0x50, 0x0A, 0xE5, 
0x0C, 0x52, 0x0A, 0xE7, 
0x0C, 0x54, 0x0A, 0xE9, 
0x0C, 0x56, 0x0A, 0xEB, 
0x02, 0xC2, 0x00, 0x00, 
0x00, 0x00, 0x00, 0x00, 
0x00, 0x00, 0x00, 0x00, 
0x00, 0x00, 0x00, 0x00, 
};

/* DSP Parameter (Coefficient) Data */
#define DM0_DATA_SIZE_ADAU145XSCHEMATIC_0 11204
#define DM0_DATA_ADDR_ADAU145XSCHEMATIC_0 0
ADI_REG_TYPE DM0_DATA_ADAU145XSCHEMATIC_0_Data[DM0_DATA_SIZE_ADAU145XSCHEMATIC_0] = {
0x00, 0x00, 0x00, 0x00, 
0x00, 0x00, 0x00, 0x00, 
0x00, 0x00, 0x00, 0x00, 
0x00, 0x00, 0x00, 0x00, 
0x00, 0x00, 0x00, 0x00, 
0x00, 0x00, 0x00, 0x00, 
0x00, 0x00, 0x00, 0x00, 
0x00, 0x00, 0x00, 0x00, 
0x00, 0x00, 0x00, 0x00, 
0x00, 0x00, 0x00, 0x00, 
0x00, 0x00, 0x00, 0x00, 
0x00, 0x00, 0x00, 0x00, 
0x00, 0x00, 0x00, 0x00, 
0x00, 0x00, 0x00, 0x00, 
0x00, 0x00, 0x00, 0x00, 
0x00, 0x00, 0x00, 0x00, 
0x00, 0x00, 0x00, 0x0C, 
0x00, 0x00, 0x00, 0x0C, 
0x00, 0x00, 0x01, 0x5C, 
0x00, 0x00, 0x00, 0x00, 
0x00, 0x00, 0x01, 0x68, 
0x00, 0x00, 0x01, 0x68, 
0x00, 0x00, 0x05, 0xE0, 
0x00, 0x00, 0x00, 0x00, 
0x00, 0x00, 0x07, 0x48, 
0x00, 0x00, 0x07, 0x48, 
0x00, 0x00, 0x02, 0x64, 
0x00, 0x00, 0x00, 0x00, 
0x00, 0x00, 0x10, 0xF8, 
0x00, 0x00, 0x10, 0xF8, 
0x00, 0x00, 0x0F, 0x08, 
0x00, 0x00, 0x00, 0x00, 
0x00, 0x00, 0x10, 0xF8, 
0x00, 0x00, 0x10, 0xF8, 
0x00, 0x00, 0x0F, 0x08, 
0x00, 0x00, 0x00, 0x00, 
0x00, 0x00, 0x00, 0x09, 
0x00, 0x00, 0x00, 0x0A, 
0x00, 0x00, 0x00, 0x0B, 
0x00, 0x00, 0x00, 0x0C, 
0x00, 0x00, 0x00, 0x0D, 
0x00, 0x00, 0x00, 0x0E, 
0x00, 0x00, 0x00, 0x0F, 
0x00, 0x00, 0x00, 0x10, 
0x00, 0x00, 0x00, 0x11, 
0x00, 0x00, 0x00, 0x12, 
0x00, 0x00, 0x00, 0x13, 
0x00, 0x00, 0x00, 0x14, 
0x00, 0x00, 0x00, 0x15, 
0x00, 0x00, 0x00, 0x16, 
0x00, 0x00, 0x00, 0x17, 
0x00, 0x00, 0x00, 0x18, 
0x00, 0x00, 0x00, 0x19, 
0x00, 0x00, 0x00, 0x1A, 
0x00, 0x00, 0x00, 0x1B, 
0x00, 0x00, 0x00, 0x1C, 
0x00, 0x00, 0x00, 0x1D, 
0x00, 0x00, 0x00, 0x1E, 
0x00, 0x00, 0x00, 0x1F, 
0x00, 0x00, 0x00, 0x20, 
0x00, 0x00, 0x00, 0x21, 
0x00, 0x00, 0x00, 0x06, 
0x00, 0x00, 0x00, 0x05, 
0x00, 0x00, 0x00, 0x04, 
0x00, 0x00, 0x00, 0x03, 
0x00, 0x00, 0x00, 0x02, 
0x00, 0x00, 0x00, 0x01, 
0x00, 0x00, 0x00, 0x00, 
0x00, 0x00, 0x00, 0x22, 
0x00, 0x00, 0x00, 0x23, 
0x00, 0x00, 0x00, 0x24, 
0x00, 0x00, 0x00, 0x25, 
0x00, 0x00, 0x00, 0x26, 
0x00, 0x00, 0x00, 0x09, 
0x00, 0x00, 0x00, 0x0A, 
0x00, 0x00, 0x00, 0x0B, 
0x00, 0x00, 0x00, 0x0C, 
0x00, 0x00, 0x00, 0x0D, 
0x00, 0x00, 0x00, 0x0E, 
0x00, 0x00, 0x00, 0x0F, 
0x00, 0x00, 0x00, 0x10, 
0x00, 0x00, 0x00, 0x11, 
0x00, 0x00, 0x00, 0x12, 
0x00, 0x00, 0x00, 0x13, 
0x00, 0x00, 0x00, 0x14, 
0x00, 0x00, 0x00, 0x15, 
0x00, 0x00, 0x00, 0x16, 
0x00, 0x00, 0x00, 0x17, 
0x00, 0x00, 0x00, 0x18, 
0x00, 0x00, 0x00, 0x19, 
0x00, 0x00, 0x00, 0x1A, 
0x00, 0x00, 0x00, 0x1B, 
0x00, 0x00, 0x00, 0x1C, 
0x00, 0x00, 0x00, 0x1D, 
0x00, 0x00, 0x00, 0x1E, 
0x00, 0x00, 0x00, 0x1F, 
0x00, 0x00, 0x00, 0x20, 
0x00, 0x00, 0x00, 0x21, 
0x00, 0x00, 0x00, 0x06, 
0x00, 0x00, 0x00, 0x05, 
0x00, 0x00, 0x00, 0x04, 
0x00, 0x00, 0x00, 0x03, 
0x00, 0x00, 0x00, 0x02, 
0x00, 0x00, 0x00, 0x01, 
0x00, 0x00, 0x00, 0x00, 
0x00, 0x00, 0x00, 0x27, 
0x00, 0x00, 0x00, 0x28, 
0x00, 0x00, 0x00, 0x29, 
0x00, 0x00, 0x00, 0x2A, 
0x00, 0x00, 0x00, 0x2B, 
0x00, 0x00, 0x00, 0x09, 
0x00, 0x00, 0x00, 0x0A, 
0x00, 0x00, 0x00, 0x0B, 
0x00, 0x00, 0x00, 0x0C, 
0x00, 0x00, 0x00, 0x0D, 
0x00, 0x00, 0x00, 0x0E, 
0x00, 0x00, 0x00, 0x0F, 
0x00, 0x00, 0x00, 0x10, 
0x00, 0x00, 0x00, 0x11, 
0x00, 0x00, 0x00, 0x12, 
0x00, 0x00, 0x00, 0x13, 
0x00, 0x00, 0x00, 0x14, 
0x00, 0x00, 0x00, 0x15, 
0x00, 0x00, 0x00, 0x16, 
0x00, 0x00, 0x00, 0x17, 
0x00, 0x00, 0x00, 0x18, 
0x00, 0x00, 0x00, 0x19, 
0x00, 0x00, 0x00, 0x1A, 
0x00, 0x00, 0x00, 0x1B, 
0x00, 0x00, 0x00, 0x1C, 
0x00, 0x00, 0x00, 0x1D, 
0x00, 0x00, 0x00, 0x1E, 
0x00, 0x00, 0x00, 0x1F, 
0x00, 0x00, 0x00, 0x20, 
0x00, 0x00, 0x00, 0x21, 
0x00, 0x00, 0x00, 0x06, 
0x00, 0x00, 0x00, 0x05, 
0x00, 0x00, 0x00, 0x04, 
0x00, 0x00, 0x00, 0x03, 
0x00, 0x00, 0x00, 0x02, 
0x00, 0x00, 0x00, 0x01, 
0x00, 0x00, 0x00, 0x00, 
0x00, 0x00, 0x00, 0x2C, 
0x00, 0x00, 0x00, 0x2D, 
0x00, 0x00, 0x00, 0x2E, 
0x00, 0x00, 0x00, 0x2F, 
0x00, 0x00, 0x00, 0x30, 
0x00, 0x00, 0x00, 0x09, 
0x00, 0x00, 0x00, 0x0A, 
0x00, 0x00, 0x00, 0x0B, 
0x00, 0x00, 0x00, 0x0C, 
0x00, 0x00, 0x00, 0x0D, 
0x00, 0x00, 0x00, 0x0E, 
0x00, 0x00, 0x00, 0x0F, 
0x00, 0x00, 0x00, 0x10, 
0x00, 0x00, 0x00, 0x11, 
0x00, 0x00, 0x00, 0x12, 
0x00, 0x00, 0x00, 0x13, 
0x00, 0x00, 0x00, 0x14, 
0x00, 0x00, 0x00, 0x15, 
0x00, 0x00, 0x00, 0x16, 
0x00, 0x00, 0x00, 0x17, 
0x00, 0x00, 0x00, 0x18, 
0x00, 0x00, 0x00, 0x19, 
0x00, 0x00, 0x00, 0x1A, 
0x00, 0x00, 0x00, 0x1B, 
0x00, 0x00, 0x00, 0x1C, 
0x00, 0x00, 0x00, 0x1D, 
0x00, 0x00, 0x00, 0x1E, 
0x00, 0x00, 0x00, 0x1F, 
0x00, 0x00, 0x00, 0x20, 
0x00, 0x00, 0x00, 0x21, 
0x00, 0x00, 0x00, 0x06, 
0x00, 0x00, 0x00, 0x05, 
0x00, 0x00, 0x00, 0x04, 
0x00, 0x00, 0x00, 0x03, 
0x00, 0x00, 0x00, 0x02, 
0x00, 0x00, 0x00, 0x01, 
0x00, 0x00, 0x00, 0x00, 
0x00, 0x00, 0x00, 0x31, 
0x00, 0x00, 0x00, 0x32, 
0x00, 0x00, 0x00, 0x33, 
0x00, 0x00, 0x00, 0x34, 
0x00, 0x00, 0x00, 0x35, 
0x00, 0x00, 0x00, 0x09, 
0x00, 0x00, 0x00, 0x0A, 
0x00, 0x00, 0x00, 0x0B, 
0x00, 0x00, 0x00, 0x0C, 
0x00, 0x00, 0x00, 0x0D, 
0x00, 0x00, 0x00, 0x0E, 
0x00, 0x00, 0x00, 0x0F, 
0x00, 0x00, 0x00, 0x10, 
0x00, 0x00, 0x00, 0x11, 
0x00, 0x00, 0x00, 0x12, 
0x00, 0x00, 0x00, 0x13, 
0x00, 0x00, 0x00, 0x14, 
0x00, 0x00, 0x00, 0x15, 
0x00, 0x00, 0x00, 0x16, 
0x00, 0x00, 0x00, 0x17, 
0x00, 0x00, 0x00, 0x18, 
0x00, 0x00, 0x00, 0x19, 
0x00, 0x00, 0x00, 0x1A, 
0x00, 0x00, 0x00, 0x1B, 
0x00, 0x00, 0x00, 0x1C, 
0x00, 0x00, 0x00, 0x1D, 
0x00, 0x00, 0x00, 0x1E, 
0x00, 0x00, 0x00, 0x1F, 
0x00, 0x00, 0x00, 0x20, 
0x00, 0x00, 0x00, 0x21, 
0x00, 0x00, 0x00, 0x06, 
0x00, 0x00, 0x00, 0x05, 
0x00, 0x00, 0x00, 0x04, 
0x00, 0x00, 0x00, 0x03, 
0x00, 0x00, 0x00, 0x02, 
0x00, 0x00, 0x00, 0x01, 
0x00, 0x00, 0x00, 0x00, 
0x00, 0x00, 0x00, 0x36, 
0x00, 0x00, 0x00, 0x37, 
0x00, 0x00, 0x00, 0x38, 
0x00, 0x00, 0x00, 0x39, 
0x00, 0x00, 0x00, 0x3A, 
0x00, 0x00, 0x00, 0x09, 
0x00, 0x00, 0x00, 0x0A, 
0x00, 0x00, 0x00, 0x0B, 
0x00, 0x00, 0x00, 0x0C, 
0x00, 0x00, 0x00, 0x0D, 
0x00, 0x00, 0x00, 0x0E, 
0x00, 0x00, 0x00, 0x0F, 
0x00, 0x00, 0x00, 0x10, 
0x00, 0x00, 0x00, 0x11, 
0x00, 0x00, 0x00, 0x12, 
0x00, 0x00, 0x00, 0x13, 
0x00, 0x00, 0x00, 0x14, 
0x00, 0x00, 0x00, 0x15, 
0x00, 0x00, 0x00, 0x16, 
0x00, 0x00, 0x00, 0x17, 
0x00, 0x00, 0x00, 0x18, 
0x00, 0x00, 0x00, 0x19, 
0x00, 0x00, 0x00, 0x1A, 
0x00, 0x00, 0x00, 0x1B, 
0x00, 0x00, 0x00, 0x1C, 
0x00, 0x00, 0x00, 0x1D, 
0x00, 0x00, 0x00, 0x1E, 
0x00, 0x00, 0x00, 0x1F, 
0x00, 0x00, 0x00, 0x20, 
0x00, 0x00, 0x00, 0x21, 
0x00, 0x00, 0x00, 0x06, 
0x00, 0x00, 0x00, 0x05, 
0x00, 0x00, 0x00, 0x04, 
0x00, 0x00, 0x00, 0x03, 
0x00, 0x00, 0x00, 0x02, 
0x00, 0x00, 0x00, 0x01, 
0x00, 0x00, 0x00, 0x00, 
0x00, 0x00, 0x00, 0x3B, 
0x00, 0x00, 0x00, 0x3C, 
0x00, 0x00, 0x00, 0x3D, 
0x00, 0x00, 0x00, 0x3E, 
0x00, 0x00, 0x00, 0x3F, 
0x00, 0xFB, 0x4D, 0xF5, 
0xFE, 0x04, 0xBD, 0x2B, 
0x01, 0x00, 0x00, 0x00, 
0xFF, 0x04, 0xB2, 0x0B, 
0x01, 0xFB, 0x42, 0xD5, 
0x00, 0xFE, 0x74, 0xBF, 
0xFE, 0x01, 0x20, 0xE9, 
0x01, 0x00, 0x6E, 0xB9, 
0xFF, 0x01, 0x1C, 0x88, 
0x01, 0xFE, 0xDF, 0x17, 
0x00, 0xFC, 0xEB, 0x3B, 
0xFE, 0x02, 0x49, 0x48, 
0x01, 0x00, 0xDC, 0xF5, 
0xFF, 0x02, 0x37, 0xD0, 
0x01, 0xFD, 0xB6, 0xB8, 
0x00, 0xF9, 0xDD, 0x79, 
0xFE, 0x04, 0xB0, 0x26, 
0x01, 0x01, 0xB7, 0xF4, 
0xFF, 0x04, 0x6A, 0x93, 
0x01, 0xFB, 0x4F, 0xDA, 
0x00, 0xF3, 0xD7, 0x72, 
0xFE, 0x09, 0xD4, 0x79, 
0x01, 0x03, 0x67, 0xEB, 
0xFF, 0x08, 0xC0, 0xA2, 
0x01, 0xF6, 0x2B, 0x87, 
0x00, 0xE8, 0x24, 0x2F, 
0xFE, 0x15, 0x68, 0x8F, 
0x01, 0x06, 0xAE, 0xFC, 
0xFF, 0x11, 0x2C, 0xD5, 
0x01, 0xEA, 0x97, 0x71, 
0x00, 0xD2, 0x33, 0x72, 
0xFE, 0x31, 0x4A, 0xBC, 
0x01, 0x0C, 0xD4, 0x66, 
0xFF, 0x20, 0xF8, 0x28, 
0x01, 0xCE, 0xB5, 0x44, 
0x00, 0xAC, 0x88, 0x15, 
0xFE, 0x78, 0xA1, 0xA0, 
0x01, 0x17, 0x61, 0xCB, 
0xFF, 0x3C, 0x16, 0x1F, 
0x01, 0x87, 0x5E, 0x60, 
0x00, 0x7A, 0xDD, 0xB8, 
0xFF, 0x2F, 0xEB, 0x68, 
0x01, 0x25, 0x4B, 0x78, 
0xFF, 0x5F, 0xD6, 0xD0, 
0x00, 0xD0, 0x14, 0x98, 
0x00, 0x7A, 0xDD, 0xB8, 
0x00, 0xD0, 0x14, 0x98, 
0x01, 0x25, 0x4B, 0x78, 
0xFF, 0x5F, 0xD6, 0xD0, 
0xFF, 0x2F, 0xEB, 0x68, 
0x00, 0x7A, 0xDD, 0xB8, 
0xFF, 0x2F, 0xEB, 0x68, 
0x01, 0x25, 0x4B, 0x78, 
0xFF, 0x5F, 0xD6, 0xD0, 
0x00, 0xD0, 0x14, 0x98, 
0x00, 0x30, 0x37, 0x63, 
0xFF, 0xB1, 0x43, 0x55, 
0x01, 0x00, 0x00, 0x00, 
0xFF, 0xCF, 0xC8, 0x9D, 
0x00, 0x4E, 0xBC, 0xAB, 
0x00, 0xFB, 0x4D, 0xF5, 
0xFE, 0x04, 0xBD, 0x2B, 
0x01, 0x00, 0x00, 0x00, 
0xFF, 0x04, 0xB2, 0x0B, 
0x01, 0xFB, 0x42, 0xD5, 
0x00, 0xFE, 0x74, 0xBF, 
0xFE, 0x01, 0x20, 0xE9, 
0x01, 0x00, 0x6E, 0xB9, 
0xFF, 0x01, 0x1C, 0x88, 
0x01, 0xFE, 0xDF, 0x17, 
0x00, 0xFC, 0xEB, 0x3B, 
0xFE, 0x02, 0x49, 0x48, 
0x01, 0x00, 0xDC, 0xF5, 
0xFF, 0x02, 0x37, 0xD0, 
0x01, 0xFD, 0xB6, 0xB8, 
0x00, 0xF9, 0xDD, 0x79, 
0xFE, 0x04, 0xB0, 0x26, 
0x01, 0x01, 0xB7, 0xF4, 
0xFF, 0x04, 0x6A, 0x93, 
0x01, 0xFB, 0x4F, 0xDA, 
0x00, 0xF3, 0xD7, 0x72, 
0xFE, 0x09, 0xD4, 0x79, 
0x01, 0x03, 0x67, 0xEB, 
0xFF, 0x08, 0xC0, 0xA2, 
0x01, 0xF6, 0x2B, 0x87, 
0x00, 0xE8, 0x24, 0x2F, 
0xFE, 0x15, 0x68, 0x8F, 
0x01, 0x06, 0xAE, 0xFC, 
0xFF, 0x11, 0x2C, 0xD5, 
0x01, 0xEA, 0x97, 0x71, 
0x00, 0xD2, 0x33, 0x72, 
0xFE, 0x31, 0x4A, 0xBC, 
0x01, 0x0C, 0xD4, 0x66, 
0xFF, 0x20, 0xF8, 0x28, 
0x01, 0xCE, 0xB5, 0x44, 
0x00, 0xAC, 0x88, 0x15, 
0xFE, 0x78, 0xA1, 0xA0, 
0x01, 0x17, 0x61, 0xCB, 
0xFF, 0x3C, 0x16, 0x1F, 
0x01, 0x87, 0x5E, 0x60, 
0x00, 0x7A, 0xDD, 0xB8, 
0xFF, 0x2F, 0xEB, 0x68, 
0x01, 0x25, 0x4B, 0x78, 
0xFF, 0x5F, 0xD6, 0xD0, 
0x00, 0xD0, 0x14, 0x98, 
0x00, 0x7A, 0xDD, 0xB8, 
0x00, 0xD0, 0x14, 0x98, 
0x01, 0x25, 0x4B, 0x78, 
0xFF, 0x5F, 0xD6, 0xD0, 
0xFF, 0x2F, 0xEB, 0x68, 
0x00, 0x7A, 0xDD, 0xB8, 
0x00, 0xD0, 0x14, 0x98, 
0x01, 0x25, 0x4B, 0x78, 
0xFF, 0x5F, 0xD6, 0xD0, 
0xFF, 0x2F, 0xEB, 0x68, 
0x00, 0x30, 0x37, 0x63, 
0xFF, 0xB1, 0x43, 0x55, 
0x01, 0x00, 0x00, 0x00, 
0xFF, 0xCF, 0xC8, 0x9D, 
0x00, 0x4E, 0xBC, 0xAB, 
0x00, 0xFB, 0x4D, 0xF5, 
0xFE, 0x04, 0xBD, 0x2B, 
0x01, 0x00, 0x00, 0x00, 
0xFF, 0x04, 0xB2, 0x0B, 
0x01, 0xFB, 0x42, 0xD5, 
0x00, 0xFE, 0x74, 0xBF, 
0xFE, 0x01, 0x20, 0xE9, 
0x01, 0x00, 0x6E, 0xB9, 
0xFF, 0x01, 0x1C, 0x88, 
0x01, 0xFE, 0xDF, 0x17, 
0x00, 0xFC, 0xEB, 0x3B, 
0xFE, 0x02, 0x49, 0x48, 
0x01, 0x00, 0xDC, 0xF5, 
0xFF, 0x02, 0x37, 0xD0, 
0x01, 0xFD, 0xB6, 0xB8, 
0x00, 0xF9, 0xDD, 0x79, 
0xFE, 0x04, 0xB0, 0x26, 
0x01, 0x01, 0xB7, 0xF4, 
0xFF, 0x04, 0x6A, 0x93, 
0x01, 0xFB, 0x4F, 0xDA, 
0x00, 0xF3, 0xD7, 0x72, 
0xFE, 0x09, 0xD4, 0x79, 
0x01, 0x03, 0x67, 0xEB, 
0xFF, 0x08, 0xC0, 0xA2, 
0x01, 0xF6, 0x2B, 0x87, 
0x00, 0xE8, 0x24, 0x2F, 
0xFE, 0x15, 0x68, 0x8F, 
0x01, 0x06, 0xAE, 0xFC, 
0xFF, 0x11, 0x2C, 0xD5, 
0x01, 0xEA, 0x97, 0x71, 
0x00, 0xD2, 0x33, 0x72, 
0xFE, 0x31, 0x4A, 0xBC, 
0x01, 0x0C, 0xD4, 0x66, 
0xFF, 0x20, 0xF8, 0x28, 
0x01, 0xCE, 0xB5, 0x44, 
0x00, 0xAC, 0x88, 0x15, 
0xFE, 0x78, 0xA1, 0xA0, 
0x01, 0x17, 0x61, 0xCB, 
0xFF, 0x3C, 0x16, 0x1F, 
0x01, 0x87, 0x5E, 0x60, 
0x00, 0x7A, 0xDD, 0xB8, 
0xFF, 0x2F, 0xEB, 0x68, 
0x01, 0x25, 0x4B, 0x78, 
0xFF, 0x5F, 0xD6, 0xD0, 
0x00, 0xD0, 0x14, 0x98, 
0x00, 0x7A, 0xDD, 0xB8, 
0x00, 0xD0, 0x14, 0x98, 
0x01, 0x25, 0x4B, 0x78, 
0xFF, 0x5F, 0xD6, 0xD0, 
0xFF, 0x2F, 0xEB, 0x68, 
0x00, 0x7A, 0xDD, 0xB8, 
0xFF, 0x2F, 0xEB, 0x68, 
0x01, 0x25, 0x4B, 0x78, 
0xFF, 0x5F, 0xD6, 0xD0, 
0x00, 0xD0, 0x14, 0x98, 
0x00, 0x30, 0x37, 0x63, 
0xFF, 0xB1, 0x43, 0x55, 
0x01, 0x00, 0x00, 0x00, 
0xFF, 0xCF, 0xC8, 0x9D, 
0x00, 0x4E, 0xBC, 0xAB, 
0x00, 0x00, 0x00, 0x00, 
0x00, 0x00, 0x00, 0x00, 
0x01, 0x00, 0x00, 0x00, 
0x00, 0x00, 0x00, 0x00, 
0x00, 0x00, 0x00, 0x00, 
0x00, 0x00, 0x00, 0x00, 
0x00, 0x00, 0x00, 0x00, 
0x01, 0x00, 0x00, 0x00, 
0x00, 0x00, 0x00, 0x00, 
0x00, 0x00, 0x00, 0x00, 
0x00, 0x00, 0x00, 0x00, 
0x00, 0x00, 0x00, 0x00, 
0x01, 0x00, 0x00, 0x00, 
0x00, 0x00, 0x00, 0x00, 
0x00, 0x00, 0x00, 0x00, 
0x00, 0x00, 0x00, 0x00, 
0x00, 0x00, 0x00, 0x00, 
0x01, 0x00, 0x00, 0x00, 
0x00, 0x00, 0x00, 0x00, 
0x00, 0x00, 0x00, 0x00, 
0x00, 0x00, 0x00, 0x00, 
0x00, 0x00, 0x00, 0x00, 
0x01, 0x00, 0x00, 0x00, 
0x00, 0x00, 0x00, 0x00, 
0x00, 0x00, 0x00, 0x00, 
0x00, 0x00, 0x00, 0x00, 
0x00, 0x00, 0x00, 0x00, 
0x01, 0x00, 0x00, 0x00, 
0x00, 0x00, 0x20, 0x8A, 
0x01, 0x00, 0x00, 0x00, 
0x01, 0x00, 0x00, 0x00, 
0x00, 0x00, 0x00, 0x00, 
0x00, 0x00, 0x00, 0x00, 
0x01, 0x00, 0x00, 0x00, 
0x00, 0x00, 0x00, 0x00, 
0x00, 0x00, 0x00, 0x00, 
0x00, 0x00, 0x00, 0x00, 
0x00, 0x00, 0x00, 0x00, 
0x01, 0x00, 0x00, 0x00, 
0x00, 0x00, 0x00, 0x00, 
0x00, 0x00, 0x00, 0x00, 
0x00, 0x00, 0x00, 0x00, 
0x00, 0x00, 0x00, 0x00, 
0x01, 0x00, 0x00, 0x00, 
0x00, 0x00, 0x00, 0x00, 
0x00, 0x00, 0x00, 0x00, 
0x00, 0x00, 0x00, 0x00, 
0x00, 0x00, 0x00, 0x00, 
0x01, 0x00, 0x00, 0x00, 
0x00, 0x00, 0x00, 0x00, 
0x00, 0x00, 0x00, 0x00, 
0x00, 0x00, 0x00, 0x00, 
0x00, 0x00, 0x00, 0x00, 
0x01, 0x00, 0x00, 0x00, 
0x00, 0x00, 0x00, 0x00, 
0x00, 0x00, 0x00, 0x00, 
0x00, 0x00, 0x00, 0x00, 
0x00, 0x00, 0x00, 0x00, 
0x01, 0x00, 0x00, 0x00, 
0x00, 0x00, 0x20, 0x8A, 
0x00, 0x00, 0x00, 0x00, 
0x00, 0x00, 0x00, 0x00, 
0x01, 0x00, 0x00, 0x00, 
0x00, 0x00, 0x00, 0x00, 
0x00, 0x00, 0x00, 0x00, 
0x00, 0x00, 0x00, 0x00, 
0x00, 0x00, 0x00, 0x00, 
0x01, 0x00, 0x00, 0x00, 
0x00, 0x00, 0x00, 0x00, 
0x00, 0x00, 0x00, 0x00, 
0x00, 0x00, 0x00, 0x00, 
0x00, 0x00, 0x00, 0x00, 
0x01, 0x00, 0x00, 0x00, 
0x00, 0x00, 0x00, 0x00, 
0x00, 0x00, 0x00, 0x00, 
0x00, 0x00, 0x00, 0x00, 
0x00, 0x00, 0x00, 0x00, 
0x01, 0x00, 0x00, 0x00, 
0x00, 0x00, 0x00, 0x00, 
0x00, 0x00, 0x00, 0x00, 
0x01, 0x00, 0x00, 0x00, 
0x01, 0x00, 0x00, 0x00, 
0x00, 0x00, 0x00, 0x00, 
0x00, 0x00, 0x00, 0x00, 
0x01, 0x00, 0x00, 0x00, 
0x00, 0x00, 0x00, 0x00, 
0x00, 0x00, 0x00, 0x00, 
0x00, 0x00, 0x00, 0x00, 
0x00, 0x00, 0x00, 0x00, 
0x01, 0x00, 0x00, 0x00, 
0x00, 0x00, 0x00, 0x00, 
0x00, 0x00, 0x00, 0x00, 
0x00, 0x00, 0x00, 0x00, 
0x00, 0x00, 0x00, 0x00, 
0x01, 0x00, 0x00, 0x00, 
0x00, 0x00, 0x00, 0x00, 
0x00, 0x00, 0x00, 0x00, 
0x00, 0x00, 0x00, 0x00, 
0x00, 0x00, 0x00, 0x00, 
0x01, 0x00, 0x00, 0x00, 
0x00, 0x00, 0x00, 0x00, 
0x00, 0x00, 0x00, 0x00, 
0x00, 0x00, 0x00, 0x00, 
0x00, 0x00, 0x00, 0x00, 
0x01, 0x00, 0x00, 0x00, 
0x00, 0x00, 0x00, 0x00, 
0x00, 0x00, 0x00, 0x00, 
0x00, 0x00, 0x00, 0x00, 
0x00, 0x00, 0x00, 0x00, 
0x01, 0x00, 0x00, 0x00, 
0x00, 0x00, 0x20, 0x8A, 
0x00, 0x00, 0x00, 0x00, 
0x00, 0x00, 0x00, 0x00, 
0x01, 0x00, 0x00, 0x00, 
0x00, 0x00, 0x00, 0x00, 
0x00, 0x00, 0x00, 0x00, 
0x00, 0x00, 0x00, 0x00, 
0x00, 0x00, 0x00, 0x00, 
0x01, 0x00, 0x00, 0x00, 
0x00, 0x00, 0x00, 0x00, 
0x00, 0x00, 0x00, 0x00, 
0x00, 0x00, 0x00, 0x00, 
0x00, 0x00, 0x00, 0x00, 
0x01, 0x00, 0x00, 0x00, 
0x00, 0x00, 0x00, 0x00, 
0x00, 0x00, 0x00, 0x00, 
0x00, 0x00, 0x00, 0x00, 
0x00, 0x00, 0x00, 0x00, 
0x01, 0x00, 0x00, 0x00, 
0x00, 0x00, 0x00, 0x00, 
0x00, 0x00, 0x00, 0x00, 
0x00, 0xFC, 0x2E, 0x4C, 
0xFE, 0x03, 0x33, 0x22, 
0x01, 0x00, 0xA8, 0xA8, 
0xFF, 0x03, 0x2B, 0x90, 
0x01, 0xFC, 0xCF, 0x62, 
0x00, 0xFE, 0x74, 0xBF, 
0xFE, 0x01, 0x20, 0xE9, 
0x01, 0x00, 0x6E, 0xB9, 
0xFF, 0x01, 0x1C, 0x88, 
0x01, 0xFE, 0xDF, 0x17, 
0x00, 0xFC, 0xEB, 0x3B, 
0xFE, 0x02, 0x49, 0x48, 
0x01, 0x00, 0xDC, 0xF5, 
0xFF, 0x02, 0x37, 0xD0, 
0x01, 0xFD, 0xB6, 0xB8, 
0x00, 0xF9, 0xDD, 0x79, 
0xFE, 0x04, 0xB0, 0x26, 
0x01, 0x01, 0xB7, 0xF4, 
0xFF, 0x04, 0x6A, 0x93, 
0x01, 0xFB, 0x4F, 0xDA, 
0x00, 0xF3, 0xD7, 0x72, 
0xFE, 0x09, 0xD4, 0x79, 
0x01, 0x03, 0x67, 0xEB, 
0xFF, 0x08, 0xC0, 0xA2, 
0x01, 0xF6, 0x2B, 0x87, 
0x00, 0xE8, 0x24, 0x2F, 
0xFE, 0x15, 0x68, 0x8F, 
0x01, 0x06, 0xAE, 0xFC, 
0xFF, 0x11, 0x2C, 0xD5, 
0x01, 0xEA, 0x97, 0x71, 
0x00, 0xD2, 0x33, 0x72, 
0xFE, 0x31, 0x4A, 0xBC, 
0x01, 0x0C, 0xD4, 0x66, 
0xFF, 0x20, 0xF8, 0x28, 
0x01, 0xCE, 0xB5, 0x44, 
0x00, 0xAC, 0x88, 0x15, 
0xFE, 0x78, 0xA1, 0xA0, 
0x01, 0x17, 0x61, 0xCB, 
0xFF, 0x3C, 0x16, 0x1F, 
0x01, 0x87, 0x5E, 0x60, 
0x00, 0x7A, 0xDD, 0xB8, 
0xFF, 0x2F, 0xEB, 0x68, 
0x01, 0x25, 0x4B, 0x78, 
0xFF, 0x5F, 0xD6, 0xD0, 
0x00, 0xD0, 0x14, 0x98, 
0x00, 0x7A, 0xDD, 0xB8, 
0x00, 0xD0, 0x14, 0x98, 
0x01, 0x25, 0x4B, 0x78, 
0xFF, 0x5F, 0xD6, 0xD0, 
0xFF, 0x2F, 0xEB, 0x68, 
0x00, 0x7A, 0xDD, 0xB8, 
0xFF, 0x2F, 0xEB, 0x68, 
0x01, 0x25, 0x4B, 0x78, 
0xFF, 0x5F, 0xD6, 0xD0, 
0x00, 0xD0, 0x14, 0x98, 
0x00, 0x00, 0x00, 0x00, 
0x00, 0x00, 0x00, 0x00, 
0x01, 0x00, 0x00, 0x00, 
0x00, 0x00, 0x00, 0x00, 
0x00, 0x00, 0x00, 0x00, 
0x00, 0x00, 0x00, 0x00, 
0x00, 0x00, 0x00, 0x00, 
0x01, 0x00, 0x00, 0x00, 
0x00, 0x00, 0x00, 0x00, 
0x00, 0x00, 0x00, 0x00, 
0x00, 0x00, 0x00, 0x00, 
0x00, 0x00, 0x00, 0x00, 
0x01, 0x00, 0x00, 0x00, 
0x00, 0x00, 0x00, 0x00, 
0x00, 0x00, 0x00, 0x00, 
0x00, 0x00, 0x00, 0x00, 
0x00, 0x00, 0x00, 0x00, 
0x01, 0x00, 0x00, 0x00, 
0x00, 0x00, 0x00, 0x00, 
0x00, 0x00, 0x00, 0x00, 
0x00, 0x00, 0x00, 0x00, 
0x00, 0x00, 0x00, 0x00, 
0x01, 0x00, 0x00, 0x00, 
0x00, 0x00, 0x00, 0x00, 
0x00, 0x00, 0x00, 0x00, 
0x00, 0x00, 0x00, 0x00, 
0x00, 0x00, 0x00, 0x00, 
0x01, 0x00, 0x00, 0x00, 
0x00, 0x00, 0x00, 0x00, 
0x00, 0x00, 0x00, 0x00, 
0x00, 0x00, 0x00, 0x00, 
0x00, 0x00, 0x00, 0x00, 
0x01, 0x00, 0x00, 0x00, 
0x00, 0x00, 0x20, 0x8A, 
0x00, 0x00, 0x00, 0x00, 
0x00, 0x00, 0x00, 0x00, 
0x01, 0x00, 0x00, 0x00, 
0x00, 0x00, 0x00, 0x00, 
0x00, 0x00, 0x00, 0x00, 
0x00, 0x00, 0x00, 0x00, 
0x00, 0x00, 0x00, 0x00, 
0x01, 0x00, 0x00, 0x00, 
0x00, 0x00, 0x00, 0x00, 
0x00, 0x00, 0x00, 0x00, 
0x00, 0x00, 0x00, 0x00, 
0x00, 0x00, 0x00, 0x00, 
0x01, 0x00, 0x00, 0x00, 
0x00, 0x00, 0x00, 0x00, 
0x00, 0x00, 0x00, 0x00, 
0x00, 0x00, 0x00, 0x00, 
0x00, 0x00, 0x00, 0x00, 
0x01, 0x00, 0x00, 0x00, 
0x00, 0x00, 0x00, 0x00, 
0x00, 0x00, 0x00, 0x00, 
0x01, 0x00, 0x00, 0x00, 
0x01, 0x00, 0x00, 0x00, 
0x00, 0xFC, 0x2E, 0x4C, 
0xFE, 0x03, 0x33, 0x22, 
0x01, 0x00, 0xA8, 0xA8, 
0xFF, 0x03, 0x2B, 0x90, 
0x01, 0xFC, 0xCF, 0x62, 
0x00, 0xFE, 0x74, 0xBF, 
0xFE, 0x01, 0x20, 0xE9, 
0x01, 0x00, 0x6E, 0xB9, 
0xFF, 0x01, 0x1C, 0x88, 
0x01, 0xFE, 0xDF, 0x17, 
0x00, 0xFC, 0xEB, 0x3B, 
0xFE, 0x02, 0x49, 0x48, 
0x01, 0x00, 0xDC, 0xF5, 
0xFF, 0x02, 0x37, 0xD0, 
0x01, 0xFD, 0xB6, 0xB8, 
0x00, 0xF9, 0xDD, 0x79, 
0xFE, 0x04, 0xB0, 0x26, 
0x01, 0x01, 0xB7, 0xF4, 
0xFF, 0x04, 0x6A, 0x93, 
0x01, 0xFB, 0x4F, 0xDA, 
0x00, 0xF3, 0xD7, 0x72, 
0xFE, 0x09, 0xD4, 0x79, 
0x01, 0x03, 0x67, 0xEB, 
0xFF, 0x08, 0xC0, 0xA2, 
0x01, 0xF6, 0x2B, 0x87, 
0x00, 0xE8, 0x24, 0x2F, 
0xFE, 0x15, 0x68, 0x8F, 
0x01, 0x06, 0xAE, 0xFC, 
0xFF, 0x11, 0x2C, 0xD5, 
0x01, 0xEA, 0x97, 0x71, 
0x00, 0xD2, 0x33, 0x72, 
0xFE, 0x31, 0x4A, 0xBC, 
0x01, 0x0C, 0xD4, 0x66, 
0xFF, 0x20, 0xF8, 0x28, 
0x01, 0xCE, 0xB5, 0x44, 
0x00, 0xAC, 0x88, 0x15, 
0xFE, 0x78, 0xA1, 0xA0, 
0x01, 0x17, 0x61, 0xCB, 
0xFF, 0x3C, 0x16, 0x1F, 
0x01, 0x87, 0x5E, 0x60, 
0x00, 0x7A, 0xDD, 0xB8, 
0xFF, 0x2F, 0xEB, 0x68, 
0x01, 0x25, 0x4B, 0x78, 
0xFF, 0x5F, 0xD6, 0xD0, 
0x00, 0xD0, 0x14, 0x98, 
0x00, 0x7A, 0xDD, 0xB8, 
0x00, 0xD0, 0x14, 0x98, 
0x01, 0x25, 0x4B, 0x78, 
0xFF, 0x5F, 0xD6, 0xD0, 
0xFF, 0x2F, 0xEB, 0x68, 
0x00, 0x7A, 0xDD, 0xB8, 
0xFF, 0x2F, 0xEB, 0x68, 
0x01, 0x25, 0x4B, 0x78, 
0xFF, 0x5F, 0xD6, 0xD0, 
0x00, 0xD0, 0x14, 0x98, 
0x00, 0x00, 0x00, 0x00, 
0x00, 0x00, 0x00, 0x00, 
0x01, 0x00, 0x00, 0x00, 
0x00, 0x00, 0x00, 0x00, 
0x00, 0x00, 0x00, 0x00, 
0x00, 0x00, 0x00, 0x00, 
0x00, 0x00, 0x00, 0x00, 
0x01, 0x00, 0x00, 0x00, 
0x00, 0x00, 0x00, 0x00, 
0x00, 0x00, 0x00, 0x00, 
0x00, 0x00, 0x00, 0x00, 
0x00, 0x00, 0x00, 0x00, 
0x01, 0x00, 0x00, 0x00, 
0x00, 0x00, 0x00, 0x00, 
0x00, 0x00, 0x00, 0x00, 
0x00, 0x00, 0x00, 0x00, 
0x00, 0x00, 0x00, 0x00, 
0x01, 0x00, 0x00, 0x00, 
0x00, 0x00, 0x00, 0x00, 
0x00, 0x00, 0x00, 0x00, 
0x00, 0x00, 0x00, 0x00, 
0x00, 0x00, 0x00, 0x00, 
0x01, 0x00, 0x00, 0x00, 
0x00, 0x00, 0x00, 0x00, 
0x00, 0x00, 0x00, 0x00, 
0x01, 0x00, 0x00, 0x00, 
0x01, 0x00, 0x00, 0x00, 
0x00, 0x00, 0x00, 0x00, 
0x00, 0x00, 0x00, 0x00, 
0x01, 0x00, 0x00, 0x00, 
0x00, 0x00, 0x00, 0x00, 
0x00, 0x00, 0x00, 0x00, 
0x00, 0x00, 0x00, 0x00, 
0x00, 0x00, 0x00, 0x00, 
0x01, 0x00, 0x00, 0x00, 
0x00, 0x00, 0x00, 0x00, 
0x00, 0x00, 0x00, 0x00, 
0x00, 0x00, 0x00, 0x00, 
0x00, 0x00, 0x00, 0x00, 
0x01, 0x00, 0x00, 0x00, 
0x00, 0x00, 0x00, 0x00, 
0x00, 0x00, 0x00, 0x00, 
0x00, 0x00, 0x00, 0x00, 
0x00, 0x00, 0x00, 0x00, 
0x01, 0x00, 0x00, 0x00, 
0x00, 0x00, 0x00, 0x00, 
0x00, 0x00, 0x00, 0x00, 
0x00, 0x00, 0x00, 0x00, 
0x00, 0x00, 0x00, 0x00, 
0x01, 0x00, 0x00, 0x00, 
0x00, 0x00, 0x00, 0x00, 
0x00, 0x00, 0x00, 0x00, 
0x00, 0x00, 0x00, 0x00, 
0x00, 0x00, 0x00, 0x00, 
0x01, 0x00, 0x00, 0x00, 
0x00, 0x00, 0x20, 0x8A, 
0x00, 0x00, 0x00, 0x00, 
0x00, 0x00, 0x00, 0x00, 
0x01, 0x00, 0x00, 0x00, 
0x00, 0x00, 0x00, 0x00, 
0x00, 0x00, 0x00, 0x00, 
0x00, 0xFE, 0x74, 0xBF, 
0xFE, 0x01, 0x20, 0xE9, 
0x01, 0x00, 0x6E, 0xB9, 
0xFF, 0x01, 0x1C, 0x88, 
0x01, 0xFE, 0xDF, 0x17, 
0x00, 0xFC, 0xEB, 0x3B, 
0xFE, 0x02, 0x49, 0x48, 
0x01, 0x00, 0xDC, 0xF5, 
0xFF, 0x02, 0x37, 0xD0, 
0x01, 0xFD, 0xB6, 0xB8, 
0x00, 0xF9, 0xDD, 0x79, 
0xFE, 0x04, 0xB0, 0x26, 
0x01, 0x01, 0xB7, 0xF4, 
0xFF, 0x04, 0x6A, 0x93, 
0x01, 0xFB, 0x4F, 0xDA, 
0x00, 0xF3, 0xD7, 0x72, 
0xFE, 0x09, 0xD4, 0x79, 
0x01, 0x03, 0x67, 0xEB, 
0xFF, 0x08, 0xC0, 0xA2, 
0x01, 0xF6, 0x2B, 0x87, 
0x00, 0xE8, 0x24, 0x2F, 
0xFE, 0x15, 0x68, 0x8F, 
0x01, 0x06, 0xAE, 0xFC, 
0xFF, 0x11, 0x2C, 0xD5, 
0x01, 0xEA, 0x97, 0x71, 
0x00, 0xD2, 0x33, 0x72, 
0xFE, 0x31, 0x4A, 0xBC, 
0x01, 0x0C, 0xD4, 0x66, 
0xFF, 0x20, 0xF8, 0x28, 
0x01, 0xCE, 0xB5, 0x44, 
0x00, 0xAC, 0x88, 0x15, 
0xFE, 0x78, 0xA1, 0xA0, 
0x01, 0x17, 0x61, 0xCB, 
0xFF, 0x3C, 0x16, 0x1F, 
0x01, 0x87, 0x5E, 0x60, 
0x00, 0x7A, 0xDD, 0xB8, 
0xFF, 0x2F, 0xEB, 0x68, 
0x01, 0x25, 0x4B, 0x78, 
0xFF, 0x5F, 0xD6, 0xD0, 
0x00, 0xD0, 0x14, 0x98, 
0x00, 0x7A, 0xDD, 0xB8, 
0x00, 0xD0, 0x14, 0x98, 
0x01, 0x25, 0x4B, 0x78, 
0xFF, 0x5F, 0xD6, 0xD0, 
0xFF, 0x2F, 0xEB, 0x68, 
0x00, 0x7A, 0xDD, 0xB8, 
0xFF, 0x2F, 0xEB, 0x68, 
0x01, 0x25, 0x4B, 0x78, 
0xFF, 0x5F, 0xD6, 0xD0, 
0x00, 0xD0, 0x14, 0x98, 
0x00, 0x00, 0x00, 0x00, 
0x00, 0x00, 0x00, 0x00, 
0x01, 0x00, 0x00, 0x00, 
0x00, 0x00, 0x00, 0x00, 
0x00, 0x00, 0x00, 0x00, 
0x00, 0x00, 0x00, 0x00, 
0x00, 0x00, 0x00, 0x00, 
0x01, 0x00, 0x00, 0x00, 
0x00, 0x00, 0x00, 0x00, 
0x00, 0x00, 0x00, 0x00, 
0x00, 0x00, 0x00, 0x00, 
0x00, 0x00, 0x00, 0x00, 
0x01, 0x00, 0x00, 0x00, 
0x00, 0x00, 0x00, 0x00, 
0x00, 0x00, 0x00, 0x00, 
0x00, 0x00, 0x00, 0x00, 
0x00, 0x00, 0x00, 0x00, 
0x01, 0x00, 0x00, 0x00, 
0x00, 0x00, 0x00, 0x00, 
0x00, 0x00, 0x00, 0x00, 
0x00, 0x00, 0x00, 0x00, 
0x00, 0x00, 0x00, 0x00, 
0x01, 0x00, 0x00, 0x00, 
0x00, 0x00, 0x00, 0x00, 
0x00, 0x00, 0x00, 0x00, 
0x01, 0x00, 0x00, 0x00, 
0x01, 0x00, 0x00, 0x00, 
0x01, 0x00, 0x00, 0x00, 
0x00, 0x00, 0x00, 0x00, 
0x00, 0x00, 0x00, 0x00, 
0x01, 0x00, 0x00, 0x00, 
0x00, 0x00, 0x00, 0x00, 
0x00, 0x00, 0x00, 0x00, 
0x00, 0x00, 0x00, 0x00, 
0x00, 0x00, 0x00, 0x00, 
0x01, 0x00, 0x00, 0x00, 
0x00, 0x00, 0x20, 0x8A, 
0x01, 0x00, 0x00, 0x00, 
0x01, 0x00, 0x00, 0x00, 
0x00, 0x00, 0x00, 0x00, 
0x00, 0x00, 0x00, 0x00, 
0x01, 0x00, 0x00, 0x00, 
0x00, 0x00, 0x00, 0x00, 
0x00, 0x00, 0x00, 0x00, 
0x00, 0x00, 0x00, 0x00, 
0x00, 0x00, 0x00, 0x00, 
0x01, 0x00, 0x00, 0x00, 
0x00, 0x00, 0x20, 0x8A, 
0x01, 0x00, 0x00, 0x00, 
0x01, 0x00, 0x00, 0x00, 
0x00, 0x00, 0x00, 0x00, 
0x00, 0x00, 0x00, 0x00, 
0x01, 0x00, 0x00, 0x00, 
0x00, 0x00, 0x00, 0x00, 
0x00, 0x00, 0x00, 0x00, 
0x00, 0x00, 0x00, 0x00, 
0x00, 0x00, 0x00, 0x00, 
0x01, 0x00, 0x00, 0x00, 
0x00, 0x00, 0x20, 0x8A, 
0x00, 0x00, 0x00, 0x00, 
0x01, 0x00, 0x00, 0x00, 
0x00, 0x00, 0x20, 0x8A, 
0x00, 0x00, 0x00, 0x09, 
0x00, 0x00, 0x00, 0x0A, 
0x00, 0x00, 0x00, 0x0B, 
0x00, 0x00, 0x00, 0x0C, 
0x00, 0x00, 0x00, 0x0D, 
0x00, 0x00, 0x00, 0x0E, 
0x00, 0x00, 0x00, 0x0F, 
0x00, 0x00, 0x00, 0x10, 
0x00, 0x00, 0x00, 0x11, 
0x00, 0x00, 0x00, 0x12, 
0x00, 0x00, 0x00, 0x13, 
0x00, 0x00, 0x00, 0x14, 
0x00, 0x00, 0x00, 0x15, 
0x00, 0x00, 0x00, 0x16, 
0x00, 0x00, 0x00, 0x17, 
0x00, 0x00, 0x00, 0x18, 
0x00, 0x00, 0x00, 0x19, 
0x00, 0x00, 0x00, 0x1A, 
0x00, 0x00, 0x00, 0x1B, 
0x00, 0x00, 0x00, 0x1C, 
0x00, 0x00, 0x00, 0x1D, 
0x00, 0x00, 0x00, 0x1E, 
0x00, 0x00, 0x00, 0x1F, 
0x00, 0x00, 0x00, 0x20, 
0x00, 0x00, 0x00, 0x21, 
0x00, 0x00, 0x00, 0x06, 
0x00, 0x00, 0x00, 0x05, 
0x00, 0x00, 0x00, 0x04, 
0x00, 0x00, 0x00, 0x03, 
0x00, 0x00, 0x00, 0x02, 
0x00, 0x00, 0x00, 0x01, 
0x00, 0x00, 0x00, 0x00, 
0x00, 0x00, 0x01, 0x1C, 
0x00, 0x00, 0x01, 0x1D, 
0x00, 0x00, 0x01, 0x1E, 
0x00, 0x00, 0x01, 0x1F, 
0x00, 0x00, 0x01, 0x20, 
0x00, 0x00, 0x00, 0x09, 
0x00, 0x00, 0x00, 0x0A, 
0x00, 0x00, 0x00, 0x0B, 
0x00, 0x00, 0x00, 0x0C, 
0x00, 0x00, 0x00, 0x0D, 
0x00, 0x00, 0x00, 0x0E, 
0x00, 0x00, 0x00, 0x0F, 
0x00, 0x00, 0x00, 0x10, 
0x00, 0x00, 0x00, 0x11, 
0x00, 0x00, 0x00, 0x12, 
0x00, 0x00, 0x00, 0x13, 
0x00, 0x00, 0x00, 0x14, 
0x00, 0x00, 0x00, 0x15, 
0x00, 0x00, 0x00, 0x16, 
0x00, 0x00, 0x00, 0x17, 
0x00, 0x00, 0x00, 0x18, 
0x00, 0x00, 0x00, 0x19, 
0x00, 0x00, 0x00, 0x1A, 
0x00, 0x00, 0x00, 0x1B, 
0x00, 0x00, 0x00, 0x1C, 
0x00, 0x00, 0x00, 0x1D, 
0x00, 0x00, 0x00, 0x1E, 
0x00, 0x00, 0x00, 0x1F, 
0x00, 0x00, 0x00, 0x20, 
0x00, 0x00, 0x00, 0x21, 
0x00, 0x00, 0x00, 0x06, 
0x00, 0x00, 0x00, 0x05, 
0x00, 0x00, 0x00, 0x04, 
0x00, 0x00, 0x00, 0x03, 
0x00, 0x00, 0x00, 0x02, 
0x00, 0x00, 0x00, 0x01, 
0x00, 0x00, 0x00, 0x00, 
0x00, 0x00, 0x01, 0x21, 
0x00, 0x00, 0x01, 0x22, 
0x00, 0x00, 0x01, 0x23, 
0x00, 0x00, 0x01, 0x24, 
0x00, 0x00, 0x01, 0x25, 
0x00, 0x00, 0x00, 0x0E, 
0x00, 0x00, 0x00, 0x09, 
0x00, 0x00, 0x00, 0x0A, 
0x00, 0x00, 0x00, 0x0B, 
0x00, 0x00, 0x00, 0x0C, 
0x00, 0x00, 0x00, 0x0D, 
0x00, 0x00, 0x00, 0x0E, 
0x00, 0x00, 0x00, 0x0F, 
0x00, 0x00, 0x00, 0x10, 
0x00, 0x00, 0x00, 0x09, 
0x00, 0x00, 0x00, 0x0A, 
0x00, 0x00, 0x00, 0x0B, 
0x00, 0x00, 0x00, 0x0C, 
0x00, 0x00, 0x00, 0x0D, 
0x00, 0x00, 0x00, 0x0E, 
0x00, 0x00, 0x00, 0x0F, 
0x00, 0x00, 0x00, 0x10, 
0x00, 0x00, 0x00, 0x11, 
0x00, 0x00, 0x00, 0x12, 
0x00, 0x00, 0x00, 0x13, 
0x00, 0x00, 0x00, 0x14, 
0x00, 0x00, 0x00, 0x15, 
0x00, 0x00, 0x00, 0x16, 
0x00, 0x00, 0x00, 0x17, 
0x00, 0x00, 0x00, 0x18, 
0x00, 0x00, 0x00, 0x11, 
0x00, 0x00, 0x00, 0x12, 
0x00, 0x00, 0x00, 0x13, 
0x00, 0x00, 0x00, 0x14, 
0x00, 0x00, 0x00, 0x15, 
0x00, 0x00, 0x00, 0x16, 
0x00, 0x00, 0x00, 0x17, 
0x00, 0x00, 0x00, 0x18, 
0x00, 0x00, 0x00, 0x19, 
0x00, 0x00, 0x00, 0x1A, 
0x00, 0x00, 0x00, 0x1B, 
0x00, 0x00, 0x00, 0x1C, 
0x00, 0x00, 0x00, 0x1D, 
0x00, 0x00, 0x00, 0x1E, 
0x00, 0x00, 0x00, 0x1F, 
0x00, 0x00, 0x00, 0x20, 
0x00, 0x00, 0x00, 0x19, 
0x00, 0x00, 0x00, 0x1A, 
0x00, 0x00, 0x00, 0x1B, 
0x00, 0x00, 0x00, 0x1C, 
0x00, 0x00, 0x00, 0x1D, 
0x00, 0x00, 0x00, 0x1E, 
0x00, 0x00, 0x00, 0x1F, 
0x00, 0x00, 0x00, 0x20, 
0x00, 0x00, 0x00, 0x21, 
0x00, 0x00, 0x00, 0x06, 
0x00, 0x00, 0x00, 0x05, 
0x00, 0x00, 0x00, 0x04, 
0x00, 0x00, 0x00, 0x03, 
0x00, 0x00, 0x00, 0x02, 
0x00, 0x00, 0x00, 0x01, 
0x00, 0x00, 0x00, 0x00, 
0x00, 0x00, 0x00, 0x21, 
0x00, 0x00, 0x00, 0x06, 
0x00, 0x00, 0x00, 0x05, 
0x00, 0x00, 0x00, 0x04, 
0x00, 0x00, 0x00, 0x03, 
0x00, 0x00, 0x00, 0x02, 
0x00, 0x00, 0x00, 0x01, 
0x00, 0x00, 0x00, 0x00, 
0x00, 0x00, 0x01, 0x39, 
0x00, 0x00, 0x01, 0x38, 
0x00, 0x00, 0x01, 0x37, 
0x00, 0x00, 0x01, 0x36, 
0x00, 0x00, 0x01, 0x35, 
0x00, 0x00, 0x01, 0x34, 
0x00, 0x00, 0x01, 0x33, 
0x00, 0x00, 0x01, 0x32, 
0x00, 0x00, 0x01, 0x3A, 
0x00, 0x00, 0x01, 0x3B, 
0x00, 0x00, 0x01, 0x3C, 
0x00, 0x00, 0x01, 0x3D, 
0x00, 0x00, 0x01, 0x3E, 
0x00, 0x00, 0x01, 0x3F, 
0x00, 0x00, 0x01, 0x39, 
0x00, 0x00, 0x01, 0x38, 
0x00, 0x00, 0x01, 0x37, 
0x00, 0x00, 0x01, 0x36, 
0x00, 0x00, 0x01, 0x35, 
0x00, 0x00, 0x01, 0x34, 
0x00, 0x00, 0x01, 0x33, 
0x00, 0x00, 0x01, 0x32, 
0x00, 0x00, 0x01, 0x41, 
0x00, 0x00, 0x01, 0x42, 
0x00, 0x00, 0x01, 0x43, 
0x00, 0x00, 0x01, 0x44, 
0x00, 0x00, 0x01, 0x45, 
0x00, 0x00, 0x01, 0x46, 
0x00, 0x00, 0x00, 0x00, 
0x00, 0x00, 0x00, 0x00, 
0x01, 0x00, 0x00, 0x00, 
0x00, 0x00, 0x00, 0x00, 
0x00, 0x00, 0x00, 0x00, 
0x00, 0x00, 0x00, 0x00, 
0x00, 0x00, 0x00, 0x00, 
0x00, 0x00, 0x00, 0x00, 
0x00, 0x00, 0x00, 0x00, 
0x00, 0x00, 0x00, 0x00, 
0x00, 0x00, 0x00, 0x00, 
0x00, 0x00, 0x00, 0x00, 
0x00, 0x00, 0x00, 0x00, 
0x00, 0x00, 0x00, 0x00, 
0x00, 0x00, 0x00, 0x00, 
0x00, 0x00, 0x00, 0x00, 
0x00, 0x00, 0x00, 0x00, 
0x00, 0x00, 0x00, 0x00, 
0x00, 0x00, 0x00, 0x00, 
0x00, 0x00, 0x00, 0x00, 
0x00, 0x00, 0x00, 0x00, 
0x00, 0x00, 0x00, 0x00, 
0x00, 0x00, 0x00, 0x00, 
0x00, 0x00, 0x00, 0x00, 
0x00, 0x00, 0x00, 0x00, 
0x00, 0x00, 0x00, 0x00, 
0x00, 0x00, 0x00, 0x00, 
0x00, 0x00, 0x00, 0x00, 
0x00, 0x00, 0x00, 0x00, 
0x00, 0x00, 0x00, 0x00, 
0x00, 0x00, 0x00, 0x00, 
0x00, 0x00, 0x00, 0x00, 
0x00, 0x00, 0x00, 0x00, 
0x00, 0x00, 0x00, 0x00, 
0x00, 0x00, 0x00, 0x00, 
0x00, 0x00, 0x00, 0x00, 
0x00, 0x00, 0x00, 0x00, 
0x00, 0x00, 0x00, 0x00, 
0x00, 0x00, 0x00, 0x00, 
0x00, 0x00, 0x00, 0x00, 
0x00, 0x00, 0x00, 0x00, 
0x00, 0x00, 0x00, 0x00, 
0x00, 0x00, 0x00, 0x00, 
0x00, 0x00, 0x00, 0x00, 
0x00, 0x00, 0x00, 0x00, 
0x00, 0x00, 0x00, 0x00, 
0x00, 0x00, 0x00, 0x00, 
0x00, 0x00, 0x00, 0x00, 
0x00, 0x00, 0x00, 0x00, 
0x00, 0x00, 0x00, 0x00, 
0x00, 0x00, 0x00, 0x00, 
0x00, 0x00, 0x00, 0x00, 
0x00, 0x00, 0x00, 0x00, 
0x00, 0x00, 0x00, 0x00, 
0x00, 0x00, 0x00, 0x00, 
0x00, 0x00, 0x00, 0x00, 
0x00, 0x00, 0x00, 0x00, 
0x00, 0x00, 0x00, 0x00, 
0x00, 0x00, 0x00, 0x00, 
0x00, 0x00, 0x00, 0x00, 
0x00, 0x00, 0x00, 0x00, 
0x00, 0x00, 0x00, 0x00, 
0x00, 0x00, 0x00, 0x00, 
0x00, 0x00, 0x00, 0x00, 
0x00, 0x00, 0x00, 0x00, 
0x00, 0x00, 0x00, 0x00, 
0x00, 0x00, 0x00, 0x00, 
0x00, 0x00, 0x00, 0x00, 
0x00, 0x00, 0x00, 0x00, 
0x00, 0x00, 0x00, 0x00, 
0x00, 0x00, 0x00, 0x00, 
0x00, 0x00, 0x00, 0x00, 
0x00, 0x00, 0x00, 0x00, 
0x00, 0x00, 0x00, 0x00, 
0x00, 0x00, 0x00, 0x00, 
0x00, 0x00, 0x00, 0x00, 
0x00, 0x00, 0x00, 0x00, 
0x00, 0x00, 0x00, 0x00, 
0x00, 0x00, 0x00, 0x00, 
0x00, 0x00, 0x00, 0x00, 
0x00, 0x00, 0x00, 0x00, 
0x00, 0x00, 0x00, 0x00, 
0x00, 0x00, 0x00, 0x00, 
0x00, 0x00, 0x00, 0x00, 
0x00, 0x00, 0x00, 0x00, 
0x00, 0x00, 0x00, 0x00, 
0x00, 0x00, 0x00, 0x00, 
0x00, 0x00, 0x00, 0x00, 
0x00, 0x00, 0x00, 0x00, 
0x00, 0x00, 0x00, 0x00, 
0x00, 0x00, 0x00, 0x00, 
0x00, 0x00, 0x00, 0x00, 
0x00, 0x00, 0x00, 0x00, 
0x00, 0x00, 0x00, 0x00, 
0x00, 0x00, 0x00, 0x00, 
0x00, 0x00, 0x00, 0x00, 
0x00, 0x00, 0x00, 0x00, 
0x00, 0x00, 0x00, 0x00, 
0x00, 0x00, 0x00, 0x00, 
0x00, 0x00, 0x00, 0x00, 
0x00, 0x00, 0x00, 0x00, 
0x00, 0x00, 0x00, 0x00, 
0x00, 0x00, 0x00, 0x00, 
0x00, 0x00, 0x00, 0x00, 
0x00, 0x00, 0x00, 0x00, 
0x00, 0x00, 0x00, 0x00, 
0x00, 0x00, 0x00, 0x00, 
0x00, 0x00, 0x00, 0x00, 
0x00, 0x00, 0x00, 0x00, 
0x00, 0x00, 0x00, 0x00, 
0x00, 0x00, 0x00, 0x00, 
0x00, 0x00, 0x00, 0x00, 
0x00, 0x00, 0x00, 0x00, 
0x00, 0x00, 0x00, 0x00, 
0x00, 0x00, 0x00, 0x00, 
0x00, 0x00, 0x00, 0x00, 
0x00, 0x00, 0x00, 0x00, 
0x00, 0x00, 0x00, 0x00, 
0x00, 0x00, 0x00, 0x00, 
0x00, 0x00, 0x00, 0x00, 
0x00, 0x00, 0x00, 0x00, 
0x00, 0x00, 0x00, 0x00, 
0x00, 0x00, 0x00, 0x00, 
0x00, 0x00, 0x00, 0x00, 
0x00, 0x00, 0x00, 0x00, 
0x00, 0x00, 0x00, 0x00, 
0x00, 0x00, 0x00, 0x00, 
0x00, 0x00, 0x00, 0x00, 
0x00, 0x00, 0x00, 0x00, 
0x00, 0x00, 0x00, 0x00, 
0x00, 0x00, 0x00, 0x00, 
0x00, 0x00, 0x00, 0x00, 
0x00, 0x00, 0x00, 0x00, 
0x00, 0x00, 0x00, 0x00, 
0x00, 0x00, 0x00, 0x00, 
0x00, 0x00, 0x00, 0x00, 
0x00, 0x00, 0x00, 0x00, 
0x00, 0x00, 0x00, 0x00, 
0x00, 0x00, 0x00, 0x00, 
0x00, 0x00, 0x00, 0x00, 
0x00, 0x00, 0x00, 0x00, 
0x00, 0x00, 0x00, 0x00, 
0x00, 0x00, 0x00, 0x00, 
0x00, 0x00, 0x00, 0x00, 
0x00, 0x00, 0x00, 0x00, 
0x00, 0x00, 0x00, 0x00, 
0x00, 0x00, 0x00, 0x00, 
0x00, 0x00, 0x00, 0x00, 
0x00, 0x00, 0x00, 0x00, 
0x00, 0x00, 0x00, 0x00, 
0x00, 0x00, 0x00, 0x00, 
0x00, 0x00, 0x00, 0x00, 
0x00, 0x00, 0x00, 0x00, 
0x00, 0x00, 0x00, 0x00, 
0x00, 0x00, 0x00, 0x00, 
0x00, 0x00, 0x00, 0x00, 
0x00, 0x00, 0x00, 0x00, 
0x00, 0x00, 0x00, 0x00, 
0x00, 0x00, 0x00, 0x00, 
0x00, 0x00, 0x00, 0x00, 
0x00, 0x00, 0x00, 0x00, 
0x00, 0x00, 0x00, 0x00, 
0x00, 0x00, 0x00, 0x00, 
0x00, 0x00, 0x00, 0x00, 
0x00, 0x00, 0x00, 0x00, 
0x00, 0x00, 0x00, 0x00, 
0x00, 0x00, 0x00, 0x00, 
0x00, 0x00, 0x00, 0x00, 
0x00, 0x00, 0x00, 0x00, 
0x00, 0x00, 0x00, 0x00, 
0x00, 0x00, 0x00, 0x00, 
0x00, 0x00, 0x00, 0x00, 
0x00, 0x00, 0x00, 0x00, 
0x00, 0x00, 0x00, 0x00, 
0x00, 0x00, 0x00, 0x00, 
0x00, 0x00, 0x00, 0x00, 
0x00, 0x00, 0x00, 0x00, 
0x00, 0x00, 0x00, 0x00, 
0x00, 0x00, 0x00, 0x00, 
0x00, 0x00, 0x00, 0x00, 
0x00, 0x00, 0x00, 0x00, 
0x00, 0x00, 0x00, 0x00, 
0x00, 0x00, 0x00, 0x00, 
0x00, 0x00, 0x00, 0x00, 
0x00, 0x00, 0x00, 0x00, 
0x00, 0x00, 0x00, 0x00, 
0x00, 0x00, 0x00, 0x00, 
0x00, 0x00, 0x00, 0x00, 
0x00, 0x00, 0x00, 0x00, 
0x00, 0x00, 0x00, 0x00, 
0x00, 0x00, 0x00, 0x00, 
0x00, 0x00, 0x00, 0x00, 
0x00, 0x00, 0x00, 0x00, 
0x00, 0x00, 0x00, 0x00, 
0x00, 0x00, 0x00, 0x00, 
0x00, 0x00, 0x00, 0x00, 
0x00, 0x00, 0x00, 0x00, 
0x00, 0x00, 0x00, 0x00, 
0x00, 0x00, 0x00, 0x00, 
0x00, 0x00, 0x00, 0x00, 
0x00, 0x00, 0x00, 0x00, 
0x00, 0x00, 0x00, 0x00, 
0x00, 0x00, 0x00, 0x00, 
0x00, 0x00, 0x00, 0x00, 
0x00, 0x00, 0x00, 0x00, 
0x00, 0x00, 0x00, 0x00, 
0x00, 0x00, 0x00, 0x00, 
0x00, 0x00, 0x00, 0x00, 
0x00, 0x00, 0x00, 0x00, 
0x00, 0x00, 0x00, 0x00, 
0x00, 0x00, 0x00, 0x00, 
0x00, 0x00, 0x00, 0x00, 
0x00, 0x00, 0x00, 0x00, 
0x00, 0x00, 0x00, 0x00, 
0x00, 0x00, 0x00, 0x00, 
0x00, 0x00, 0x00, 0x00, 
0x00, 0x00, 0x00, 0x00, 
0x00, 0x00, 0x00, 0x00, 
0x00, 0x00, 0x00, 0x00, 
0x00, 0x00, 0x00, 0x00, 
0x00, 0x00, 0x00, 0x00, 
0x00, 0x00, 0x00, 0x00, 
0x00, 0x00, 0x00, 0x00, 
0x00, 0x00, 0x00, 0x00, 
0x00, 0x00, 0x00, 0x00, 
0x00, 0x00, 0x00, 0x00, 
0x00, 0x00, 0x00, 0x00, 
0x00, 0x00, 0x00, 0x00, 
0x00, 0x00, 0x00, 0x00, 
0x00, 0x00, 0x00, 0x00, 
0x00, 0x00, 0x00, 0x00, 
0x00, 0x00, 0x00, 0x00, 
0x00, 0x00, 0x00, 0x00, 
0x00, 0x00, 0x00, 0x00, 
0x00, 0x00, 0x00, 0x00, 
0x00, 0x00, 0x00, 0x00, 
0x00, 0x00, 0x00, 0x00, 
0x00, 0x00, 0x00, 0x00, 
0x00, 0x00, 0x00, 0x00, 
0x00, 0x00, 0x00, 0x00, 
0x00, 0x00, 0x00, 0x00, 
0x00, 0x00, 0x00, 0x00, 
0x00, 0x00, 0x00, 0x00, 
0x00, 0x00, 0x00, 0x00, 
0x00, 0x00, 0x00, 0x00, 
0x00, 0x00, 0x00, 0x00, 
0x00, 0x00, 0x00, 0x00, 
0x00, 0x00, 0x00, 0x00, 
0x00, 0x00, 0x00, 0x00, 
0x00, 0x00, 0x00, 0x00, 
0x00, 0x00, 0x00, 0x00, 
0x00, 0x00, 0x00, 0x00, 
0x00, 0x00, 0x00, 0x00, 
0x00, 0x00, 0x00, 0x00, 
0x00, 0x00, 0x00, 0x00, 
0x00, 0x00, 0x00, 0x00, 
0x00, 0x00, 0x00, 0x00, 
0x00, 0x00, 0x00, 0x00, 
0x00, 0x00, 0x00, 0x00, 
0x00, 0x00, 0x00, 0x00, 
0x00, 0x00, 0x00, 0x00, 
0x00, 0x00, 0x00, 0x00, 
0x00, 0x00, 0x00, 0x00, 
0x00, 0x00, 0x00, 0x00, 
0x00, 0x00, 0x00, 0x00, 
0x00, 0x00, 0x00, 0x00, 
0x00, 0x00, 0x00, 0x00, 
0x00, 0x00, 0x00, 0x00, 
0x00, 0x00, 0x00, 0x00, 
0x00, 0x00, 0x00, 0x00, 
0x00, 0x00, 0x00, 0x00, 
0x00, 0x00, 0x00, 0x00, 
0x00, 0x00, 0x00, 0x00, 
0x00, 0x00, 0x00, 0x00, 
0x00, 0x00, 0x00, 0x00, 
0x00, 0x00, 0x00, 0x00, 
0x00, 0x00, 0x00, 0x00, 
0x00, 0x00, 0x00, 0x00, 
0x00, 0x00, 0x00, 0x00, 
0x00, 0x00, 0x00, 0x00, 
0x00, 0x00, 0x00, 0x00, 
0x00, 0x00, 0x00, 0x00, 
0x00, 0x00, 0x00, 0x00, 
0x00, 0x00, 0x00, 0x00, 
0x00, 0x00, 0x00, 0x00, 
0x00, 0x00, 0x00, 0x00, 
0x00, 0x00, 0x00, 0x00, 
0x00, 0x00, 0x00, 0x00, 
0x00, 0x00, 0x00, 0x00, 
0x00, 0x00, 0x00, 0x00, 
0x00, 0x00, 0x00, 0x00, 
0x00, 0x00, 0x00, 0x00, 
0x00, 0x00, 0x00, 0x00, 
0x00, 0x00, 0x00, 0x00, 
0x00, 0x00, 0x00, 0x00, 
0x00, 0x00, 0x00, 0x00, 
0x00, 0x00, 0x00, 0x00, 
0x00, 0x00, 0x00, 0x00, 
0x00, 0x00, 0x00, 0x00, 
0x00, 0x00, 0x00, 0x00, 
0x00, 0x00, 0x00, 0x00, 
0x00, 0x00, 0x00, 0x00, 
0x00, 0x00, 0x00, 0x00, 
0x00, 0x00, 0x00, 0x00, 
0x00, 0x00, 0x00, 0x00, 
0x00, 0x00, 0x00, 0x00, 
0x00, 0x00, 0x00, 0x00, 
0x00, 0x00, 0x00, 0x00, 
0x00, 0x00, 0x00, 0x00, 
0x00, 0x00, 0x00, 0x00, 
0x00, 0x00, 0x00, 0x00, 
0x00, 0x00, 0x00, 0x00, 
0x00, 0x00, 0x00, 0x00, 
0x00, 0x00, 0x00, 0x00, 
0x00, 0x00, 0x00, 0x00, 
0x00, 0x00, 0x00, 0x00, 
0x00, 0x00, 0x00, 0x00, 
0x00, 0x00, 0x00, 0x00, 
0x00, 0x00, 0x00, 0x00, 
0x00, 0x00, 0x00, 0x00, 
0x00, 0x00, 0x00, 0x00, 
0x00, 0x00, 0x00, 0x00, 
0x00, 0x00, 0x00, 0x00, 
0x00, 0x00, 0x00, 0x00, 
0x00, 0x00, 0x00, 0x00, 
0x00, 0x00, 0x00, 0x00, 
0x00, 0x00, 0x00, 0x00, 
0x00, 0x00, 0x00, 0x00, 
0x00, 0x00, 0x00, 0x00, 
0x00, 0x00, 0x00, 0x00, 
0x00, 0x00, 0x00, 0x00, 
0x00, 0x00, 0x00, 0x00, 
0x00, 0x00, 0x00, 0x00, 
0x00, 0x00, 0x00, 0x00, 
0x00, 0x00, 0x00, 0x00, 
0x00, 0x00, 0x00, 0x00, 
0x00, 0x00, 0x00, 0x00, 
0x00, 0x00, 0x00, 0x00, 
0x00, 0x00, 0x00, 0x00, 
0x00, 0x00, 0x00, 0x00, 
0x00, 0x00, 0x00, 0x00, 
0x00, 0x00, 0x00, 0x00, 
0x00, 0x00, 0x00, 0x00, 
0x00, 0x00, 0x00, 0x00, 
0x00, 0x00, 0x00, 0x00, 
0x00, 0x00, 0x00, 0x00, 
0x00, 0x00, 0x00, 0x00, 
0x00, 0x00, 0x00, 0x00, 
0x00, 0x00, 0x00, 0x00, 
0x00, 0x00, 0x00, 0x00, 
0x00, 0x00, 0x00, 0x00, 
0x00, 0x00, 0x00, 0x00, 
0x00, 0x00, 0x00, 0x00, 
0x00, 0x00, 0x00, 0x00, 
0x00, 0x00, 0x00, 0x00, 
0x00, 0x00, 0x00, 0x00, 
0x00, 0x00, 0x00, 0x00, 
0x00, 0x00, 0x00, 0x00, 
0x00, 0x00, 0x00, 0x00, 
0x00, 0x00, 0x00, 0x00, 
0x00, 0x00, 0x00, 0x00, 
0x00, 0x00, 0x00, 0x00, 
0x00, 0x00, 0x00, 0x00, 
0x00, 0x00, 0x00, 0x00, 
0x00, 0x00, 0x00, 0x00, 
0x00, 0x00, 0x00, 0x00, 
0x00, 0x00, 0x00, 0x00, 
0x00, 0x00, 0x00, 0x00, 
0x00, 0x00, 0x00, 0x00, 
0x00, 0x00, 0x00, 0x00, 
0x00, 0x00, 0x00, 0x00, 
0x00, 0x00, 0x00, 0x00, 
0x00, 0x00, 0x00, 0x00, 
0x00, 0x00, 0x00, 0x00, 
0x00, 0x00, 0x00, 0x00, 
0x00, 0x00, 0x00, 0x00, 
0x00, 0x00, 0x00, 0x00, 
0x00, 0x00, 0x00, 0x00, 
0x00, 0x00, 0x00, 0x00, 
0x00, 0x00, 0x00, 0x00, 
0x00, 0x00, 0x00, 0x00, 
0x00, 0x00, 0x00, 0x00, 
0x00, 0x00, 0x00, 0x00, 
0x00, 0x00, 0x00, 0x00, 
0x00, 0x00, 0x00, 0x00, 
0x00, 0x00, 0x00, 0x00, 
0x00, 0x00, 0x00, 0x00, 
0x00, 0x00, 0x00, 0x00, 
0x00, 0x00, 0x00, 0x00, 
0x00, 0x00, 0x00, 0x00, 
0x00, 0x00, 0x00, 0x00, 
0x00, 0x00, 0x00, 0x00, 
0x00, 0x00, 0x00, 0x00, 
0x00, 0x00, 0x00, 0x00, 
0x00, 0x00, 0x00, 0x00, 
0x00, 0x00, 0x00, 0x00, 
0x00, 0x00, 0x00, 0x00, 
0x00, 0x00, 0x00, 0x00, 
0x00, 0x00, 0x00, 0x00, 
0x00, 0x00, 0x00, 0x00, 
0x00, 0x00, 0x00, 0x00, 
0x00, 0x00, 0x00, 0x00, 
0x00, 0x00, 0x00, 0x00, 
0x00, 0x00, 0x00, 0x00, 
0x00, 0x00, 0x00, 0x00, 
0x00, 0x00, 0x00, 0x00, 
0x00, 0x00, 0x00, 0x00, 
0x00, 0x00, 0x00, 0x00, 
0x00, 0x00, 0x00, 0x00, 
0x00, 0x00, 0x00, 0x00, 
0x00, 0x00, 0x00, 0x00, 
0x00, 0x00, 0x00, 0x00, 
0x00, 0x00, 0x00, 0x00, 
0x00, 0x00, 0x00, 0x00, 
0x00, 0x00, 0x00, 0x00, 
0x00, 0x00, 0x00, 0x00, 
0x00, 0x00, 0x00, 0x00, 
0x00, 0x00, 0x00, 0x00, 
0x00, 0x00, 0x00, 0x00, 
0x00, 0x00, 0x00, 0x00, 
0x00, 0x00, 0x00, 0x00, 
0x00, 0x00, 0x00, 0x00, 
0x00, 0x00, 0x00, 0x00, 
0x00, 0x00, 0x00, 0x00, 
0x00, 0x00, 0x00, 0x00, 
0x00, 0x00, 0x00, 0x00, 
0x00, 0x00, 0x00, 0x00, 
0x00, 0x00, 0x00, 0x00, 
0x00, 0x00, 0x00, 0x00, 
0x00, 0x00, 0x00, 0x00, 
0x00, 0x00, 0x00, 0x00, 
0x00, 0x00, 0x00, 0x00, 
0x00, 0x00, 0x00, 0x00, 
0x00, 0x00, 0x00, 0x00, 
0x00, 0x00, 0x00, 0x00, 
0x00, 0x00, 0x00, 0x00, 
0x00, 0x00, 0x00, 0x00, 
0x00, 0x00, 0x00, 0x00, 
0x00, 0x00, 0x00, 0x00, 
0x00, 0x00, 0x00, 0x00, 
0x00, 0x00, 0x00, 0x00, 
0x00, 0x00, 0x00, 0x00, 
0x00, 0x00, 0x00, 0x00, 
0x00, 0x00, 0x00, 0x00, 
0x00, 0x00, 0x00, 0x00, 
0x00, 0x00, 0x00, 0x00, 
0x00, 0x00, 0x00, 0x00, 
0x00, 0x00, 0x00, 0x00, 
0x00, 0x00, 0x00, 0x00, 
0x00, 0x00, 0x00, 0x00, 
0x00, 0x00, 0x00, 0x00, 
0x00, 0x00, 0x00, 0x00, 
0x00, 0x00, 0x00, 0x00, 
0x00, 0x00, 0x00, 0x00, 
0x00, 0x00, 0x00, 0x00, 
0x00, 0x00, 0x00, 0x00, 
0x00, 0x00, 0x00, 0x00, 
0x00, 0x00, 0x00, 0x00, 
0x00, 0x00, 0x00, 0x00, 
0x00, 0x00, 0x00, 0x00, 
0x00, 0x00, 0x00, 0x00, 
0x00, 0x00, 0x00, 0x00, 
0x00, 0x00, 0x00, 0x00, 
0x00, 0x00, 0x00, 0x00, 
0x00, 0x00, 0x00, 0x00, 
0x00, 0x00, 0x00, 0x00, 
0x00, 0x00, 0x00, 0x00, 
0x00, 0x00, 0x00, 0x00, 
0x00, 0x00, 0x00, 0x00, 
0x00, 0x00, 0x00, 0x00, 
0x00, 0x00, 0x00, 0x00, 
0x00, 0x00, 0x00, 0x00, 
0x00, 0x00, 0x00, 0x00, 
0x00, 0x00, 0x00, 0x00, 
0x00, 0x00, 0x00, 0x00, 
0x00, 0x00, 0x00, 0x00, 
0x00, 0x00, 0x00, 0x00, 
0x00, 0x00, 0x00, 0x00, 
0x00, 0x00, 0x00, 0x00, 
0x00, 0x00, 0x00, 0x00, 
0x00, 0x00, 0x00, 0x00, 
0x00, 0x00, 0x00, 0x00, 
0x00, 0x00, 0x00, 0x00, 
0x00, 0x00, 0x00, 0x00, 
0x00, 0x00, 0x00, 0x00, 
0x00, 0x00, 0x00, 0x00, 
0x00, 0x00, 0x00, 0x00, 
0x00, 0x00, 0x00, 0x00, 
0x00, 0x00, 0x00, 0x00, 
0x00, 0x00, 0x00, 0x00, 
0x00, 0x00, 0x00, 0x00, 
0x00, 0x00, 0x00, 0x00, 
0x00, 0x00, 0x00, 0x00, 
0x00, 0x00, 0x00, 0x00, 
0x00, 0x00, 0x00, 0x00, 
0x00, 0x00, 0x00, 0x00, 
0x00, 0x00, 0x00, 0x00, 
0x00, 0x00, 0x00, 0x00, 
0x00, 0x00, 0x00, 0x00, 
0x00, 0x00, 0x00, 0x00, 
0x00, 0x00, 0x00, 0x00, 
0x00, 0x00, 0x00, 0x00, 
0x00, 0x00, 0x00, 0x00, 
0x00, 0x00, 0x00, 0x00, 
0x00, 0x00, 0x00, 0x00, 
0x00, 0x00, 0x00, 0x00, 
0x00, 0x00, 0x00, 0x00, 
0x00, 0x00, 0x00, 0x00, 
0x00, 0x00, 0x00, 0x00, 
0x00, 0x00, 0x00, 0x00, 
0x00, 0x00, 0x00, 0x00, 
0x00, 0x00, 0x00, 0x00, 
0x00, 0x00, 0x00, 0x00, 
0x00, 0x00, 0x00, 0x00, 
0x00, 0x00, 0x00, 0x00, 
0x00, 0x00, 0x00, 0x00, 
0x00, 0x00, 0x00, 0x00, 
0x00, 0x00, 0x00, 0x00, 
0x00, 0x00, 0x00, 0x00, 
0x00, 0x00, 0x00, 0x00, 
0x00, 0x00, 0x00, 0x00, 
0x00, 0x00, 0x00, 0x00, 
0x00, 0x00, 0x00, 0x00, 
0x00, 0x00, 0x00, 0x00, 
0x00, 0x00, 0x00, 0x00, 
0x00, 0x00, 0x00, 0x00, 
0x00, 0x00, 0x00, 0x00, 
0x00, 0x00, 0x00, 0x00, 
0x00, 0x00, 0x00, 0x00, 
0x00, 0x00, 0x00, 0x00, 
0x00, 0x00, 0x00, 0x00, 
0x00, 0x00, 0x00, 0x00, 
0x00, 0x00, 0x00, 0x00, 
0x00, 0x00, 0x00, 0x00, 
0x00, 0x00, 0x00, 0x00, 
0x00, 0x00, 0x00, 0x00, 
0x00, 0x00, 0x00, 0x00, 
0x00, 0x00, 0x00, 0x00, 
0x00, 0x00, 0x00, 0x00, 
0x00, 0x00, 0x00, 0x00, 
0x00, 0x00, 0x00, 0x00, 
0x00, 0x00, 0x00, 0x00, 
0x00, 0x00, 0x00, 0x00, 
0x00, 0x00, 0x00, 0x00, 
0x00, 0x00, 0x00, 0x00, 
0x00, 0x00, 0x00, 0x00, 
0x00, 0x00, 0x00, 0x00, 
0x00, 0x00, 0x00, 0x00, 
0x00, 0x00, 0x00, 0x00, 
0x00, 0x00, 0x00, 0x00, 
0x00, 0x00, 0x00, 0x00, 
0x00, 0x00, 0x00, 0x00, 
0x00, 0x00, 0x00, 0x00, 
0x00, 0x00, 0x00, 0x00, 
0x00, 0x00, 0x00, 0x00, 
0x00, 0x00, 0x00, 0x00, 
0x00, 0x00, 0x00, 0x00, 
0x00, 0x00, 0x00, 0x00, 
0x00, 0x00, 0x00, 0x00, 
0x00, 0x00, 0x00, 0x00, 
0x00, 0x00, 0x00, 0x00, 
0x00, 0x00, 0x00, 0x00, 
0x00, 0x00, 0x00, 0x00, 
0x00, 0x00, 0x00, 0x00, 
0x00, 0x00, 0x00, 0x00, 
0x00, 0x00, 0x00, 0x00, 
0x00, 0x00, 0x00, 0x00, 
0x00, 0x00, 0x00, 0x00, 
0x00, 0x00, 0x00, 0x00, 
0x00, 0x00, 0x00, 0x00, 
0x00, 0x00, 0x00, 0x00, 
0x00, 0x00, 0x00, 0x00, 
0x00, 0x00, 0x00, 0x00, 
0x00, 0x00, 0x00, 0x00, 
0x00, 0x00, 0x00, 0x00, 
0x00, 0x00, 0x00, 0x00, 
0x00, 0x00, 0x00, 0x00, 
0x00, 0x00, 0x00, 0x00, 
0x00, 0x00, 0x00, 0x00, 
0x00, 0x00, 0x00, 0x00, 
0x00, 0x00, 0x00, 0x00, 
0x00, 0x00, 0x00, 0x00, 
0x00, 0x00, 0x00, 0x00, 
0x00, 0x00, 0x00, 0x00, 
0x00, 0x00, 0x00, 0x00, 
0x00, 0x00, 0x00, 0x00, 
0x00, 0x00, 0x00, 0x00, 
0x00, 0x00, 0x00, 0x00, 
0x00, 0x00, 0x00, 0x00, 
0x00, 0x00, 0x00, 0x00, 
0x00, 0x00, 0x00, 0x00, 
0x00, 0x00, 0x00, 0x00, 
0x00, 0x00, 0x00, 0x00, 
0x00, 0x00, 0x00, 0x00, 
0x00, 0x00, 0x00, 0x00, 
0x00, 0x00, 0x00, 0x00, 
0x00, 0x00, 0x00, 0x00, 
0x00, 0x00, 0x00, 0x00, 
0x00, 0x00, 0x00, 0x00, 
0x00, 0x00, 0x00, 0x00, 
0x00, 0x00, 0x00, 0x00, 
0x00, 0x00, 0x00, 0x00, 
0x00, 0x00, 0x00, 0x00, 
0x00, 0x00, 0x00, 0x00, 
0x00, 0x00, 0x00, 0x00, 
0x00, 0x00, 0x00, 0x00, 
0x00, 0x00, 0x00, 0x00, 
0x00, 0x00, 0x00, 0x00, 
0x00, 0x00, 0x00, 0x00, 
0x00, 0x00, 0x00, 0x00, 
0x00, 0x00, 0x00, 0x00, 
0x00, 0x00, 0x00, 0x00, 
0x00, 0x00, 0x00, 0x00, 
0x00, 0x00, 0x00, 0x00, 
0x00, 0x00, 0x00, 0x00, 
0x00, 0x00, 0x00, 0x00, 
0x00, 0x00, 0x00, 0x00, 
0x00, 0x00, 0x00, 0x00, 
0x00, 0x00, 0x00, 0x00, 
0x00, 0x00, 0x00, 0x00, 
0x00, 0x00, 0x00, 0x00, 
0x00, 0x00, 0x00, 0x00, 
0x00, 0x00, 0x00, 0x00, 
0x00, 0x00, 0x00, 0x00, 
0x00, 0x00, 0x00, 0x00, 
0x00, 0x00, 0x00, 0x00, 
0x00, 0x00, 0x00, 0x00, 
0x00, 0x00, 0x00, 0x00, 
0x00, 0x00, 0x00, 0x00, 
0x00, 0x00, 0x00, 0x00, 
0x00, 0x00, 0x00, 0x00, 
0x00, 0x00, 0x00, 0x00, 
0x00, 0x00, 0x00, 0x00, 
0x00, 0x00, 0x00, 0x00, 
0x00, 0x00, 0x00, 0x00, 
0x00, 0x00, 0x00, 0x00, 
0x00, 0x00, 0x00, 0x00, 
0x00, 0x00, 0x00, 0x00, 
0x00, 0x00, 0x00, 0x00, 
0x00, 0x00, 0x00, 0x00, 
0x00, 0x00, 0x00, 0x00, 
0x00, 0x00, 0x00, 0x00, 
0x00, 0x00, 0x00, 0x00, 
0x00, 0x00, 0x00, 0x00, 
0x00, 0x00, 0x00, 0x00, 
0x00, 0x00, 0x00, 0x00, 
0x00, 0x00, 0x00, 0x00, 
0x00, 0x00, 0x00, 0x00, 
0x00, 0x00, 0x00, 0x00, 
0x00, 0x00, 0x00, 0x00, 
0x00, 0x00, 0x00, 0x00, 
0x00, 0x00, 0x00, 0x00, 
0x00, 0x00, 0x00, 0x00, 
0x00, 0x00, 0x00, 0x00, 
0x00, 0x00, 0x00, 0x00, 
0x00, 0x00, 0x00, 0x00, 
0x00, 0x00, 0x00, 0x00, 
0x00, 0x00, 0x00, 0x00, 
0x00, 0x00, 0x00, 0x00, 
0x00, 0x00, 0x00, 0x00, 
0x00, 0x00, 0x00, 0x00, 
0x00, 0x00, 0x00, 0x00, 
0x00, 0x00, 0x00, 0x00, 
0x00, 0x00, 0x00, 0x00, 
0x00, 0x00, 0x00, 0x00, 
0x00, 0x00, 0x00, 0x00, 
0x00, 0x00, 0x00, 0x00, 
0x00, 0x00, 0x00, 0x00, 
0x00, 0x00, 0x00, 0x00, 
0x00, 0x00, 0x00, 0x00, 
0x00, 0x00, 0x00, 0x00, 
0x00, 0x00, 0x00, 0x00, 
0x00, 0x00, 0x00, 0x00, 
0x00, 0x00, 0x00, 0x00, 
0x00, 0x00, 0x00, 0x00, 
0x00, 0x00, 0x00, 0x00, 
0x00, 0x00, 0x00, 0x00, 
0x00, 0x00, 0x00, 0x00, 
0x00, 0x00, 0x00, 0x00, 
0x00, 0x00, 0x00, 0x00, 
0x00, 0x00, 0x00, 0x00, 
0x00, 0x00, 0x00, 0x00, 
0x00, 0x00, 0x00, 0x00, 
0x00, 0x00, 0x00, 0x00, 
0x00, 0x00, 0x00, 0x00, 
0x00, 0x00, 0x00, 0x00, 
0x00, 0x00, 0x00, 0x00, 
0x00, 0x00, 0x00, 0x00, 
0x00, 0x00, 0x00, 0x00, 
0x00, 0x00, 0x00, 0x00, 
0x00, 0x00, 0x00, 0x00, 
0x00, 0x00, 0x00, 0x00, 
0x00, 0x00, 0x00, 0x00, 
0x00, 0x00, 0x00, 0x00, 
0x00, 0x00, 0x00, 0x00, 
0x00, 0x00, 0x00, 0x00, 
0x00, 0x00, 0x00, 0x00, 
0x00, 0x00, 0x00, 0x00, 
0x00, 0x00, 0x00, 0x00, 
0x00, 0x00, 0x00, 0x00, 
0x00, 0x00, 0x00, 0x00, 
0x00, 0x00, 0x00, 0x00, 
0x00, 0x00, 0x00, 0x00, 
0x00, 0x00, 0x00, 0x00, 
0x00, 0x00, 0x00, 0x00, 
0x00, 0x00, 0x00, 0x00, 
0x00, 0x00, 0x00, 0x00, 
0x00, 0x00, 0x00, 0x00, 
0x00, 0x00, 0x00, 0x00, 
0x00, 0x00, 0x00, 0x00, 
0x00, 0x00, 0x00, 0x00, 
0x00, 0x00, 0x00, 0x00, 
0x00, 0x00, 0x00, 0x00, 
0x00, 0x00, 0x00, 0x00, 
0x00, 0x00, 0x00, 0x00, 
0x00, 0x00, 0x00, 0x00, 
0x00, 0x00, 0x00, 0x00, 
0x00, 0x00, 0x00, 0x00, 
0x00, 0x00, 0x00, 0x00, 
0x00, 0x00, 0x00, 0x00, 
0x00, 0x00, 0x00, 0x00, 
0x00, 0x00, 0x00, 0x00, 
0x00, 0x00, 0x00, 0x00, 
0x00, 0x00, 0x00, 0x00, 
0x00, 0x00, 0x00, 0x00, 
0x00, 0x00, 0x00, 0x00, 
0x00, 0x00, 0x00, 0x00, 
0x00, 0x00, 0x00, 0x00, 
0x00, 0x00, 0x00, 0x00, 
0x00, 0x00, 0x00, 0x00, 
0x00, 0x00, 0x00, 0x00, 
0x00, 0x00, 0x00, 0x00, 
0x00, 0x00, 0x00, 0x00, 
0x00, 0x00, 0x00, 0x00, 
0x00, 0x00, 0x00, 0x00, 
0x00, 0x00, 0x00, 0x00, 
0x00, 0x00, 0x00, 0x00, 
0x00, 0x00, 0x00, 0x00, 
0x00, 0x00, 0x00, 0x00, 
0x00, 0x00, 0x00, 0x00, 
0x00, 0x00, 0x00, 0x00, 
0x00, 0x00, 0x00, 0x00, 
0x00, 0x00, 0x00, 0x00, 
0x00, 0x00, 0x00, 0x00, 
0x00, 0x00, 0x00, 0x00, 
0x00, 0x00, 0x00, 0x00, 
0x00, 0x00, 0x00, 0x00, 
0x00, 0x00, 0x00, 0x00, 
0x00, 0x00, 0x00, 0x00, 
0x00, 0x00, 0x00, 0x00, 
0x00, 0x00, 0x00, 0x00, 
0x00, 0x00, 0x00, 0x00, 
0x00, 0x00, 0x00, 0x00, 
0x00, 0x00, 0x00, 0x00, 
0x00, 0x00, 0x00, 0x00, 
0x00, 0x00, 0x00, 0x00, 
0x00, 0x00, 0x00, 0x00, 
0x00, 0x00, 0x00, 0x00, 
0x00, 0x00, 0x00, 0x00, 
0x00, 0x00, 0x00, 0x00, 
0x00, 0x00, 0x00, 0x00, 
0x00, 0x00, 0x00, 0x00, 
0x00, 0x00, 0x00, 0x00, 
0x00, 0x00, 0x00, 0x00, 
0x00, 0x00, 0x00, 0x00, 
0x00, 0x00, 0x00, 0x00, 
0x00, 0x00, 0x00, 0x00, 
0x00, 0x00, 0x00, 0x00, 
0x00, 0x00, 0x00, 0x00, 
0x00, 0x00, 0x00, 0x00, 
0x00, 0x00, 0x00, 0x00, 
0x00, 0x00, 0x00, 0x00, 
0x00, 0x00, 0x00, 0x00, 
0x00, 0x00, 0x00, 0x00, 
0x00, 0x00, 0x00, 0x00, 
0x00, 0x00, 0x00, 0x00, 
0x00, 0x00, 0x00, 0x00, 
0x00, 0x00, 0x00, 0x00, 
0x00, 0x00, 0x00, 0x00, 
0x00, 0x00, 0x00, 0x00, 
0x00, 0x00, 0x00, 0x00, 
0x00, 0x00, 0x00, 0x00, 
0x00, 0x00, 0x00, 0x00, 
0x00, 0x00, 0x00, 0x00, 
0x00, 0x00, 0x00, 0x00, 
0x00, 0x00, 0x00, 0x00, 
0x00, 0x00, 0x00, 0x00, 
0x00, 0x00, 0x00, 0x00, 
0x00, 0x00, 0x00, 0x00, 
0x00, 0x00, 0x00, 0x00, 
0x00, 0x00, 0x00, 0x00, 
0x00, 0x00, 0x00, 0x00, 
0x00, 0x00, 0x00, 0x00, 
0x00, 0x00, 0x00, 0x00, 
0x00, 0x00, 0x00, 0x00, 
0x00, 0x00, 0x00, 0x00, 
0x00, 0x00, 0x00, 0x00, 
0x00, 0x00, 0x00, 0x00, 
0x00, 0x00, 0x00, 0x00, 
0x00, 0x00, 0x00, 0x00, 
0x00, 0x00, 0x00, 0x00, 
0x00, 0x00, 0x00, 0x00, 
0x00, 0x00, 0x00, 0x00, 
0x00, 0x00, 0x00, 0x00, 
0x00, 0x00, 0x00, 0x00, 
0x00, 0x00, 0x00, 0x00, 
0x00, 0x00, 0x00, 0x00, 
0x00, 0x00, 0x00, 0x00, 
0x00, 0x00, 0x00, 0x00, 
0x00, 0x00, 0x00, 0x00, 
0x00, 0x00, 0x00, 0x00, 
0x00, 0x00, 0x00, 0x00, 
0x00, 0x00, 0x00, 0x00, 
0x00, 0x00, 0x00, 0x00, 
0x00, 0x00, 0x00, 0x00, 
0x00, 0x00, 0x00, 0x00, 
0x00, 0x00, 0x00, 0x00, 
0x00, 0x00, 0x00, 0x00, 
0x00, 0x00, 0x00, 0x00, 
0x00, 0x00, 0x00, 0x00, 
0x00, 0x00, 0x00, 0x00, 
0x00, 0x00, 0x00, 0x00, 
0x00, 0x00, 0x00, 0x00, 
0x00, 0x00, 0x00, 0x00, 
0x00, 0x00, 0x00, 0x00, 
0x00, 0x00, 0x00, 0x00, 
0x00, 0x00, 0x00, 0x00, 
0x00, 0x00, 0x00, 0x00, 
0x00, 0x00, 0x00, 0x00, 
0x00, 0x00, 0x00, 0x00, 
0x00, 0x00, 0x00, 0x00, 
0x00, 0x00, 0x00, 0x00, 
0x00, 0x00, 0x00, 0x00, 
0x00, 0x00, 0x00, 0x00, 
0x00, 0x00, 0x00, 0x00, 
0x00, 0x00, 0x00, 0x00, 
0x00, 0x00, 0x00, 0x00, 
0x00, 0x00, 0x00, 0x00, 
0x00, 0x00, 0x00, 0x00, 
0x00, 0x00, 0x00, 0x00, 
0x00, 0x00, 0x00, 0x00, 
0x00, 0x00, 0x00, 0x00, 
0x00, 0x00, 0x00, 0x00, 
0x00, 0x00, 0x00, 0x00, 
0x00, 0x00, 0x00, 0x00, 
0x00, 0x00, 0x00, 0x00, 
0x00, 0x00, 0x00, 0x00, 
0x00, 0x00, 0x00, 0x00, 
0x00, 0x00, 0x00, 0x00, 
0x00, 0x00, 0x00, 0x00, 
0x00, 0x00, 0x00, 0x00, 
0x00, 0x00, 0x00, 0x00, 
0x00, 0x00, 0x00, 0x00, 
0x00, 0x00, 0x00, 0x00, 
0x00, 0x00, 0x00, 0x00, 
0x00, 0x00, 0x00, 0x00, 
0x00, 0x00, 0x00, 0x00, 
0x00, 0x00, 0x00, 0x00, 
0x00, 0x00, 0x00, 0x00, 
0x00, 0x00, 0x00, 0x00, 
0x00, 0x00, 0x00, 0x00, 
0x00, 0x00, 0x00, 0x00, 
0x00, 0x00, 0x00, 0x00, 
0x00, 0x00, 0x00, 0x00, 
0x00, 0x00, 0x00, 0x00, 
0x00, 0x00, 0x00, 0x00, 
0x00, 0x00, 0x00, 0x00, 
0x00, 0x00, 0x00, 0x00, 
0x00, 0x00, 0x00, 0x00, 
0x00, 0x00, 0x00, 0x00, 
0x00, 0x00, 0x00, 0x00, 
0x00, 0x00, 0x00, 0x00, 
0x00, 0x00, 0x00, 0x00, 
0x00, 0x00, 0x00, 0x00, 
0x00, 0x00, 0x00, 0x00, 
0x00, 0x00, 0x00, 0x00, 
0x00, 0x00, 0x00, 0x00, 
0x00, 0x00, 0x00, 0x00, 
0x00, 0x00, 0x00, 0x00, 
0x00, 0x00, 0x00, 0x00, 
0x00, 0x00, 0x00, 0x00, 
0x00, 0x00, 0x00, 0x00, 
0x00, 0x00, 0x00, 0x00, 
0x00, 0x00, 0x00, 0x00, 
0x00, 0x00, 0x00, 0x00, 
0x00, 0x00, 0x00, 0x00, 
0x00, 0x00, 0x00, 0x00, 
0x00, 0x00, 0x00, 0x00, 
0x00, 0x00, 0x00, 0x00, 
0x00, 0x00, 0x00, 0x00, 
0x00, 0x00, 0x00, 0x00, 
0x00, 0x00, 0x00, 0x00, 
0x00, 0x00, 0x00, 0x00, 
0x00, 0x00, 0x00, 0x00, 
0x00, 0x00, 0x00, 0x00, 
0x00, 0x00, 0x00, 0x00, 
0x00, 0x00, 0x00, 0x00, 
0x00, 0x00, 0x00, 0x00, 
0x00, 0x00, 0x00, 0x00, 
0x00, 0x00, 0x00, 0x00, 
0x00, 0x00, 0x00, 0x00, 
0x00, 0x00, 0x00, 0x00, 
0x00, 0x00, 0x00, 0x00, 
0x00, 0x00, 0x00, 0x00, 
0x00, 0x00, 0x00, 0x00, 
0x00, 0x00, 0x00, 0x00, 
0x00, 0x00, 0x00, 0x00, 
0x00, 0x00, 0x00, 0x00, 
0x00, 0x00, 0x00, 0x00, 
0x00, 0x00, 0x00, 0x00, 
0x00, 0x00, 0x00, 0x00, 
0x00, 0x00, 0x00, 0x00, 
0x00, 0x00, 0x00, 0x00, 
0x00, 0x00, 0x00, 0x00, 
0x00, 0x00, 0x00, 0x00, 
0x00, 0x00, 0x00, 0x00, 
0x00, 0x00, 0x00, 0x00, 
0x00, 0x00, 0x00, 0x00, 
0x00, 0x00, 0x00, 0x00, 
0x00, 0x00, 0x00, 0x00, 
0x00, 0x00, 0x00, 0x00, 
0x00, 0x00, 0x00, 0x00, 
0x00, 0x00, 0x00, 0x00, 
0x00, 0x00, 0x00, 0x00, 
0x00, 0x00, 0x00, 0x00, 
0x00, 0x00, 0x00, 0x00, 
0x00, 0x00, 0x00, 0x00, 
0x00, 0x00, 0x00, 0x00, 
0x00, 0x00, 0x00, 0x00, 
0x00, 0x00, 0x00, 0x00, 
0x00, 0x00, 0x00, 0x00, 
0x00, 0x00, 0x00, 0x00, 
0x00, 0x00, 0x00, 0x00, 
0x00, 0x00, 0x00, 0x00, 
0x00, 0x00, 0x00, 0x00, 
0x00, 0x00, 0x00, 0x00, 
0x00, 0x00, 0x00, 0x00, 
0x00, 0x00, 0x00, 0x00, 
0x00, 0x00, 0x00, 0x00, 
0x00, 0x00, 0x00, 0x00, 
0x00, 0x00, 0x00, 0x00, 
0x00, 0x00, 0x00, 0x00, 
0x00, 0x00, 0x00, 0x00, 
0x00, 0x00, 0x00, 0x00, 
0x00, 0x00, 0x00, 0x00, 
0x00, 0x00, 0x00, 0x00, 
0x00, 0x00, 0x00, 0x00, 
0x00, 0x00, 0x00, 0x00, 
0x00, 0x00, 0x00, 0x00, 
0x00, 0x00, 0x00, 0x00, 
0x00, 0x00, 0x00, 0x00, 
0x00, 0x00, 0x00, 0x00, 
0x00, 0x00, 0x00, 0x00, 
0x00, 0x00, 0x00, 0x00, 
0x00, 0x00, 0x00, 0x00, 
0x00, 0x00, 0x00, 0x00, 
0x00, 0x00, 0x00, 0x00, 
0x00, 0x00, 0x00, 0x00, 
0x00, 0x00, 0x00, 0x00, 
0x00, 0x00, 0x00, 0x00, 
0x00, 0x00, 0x00, 0x00, 
0x00, 0x00, 0x00, 0x00, 
0x00, 0x00, 0x00, 0x00, 
0x00, 0x00, 0x00, 0x00, 
0x00, 0x00, 0x00, 0x00, 
0x00, 0x00, 0x00, 0x00, 
0x00, 0x00, 0x00, 0x00, 
0x00, 0x00, 0x00, 0x00, 
0x00, 0x00, 0x00, 0x00, 
0x00, 0x00, 0x00, 0x00, 
0x00, 0x00, 0x00, 0x00, 
0x00, 0x00, 0x00, 0x00, 
0x00, 0x00, 0x00, 0x00, 
0x00, 0x00, 0x00, 0x00, 
0x00, 0x00, 0x00, 0x00, 
0x00, 0x00, 0x00, 0x00, 
0x00, 0x00, 0x00, 0x00, 
0x00, 0x00, 0x00, 0x00, 
0x00, 0x00, 0x00, 0x00, 
0x00, 0x00, 0x00, 0x00, 
0x00, 0x00, 0x00, 0x00, 
0x00, 0x00, 0x00, 0x00, 
0x00, 0x00, 0x00, 0x00, 
0x00, 0x00, 0x00, 0x00, 
0x00, 0x00, 0x00, 0x00, 
0x00, 0x00, 0x00, 0x00, 
0x00, 0x00, 0x00, 0x00, 
0x00, 0x00, 0x00, 0x00, 
0x00, 0x00, 0x00, 0x00, 
0x00, 0x00, 0x00, 0x00, 
0x00, 0x00, 0x00, 0x00, 
0x00, 0x00, 0x00, 0x00, 
0x00, 0x00, 0x00, 0x00, 
0x00, 0x00, 0x00, 0x00, 
0x00, 0x00, 0x00, 0x00, 
0x00, 0x00, 0x00, 0x00, 
0x00, 0x00, 0x00, 0x00, 
0x00, 0x00, 0x00, 0x00, 
0x00, 0x00, 0x00, 0x00, 
0x00, 0x00, 0x00, 0x00, 
0x00, 0x00, 0x00, 0x00, 
0x00, 0x00, 0x00, 0x00, 
0x00, 0x00, 0x00, 0x00, 
0x00, 0x00, 0x00, 0x00, 
0x00, 0x00, 0x00, 0x00, 
0x00, 0x00, 0x00, 0x00, 
0x00, 0x00, 0x00, 0x00, 
0x00, 0x00, 0x00, 0x00, 
0x00, 0x00, 0x00, 0x00, 
0x00, 0x00, 0x00, 0x00, 
0x00, 0x00, 0x00, 0x00, 
0x00, 0x00, 0x00, 0x00, 
0x00, 0x00, 0x00, 0x00, 
0x00, 0x00, 0x00, 0x00, 
0x00, 0x00, 0x00, 0x00, 
0x00, 0x00, 0x00, 0x00, 
0x00, 0x00, 0x00, 0x00, 
0x00, 0x00, 0x00, 0x00, 
0x00, 0x00, 0x00, 0x00, 
0x00, 0x00, 0x00, 0x00, 
0x00, 0x00, 0x00, 0x00, 
0x00, 0x00, 0x00, 0x00, 
0x00, 0x00, 0x00, 0x00, 
0x00, 0x00, 0x00, 0x00, 
0x00, 0x00, 0x00, 0x00, 
0x00, 0x00, 0x00, 0x00, 
0x00, 0x00, 0x00, 0x00, 
0x00, 0x00, 0x00, 0x00, 
0x00, 0x00, 0x00, 0x00, 
0x00, 0x00, 0x00, 0x00, 
0x00, 0x00, 0x00, 0x00, 
0x00, 0x00, 0x00, 0x00, 
0x00, 0x00, 0x00, 0x00, 
0x00, 0x00, 0x00, 0x00, 
0x00, 0x00, 0x00, 0x00, 
0x00, 0x00, 0x00, 0x00, 
0x00, 0x00, 0x00, 0x00, 
0x00, 0x00, 0x00, 0x00, 
0x00, 0x00, 0x00, 0x00, 
0x00, 0x00, 0x00, 0x00, 
0x00, 0x00, 0x00, 0x00, 
0x00, 0x00, 0x00, 0x00, 
0x00, 0x00, 0x00, 0x00, 
0x00, 0x00, 0x00, 0x00, 
0x00, 0x00, 0x00, 0x00, 
0x00, 0x00, 0x00, 0x00, 
0x00, 0x00, 0x00, 0x00, 
0x00, 0x00, 0x00, 0x00, 
0x00, 0x00, 0x00, 0x00, 
0x00, 0x00, 0x00, 0x00, 
0x00, 0x00, 0x00, 0x00, 
0x00, 0x00, 0x00, 0x00, 
0x00, 0x00, 0x00, 0x00, 
0x00, 0x00, 0x00, 0x00, 
0x00, 0x00, 0x00, 0x00, 
0x00, 0x00, 0x00, 0x00, 
0x00, 0x00, 0x00, 0x00, 
0x00, 0x00, 0x00, 0x00, 
0x00, 0x00, 0x00, 0x00, 
0x00, 0x00, 0x00, 0x00, 
0x00, 0x00, 0x00, 0x00, 
0x00, 0x00, 0x00, 0x00, 
0x00, 0x00, 0x00, 0x00, 
0x00, 0x00, 0x00, 0x00, 
0x00, 0x00, 0x00, 0x00, 
0x00, 0x00, 0x00, 0x00, 
0x00, 0x00, 0x00, 0x00, 
0x00, 0x00, 0x00, 0x00, 
0x00, 0x00, 0x00, 0x00, 
0x00, 0x00, 0x00, 0x00, 
0x00, 0x00, 0x00, 0x00, 
0x00, 0x00, 0x00, 0x00, 
0x00, 0x00, 0x00, 0x00, 
0x00, 0x00, 0x00, 0x00, 
0x00, 0x00, 0x00, 0x00, 
0x00, 0x00, 0x00, 0x00, 
0x00, 0x00, 0x00, 0x00, 
0x00, 0x00, 0x00, 0x00, 
0x00, 0x00, 0x00, 0x00, 
0x00, 0x00, 0x00, 0x00, 
0x00, 0x00, 0x00, 0x00, 
0x00, 0x00, 0x00, 0x00, 
0x00, 0x00, 0x00, 0x00, 
0x00, 0x00, 0x00, 0x00, 
0x00, 0x00, 0x00, 0x00, 
0x00, 0x00, 0x00, 0x00, 
0x00, 0x00, 0x00, 0x00, 
0x00, 0x00, 0x00, 0x00, 
0x00, 0x00, 0x00, 0x00, 
0x00, 0x00, 0x00, 0x00, 
0x00, 0x00, 0x00, 0x00, 
0x00, 0x00, 0x00, 0x00, 
0x00, 0x00, 0x00, 0x00, 
0x00, 0x00, 0x00, 0x00, 
0x00, 0x00, 0x00, 0x00, 
0x00, 0x00, 0x00, 0x00, 
0x00, 0x00, 0x00, 0x00, 
0x00, 0x00, 0x00, 0x00, 
0x00, 0x00, 0x00, 0x00, 
0x00, 0x00, 0x00, 0x00, 
0x00, 0x00, 0x00, 0x00, 
0x00, 0x00, 0x00, 0x00, 
0x00, 0x00, 0x00, 0x00, 
0x00, 0x00, 0x00, 0x00, 
0x00, 0x00, 0x00, 0x00, 
0x00, 0x00, 0x00, 0x00, 
0x00, 0x00, 0x00, 0x00, 
0x00, 0x00, 0x00, 0x00, 
0x00, 0x00, 0x00, 0x00, 
0x00, 0x00, 0x00, 0x00, 
0x00, 0x00, 0x00, 0x00, 
0x00, 0x00, 0x00, 0x00, 
0x00, 0x00, 0x00, 0x00, 
0x00, 0x00, 0x00, 0x00, 
0x00, 0x00, 0x00, 0x00, 
0x00, 0x00, 0x00, 0x00, 
0x00, 0x00, 0x00, 0x00, 
0x00, 0x00, 0x00, 0x00, 
0x00, 0x00, 0x00, 0x00, 
0x00, 0x00, 0x00, 0x00, 
0x00, 0x00, 0x00, 0x00, 
0x00, 0x00, 0x00, 0x00, 
0x00, 0x00, 0x00, 0x00, 
0x00, 0x00, 0x00, 0x00, 
0x00, 0x00, 0x00, 0x00, 
0x00, 0x00, 0x00, 0x00, 
0x00, 0x00, 0x00, 0x00, 
0x00, 0x00, 0x00, 0x00, 
0x00, 0x00, 0x00, 0x00, 
0x00, 0x00, 0x00, 0x00, 
0x00, 0x00, 0x00, 0x00, 
0x00, 0x00, 0x00, 0x00, 
0x00, 0x00, 0x00, 0x00, 
0x00, 0x00, 0x00, 0x00, 
0x00, 0x00, 0x00, 0x00, 
0x00, 0x00, 0x00, 0x00, 
0x00, 0x00, 0x00, 0x00, 
0x00, 0x00, 0x00, 0x00, 
0x00, 0x00, 0x00, 0x00, 
0x00, 0x00, 0x00, 0x00, 
0x00, 0x00, 0x00, 0x00, 
0x00, 0x00, 0x00, 0x00, 
0x00, 0x00, 0x00, 0x00, 
0x00, 0x00, 0x00, 0x00, 
0x00, 0x00, 0x00, 0x00, 
0x00, 0x00, 0x00, 0x00, 
0x00, 0x00, 0x00, 0x00, 
0x00, 0x00, 0x00, 0x00, 
0x00, 0x00, 0x00, 0x00, 
0x00, 0x00, 0x00, 0x00, 
0x00, 0x00, 0x00, 0x00, 
0x00, 0x00, 0x00, 0x00, 
0x00, 0x00, 0x00, 0x00, 
0x00, 0x00, 0x00, 0x00, 
0x00, 0x00, 0x00, 0x00, 
0x00, 0x00, 0x00, 0x00, 
0x00, 0x00, 0x00, 0x00, 
0x00, 0x00, 0x00, 0x00, 
0x00, 0x00, 0x00, 0x00, 
0x00, 0x00, 0x00, 0x00, 
0x00, 0x00, 0x00, 0x00, 
0x00, 0x00, 0x00, 0x00, 
0x00, 0x00, 0x00, 0x00, 
0x00, 0x00, 0x00, 0x00, 
0x00, 0x00, 0x00, 0x00, 
0x00, 0x00, 0x00, 0x00, 
0x00, 0x00, 0x00, 0x00, 
0x00, 0x00, 0x00, 0x00, 
0x00, 0x00, 0x00, 0x00, 
0x00, 0x00, 0x00, 0x00, 
0x00, 0x00, 0x00, 0x00, 
0x00, 0x00, 0x00, 0x00, 
0x00, 0x00, 0x00, 0x00, 
0x00, 0x00, 0x00, 0x00, 
0x00, 0x00, 0x00, 0x00, 
0x00, 0x00, 0x00, 0x00, 
0x00, 0x00, 0x00, 0x00, 
0x00, 0x00, 0x00, 0x00, 
0x00, 0x00, 0x00, 0x00, 
0x00, 0x00, 0x00, 0x00, 
0x00, 0x00, 0x00, 0x00, 
0x00, 0x00, 0x00, 0x00, 
0x00, 0x00, 0x00, 0x00, 
0x00, 0x00, 0x00, 0x00, 
0x00, 0x00, 0x00, 0x00, 
0x00, 0x00, 0x00, 0x00, 
0x00, 0x00, 0x00, 0x00, 
0x00, 0x00, 0x00, 0x00, 
0x00, 0x00, 0x00, 0x00, 
0x00, 0x00, 0x00, 0x00, 
0x00, 0x00, 0x00, 0x00, 
0x00, 0x00, 0x00, 0x00, 
0x00, 0x00, 0x00, 0x00, 
0x00, 0x00, 0x00, 0x00, 
0x00, 0x00, 0x00, 0x00, 
0x00, 0x00, 0x00, 0x00, 
0x00, 0x00, 0x00, 0x00, 
0x00, 0x00, 0x00, 0x00, 
0x00, 0x00, 0x00, 0x00, 
0x00, 0x00, 0x00, 0x00, 
0x00, 0x00, 0x00, 0x00, 
0x00, 0x00, 0x00, 0x00, 
0x00, 0x00, 0x00, 0x00, 
0x00, 0x00, 0x00, 0x00, 
0x00, 0x00, 0x00, 0x00, 
0x00, 0x00, 0x00, 0x00, 
0x00, 0x00, 0x00, 0x00, 
0x00, 0x00, 0x00, 0x00, 
0x00, 0x00, 0x00, 0x00, 
0x00, 0x00, 0x00, 0x00, 
0x00, 0x00, 0x00, 0x00, 
0x00, 0x00, 0x00, 0x00, 
0x00, 0x00, 0x00, 0x00, 
0x00, 0x00, 0x00, 0x00, 
0x00, 0x00, 0x00, 0x00, 
0x00, 0x00, 0x00, 0x00, 
0x00, 0x00, 0x00, 0x00, 
0x00, 0x00, 0x00, 0x00, 
0x00, 0x00, 0x00, 0x00, 
0x00, 0x00, 0x00, 0x00, 
0x00, 0x00, 0x00, 0x00, 
0x00, 0x00, 0x00, 0x00, 
0x00, 0x00, 0x00, 0x00, 
0x00, 0x00, 0x00, 0x00, 
0x00, 0x00, 0x00, 0x00, 
0x00, 0x00, 0x00, 0x00, 
0x00, 0x00, 0x00, 0x00, 
0x00, 0x00, 0x00, 0x00, 
0x00, 0x00, 0x00, 0x00, 
0x00, 0x00, 0x00, 0x00, 
0x00, 0x00, 0x00, 0x00, 
0x00, 0x00, 0x00, 0x00, 
0x00, 0x00, 0x00, 0x00, 
0x00, 0x00, 0x00, 0x00, 
0x00, 0x00, 0x00, 0x00, 
0x00, 0x00, 0x00, 0x00, 
0x00, 0x00, 0x00, 0x00, 
0x00, 0x00, 0x00, 0x00, 
0x00, 0x00, 0x00, 0x00, 
0x00, 0x00, 0x00, 0x00, 
0x00, 0x00, 0x00, 0x00, 
0x00, 0x00, 0x00, 0x00, 
0x00, 0x00, 0x00, 0x00, 
0x00, 0x00, 0x00, 0x00, 
0x00, 0x00, 0x00, 0x00, 
0x00, 0x00, 0x00, 0x00, 
0x00, 0x00, 0x00, 0x00, 
0x00, 0x00, 0x00, 0x00, 
0x00, 0x00, 0x00, 0x00, 
0x00, 0x00, 0x00, 0x00, 
0x00, 0x00, 0x00, 0x00, 
0x00, 0x00, 0x00, 0x00, 
0x00, 0x00, 0x00, 0x00, 
0x00, 0x00, 0x00, 0x00, 
0x00, 0x00, 0x00, 0x00, 
0x00, 0x00, 0x00, 0x00, 
0x00, 0x00, 0x00, 0x00, 
0x00, 0x00, 0x00, 0x00, 
0x00, 0x00, 0x00, 0x00, 
0x00, 0x00, 0x00, 0x00, 
0x00, 0x00, 0x00, 0x00, 
0x00, 0x00, 0x00, 0x00, 
0x00, 0x00, 0x00, 0x00, 
0x00, 0x00, 0x00, 0x00, 
0x00, 0x00, 0x00, 0x00, 
0x00, 0x00, 0x00, 0x00, 
0x00, 0x00, 0x00, 0x00, 
0x00, 0x00, 0x00, 0x00, 
0x00, 0x00, 0x00, 0x00, 
0x00, 0x00, 0x00, 0x00, 
0x00, 0x00, 0x00, 0x00, 
0x00, 0x00, 0x00, 0x00, 
0x00, 0x00, 0x00, 0x00, 
0x00, 0x00, 0x00, 0x00, 
0x00, 0x00, 0x00, 0x00, 
0x00, 0x00, 0x00, 0x00, 
0x00, 0x00, 0x00, 0x00, 
0x00, 0x00, 0x00, 0x00, 
0x00, 0x00, 0x00, 0x00, 
0x00, 0x00, 0x00, 0x00, 
0x00, 0x00, 0x00, 0x00, 
0x00, 0x00, 0x00, 0x00, 
0x00, 0x00, 0x00, 0x00, 
0x00, 0x00, 0x00, 0x00, 
0x00, 0x00, 0x00, 0x00, 
0x00, 0x00, 0x00, 0x00, 
0x00, 0x00, 0x00, 0x00, 
0x00, 0x00, 0x00, 0x00, 
0x00, 0x00, 0x00, 0x00, 
0x00, 0x00, 0x00, 0x00, 
0x00, 0x00, 0x00, 0x00, 
0x00, 0x00, 0x00, 0x00, 
0x00, 0x00, 0x00, 0x00, 
0x00, 0x00, 0x00, 0x00, 
0x00, 0x00, 0x00, 0x00, 
0x00, 0x00, 0x00, 0x00, 
0x00, 0x00, 0x00, 0x00, 
0x00, 0x00, 0x00, 0x00, 
0x00, 0x00, 0x00, 0x00, 
0x00, 0x00, 0x00, 0x00, 
0x00, 0x00, 0x00, 0x00, 
0x00, 0x00, 0x00, 0x00, 
0x00, 0x00, 0x00, 0x00, 
0x00, 0x00, 0x00, 0x00, 
0x00, 0x00, 0x00, 0x00, 
0x00, 0x00, 0x00, 0x00, 
0x00, 0x00, 0x00, 0x00, 
0x00, 0x00, 0x00, 0x00, 
0x00, 0x00, 0x00, 0x00, 
0x00, 0x00, 0x00, 0x00, 
0x00, 0x00, 0x00, 0x00, 
0x00, 0x00, 0x00, 0x00, 
0x00, 0x00, 0x00, 0x00, 
0x00, 0x00, 0x00, 0x00, 
0x00, 0x00, 0x00, 0x00, 
0x00, 0x00, 0x00, 0x00, 
0x00, 0x00, 0x00, 0x00, 
0x00, 0x00, 0x00, 0x00, 
0x00, 0x00, 0x00, 0x00, 
0x00, 0x00, 0x00, 0x00, 
0x00, 0x00, 0x00, 0x00, 
0x00, 0x00, 0x00, 0x00, 
0x00, 0x00, 0x00, 0x00, 
0x00, 0x00, 0x00, 0x00, 
0x00, 0x00, 0x00, 0x00, 
0x00, 0x00, 0x00, 0x00, 
0x00, 0x00, 0x00, 0x00, 
0x00, 0x00, 0x00, 0x00, 
0x00, 0x00, 0x00, 0x00, 
0x00, 0x00, 0x00, 0x00, 
0x00, 0x00, 0x00, 0x00, 
0x00, 0x00, 0x00, 0x00, 
0x00, 0x00, 0x00, 0x00, 
0x00, 0x00, 0x00, 0x00, 
0x00, 0x00, 0x00, 0x00, 
0x00, 0x00, 0x00, 0x00, 
0x00, 0x00, 0x00, 0x00, 
0x00, 0x00, 0x00, 0x00, 
0x00, 0x00, 0x00, 0x00, 
0x00, 0x00, 0x00, 0x00, 
0x00, 0x00, 0x00, 0x00, 
0x00, 0x00, 0x00, 0x00, 
0x00, 0x00, 0x00, 0x00, 
0x00, 0x00, 0x00, 0x00, 
0x00, 0x00, 0x00, 0x00, 
0x00, 0x00, 0x00, 0x00, 
0x00, 0x00, 0x00, 0x00, 
0x00, 0x00, 0x00, 0x00, 
0x00, 0x00, 0x00, 0x00, 
0x00, 0x00, 0x00, 0x00, 
0x00, 0x00, 0x00, 0x00, 
0x00, 0x00, 0x00, 0x00, 
0x00, 0x00, 0x00, 0x00, 
0x00, 0x00, 0x00, 0x00, 
0x00, 0x00, 0x00, 0x00, 
0x00, 0x00, 0x00, 0x00, 
0x00, 0x00, 0x00, 0x00, 
0x00, 0x00, 0x00, 0x00, 
0x00, 0x00, 0x00, 0x00, 
0x00, 0x00, 0x00, 0x00, 
0x00, 0x00, 0x00, 0x00, 
0x00, 0x00, 0x00, 0x00, 
0x00, 0x00, 0x00, 0x00, 
0x00, 0x00, 0x00, 0x00, 
0x00, 0x00, 0x00, 0x00, 
0x00, 0x00, 0x00, 0x00, 
0x00, 0x00, 0x00, 0x00, 
0x00, 0x00, 0x00, 0x00, 
0x00, 0x00, 0x00, 0x00, 
0x00, 0x00, 0x00, 0x00, 
0x00, 0x00, 0x00, 0x00, 
0x00, 0x00, 0x00, 0x00, 
0x00, 0x00, 0x00, 0x00, 
0x00, 0x00, 0x00, 0x00, 
0x00, 0x00, 0x00, 0x00, 
0x00, 0x00, 0x00, 0x00, 
0x00, 0x00, 0x00, 0x00, 
0x00, 0x00, 0x00, 0x00, 
0x00, 0x00, 0x00, 0x00, 
0x00, 0x00, 0x00, 0x00, 
0x00, 0x00, 0x00, 0x00, 
0x00, 0x00, 0x00, 0x00, 
0x00, 0x00, 0x00, 0x00, 
0x00, 0x00, 0x00, 0x00, 
0x00, 0x00, 0x00, 0x00, 
0x00, 0x00, 0x00, 0x00, 
0x00, 0x00, 0x00, 0x00, 
0x00, 0x00, 0x00, 0x00, 
0x00, 0x00, 0x00, 0x00, 
0x00, 0x00, 0x00, 0x00, 
0x00, 0x00, 0x00, 0x00, 
0x00, 0x00, 0x00, 0x00, 
0x00, 0x00, 0x00, 0x00, 
0x00, 0x00, 0x00, 0x00, 
0x00, 0x00, 0x00, 0x00, 
0x00, 0x00, 0x00, 0x00, 
0x00, 0x00, 0x00, 0x00, 
0x00, 0x00, 0x00, 0x00, 
0x00, 0x00, 0x00, 0x00, 
0x00, 0x00, 0x00, 0x00, 
0x00, 0x00, 0x00, 0x00, 
0x00, 0x00, 0x00, 0x00, 
0x00, 0x00, 0x00, 0x00, 
0x00, 0x00, 0x00, 0x00, 
0x00, 0x00, 0x00, 0x00, 
0x00, 0x00, 0x00, 0x00, 
0x00, 0x00, 0x00, 0x00, 
0x00, 0x00, 0x00, 0x00, 
0x00, 0x00, 0x00, 0x00, 
0x00, 0x00, 0x00, 0x00, 
0x00, 0x00, 0x00, 0x00, 
0x00, 0x00, 0x00, 0x00, 
0x00, 0x00, 0x00, 0x00, 
0x00, 0x00, 0x00, 0x00, 
0x00, 0x00, 0x00, 0x00, 
0x00, 0x00, 0x00, 0x00, 
0x00, 0x00, 0x00, 0x00, 
0x00, 0x00, 0x00, 0x00, 
0x00, 0x00, 0x00, 0x00, 
0x00, 0x00, 0x00, 0x00, 
0x00, 0x00, 0x00, 0x00, 
0x00, 0x00, 0x00, 0x00, 
0x00, 0x00, 0x00, 0x00, 
0x00, 0x00, 0x00, 0x00, 
0x00, 0x00, 0x00, 0x00, 
0x00, 0x00, 0x00, 0x00, 
0x00, 0x00, 0x00, 0x00, 
0x00, 0x00, 0x00, 0x00, 
0x00, 0x00, 0x00, 0x00, 
0x00, 0x00, 0x00, 0x00, 
0x00, 0x00, 0x00, 0x00, 
0x00, 0x00, 0x00, 0x00, 
0x00, 0x00, 0x00, 0x00, 
0x00, 0x00, 0x00, 0x00, 
0x00, 0x00, 0x00, 0x00, 
0x00, 0x00, 0x00, 0x00, 
0x00, 0x00, 0x00, 0x00, 
0x00, 0x00, 0x00, 0x00, 
0x00, 0x00, 0x00, 0x00, 
0x00, 0x00, 0x00, 0x00, 
0x00, 0x00, 0x00, 0x00, 
0x00, 0x00, 0x00, 0x00, 
0x00, 0x00, 0x00, 0x00, 
0x00, 0x00, 0x00, 0x00, 
0x00, 0x00, 0x00, 0x00, 
0x00, 0x00, 0x00, 0x00, 
0x00, 0x00, 0x00, 0x00, 
0x00, 0x00, 0x00, 0x00, 
0x00, 0x00, 0x00, 0x00, 
0x00, 0x00, 0x00, 0x00, 
0x00, 0x00, 0x00, 0x00, 
0x00, 0x00, 0x00, 0x00, 
0x00, 0x00, 0x00, 0x00, 
0x00, 0x00, 0x00, 0x00, 
0x00, 0x00, 0x00, 0x00, 
0x00, 0x00, 0x00, 0x00, 
0x00, 0x00, 0x00, 0x00, 
0x00, 0x00, 0x00, 0x00, 
0x00, 0x00, 0x00, 0x00, 
0x00, 0x00, 0x00, 0x00, 
0x00, 0x00, 0x00, 0x00, 
0x00, 0x00, 0x00, 0x00, 
0x00, 0x00, 0x00, 0x00, 
0x00, 0x00, 0x00, 0x00, 
0x00, 0x00, 0x00, 0x00, 
0x00, 0x00, 0x00, 0x00, 
0x00, 0x00, 0x00, 0x00, 
0x00, 0x00, 0x00, 0x00, 
0x00, 0x00, 0x00, 0x00, 
0x00, 0x00, 0x00, 0x00, 
0x00, 0x00, 0x00, 0x00, 
0x00, 0x00, 0x00, 0x00, 
0x00, 0x00, 0x00, 0x00, 
0x00, 0x00, 0x00, 0x00, 
0x00, 0x00, 0x00, 0x00, 
0x00, 0x00, 0x00, 0x00, 
0x00, 0x00, 0x00, 0x00, 
0x00, 0x00, 0x00, 0x00, 
0x00, 0x00, 0x00, 0x00, 
0x00, 0x00, 0x00, 0x00, 
0x00, 0x00, 0x00, 0x00, 
0x00, 0x00, 0x00, 0x00, 
0x00, 0x00, 0x00, 0x00, 
0x00, 0x00, 0x00, 0x00, 
0x00, 0x00, 0x00, 0x00, 
0x00, 0x00, 0x00, 0x00, 
0x00, 0x00, 0x00, 0x00, 
0x00, 0x00, 0x00, 0x00, 
0x00, 0x00, 0x00, 0x00, 
0x00, 0x00, 0x00, 0x00, 
0x00, 0x00, 0x00, 0x00, 
0x00, 0x00, 0x00, 0x00, 
0x00, 0x00, 0x00, 0x00, 
0x00, 0x00, 0x00, 0x00, 
0x00, 0x00, 0x00, 0x00, 
0x00, 0x00, 0x00, 0x00, 
0x00, 0x00, 0x00, 0x00, 
0x00, 0x00, 0x00, 0x00, 
0x00, 0x00, 0x00, 0x00, 
0x00, 0x00, 0x00, 0x00, 
0x00, 0x00, 0x00, 0x00, 
0x00, 0x00, 0x00, 0x00, 
0x00, 0x00, 0x00, 0x00, 
0x00, 0x00, 0x00, 0x00, 
0x00, 0x00, 0x00, 0x00, 
0x00, 0x00, 0x00, 0x00, 
0x00, 0x00, 0x00, 0x00, 
0x00, 0x00, 0x00, 0x00, 
0x00, 0x00, 0x00, 0x00, 
0x00, 0x00, 0x00, 0x00, 
0x00, 0x00, 0x00, 0x00, 
0x00, 0x00, 0x00, 0x00, 
0x00, 0x00, 0x00, 0x00, 
0x00, 0x00, 0x00, 0x00, 
0x00, 0x00, 0x00, 0x00, 
0x00, 0x00, 0x00, 0x00, 
0x00, 0x00, 0x00, 0x00, 
0x00, 0x00, 0x00, 0x00, 
0x00, 0x00, 0x00, 0x00, 
0x00, 0x00, 0x00, 0x00, 
0x00, 0x00, 0x00, 0x00, 
0x00, 0x00, 0x00, 0x00, 
0x00, 0x00, 0x00, 0x00, 
0x00, 0x00, 0x00, 0x00, 
0x00, 0x00, 0x00, 0x00, 
0x00, 0x00, 0x00, 0x00, 
0x00, 0x00, 0x00, 0x00, 
0x00, 0x00, 0x00, 0x00, 
0x00, 0x00, 0x00, 0x00, 
0x00, 0x00, 0x00, 0x00, 
0x00, 0x00, 0x00, 0x00, 
0x00, 0x00, 0x00, 0x00, 
0x00, 0x00, 0x00, 0x00, 
0x00, 0x00, 0x00, 0x00, 
0x00, 0x00, 0x00, 0x00, 
0x00, 0x00, 0x00, 0x00, 
0x00, 0x00, 0x00, 0x01, 
0x00, 0x00, 0x00, 0x01, 
0x00, 0x00, 0x00, 0x01, 
0x00, 0x00, 0x00, 0x03, 
0x00, 0x00, 0x00, 0x00, 
0x00, 0x00, 0x00, 0x00, 
0x00, 0x00, 0x00, 0x02, 
0x00, 0x00, 0x00, 0x02, 
0x00, 0x00, 0x00, 0x02, 
0x00, 0x00, 0x00, 0x02, 
0x00, 0x00, 0x00, 0x00, 
0x00, 0x00, 0x00, 0x00, 
0x00, 0x00, 0x00, 0x03, 
0x00, 0x00, 0x00, 0x03, 
0x00, 0x00, 0x00, 0x03, 
0x00, 0x00, 0x00, 0x03, 
0x00, 0x00, 0x00, 0x00, 
0x00, 0x00, 0x00, 0x00, 
0x00, 0x00, 0x00, 0x04, 
0x00, 0x00, 0x00, 0x04, 
0x00, 0x00, 0x00, 0x04, 
0x00, 0x00, 0x00, 0x04, 
0x00, 0x00, 0x00, 0x00, 
0x00, 0x00, 0x00, 0x00, 
0x00, 0x00, 0x00, 0x05, 
0x00, 0x00, 0x00, 0x05, 
0x00, 0x00, 0x00, 0x05, 
0x00, 0x00, 0x00, 0x05, 
0x00, 0x00, 0x00, 0x00, 
0x00, 0x80, 0x4D, 0xCE, 
0x00, 0x80, 0x4D, 0xCE, 
0x00, 0x00, 0x00, 0x00, 
0x00, 0x00, 0x00, 0x06, 
0x00, 0x00, 0x00, 0x06, 
0x00, 0x00, 0x00, 0x06, 
0x00, 0x00, 0x00, 0x06, 
0x00, 0x00, 0x00, 0x00, 
0x00, 0x00, 0x00, 0x00, 
0x00, 0x00, 0x00, 0x07, 
0x00, 0x00, 0x00, 0x07, 
0x00, 0x00, 0x00, 0x07, 
0x00, 0x00, 0x00, 0x07, 
0x00, 0x00, 0x00, 0x00, 
0x00, 0x00, 0x00, 0x01, 
0x00, 0x00, 0x00, 0x00, 
0x00, 0x00, 0x00, 0x00, 
0x00, 0x00, 0x00, 0x00, 
0x00, 0x00, 0x00, 0x00, 
0x00, 0x00, 0x00, 0x00, 
0x00, 0x00, 0x00, 0x00, 
0x00, 0x00, 0x00, 0x00, 
0x00, 0x00, 0x00, 0x00, 
0x00, 0x00, 0x00, 0x00, 
0x00, 0x00, 0x00, 0x00, 
0x00, 0x00, 0x00, 0x00, 
0x00, 0x00, 0x00, 0x00, 
0x00, 0x00, 0x00, 0x00, 
0x00, 0x00, 0x00, 0x00, 
0x00, 0x00, 0x00, 0x00, 
0x00, 0x00, 0x00, 0x00, 
0x00, 0x00, 0x00, 0x00, 
0x00, 0x00, 0x00, 0x00, 
0x00, 0x00, 0x00, 0x00, 
0x00, 0x00, 0x00, 0x00, 
0x00, 0x00, 0x00, 0x00, 
0x00, 0x00, 0x00, 0x00, 
0x00, 0x00, 0x00, 0x00, 
0x00, 0x00, 0x00, 0x00, 
0x00, 0x00, 0x00, 0x00, 
0x00, 0x00, 0x00, 0x00, 
0x00, 0x00, 0x00, 0x00, 
0x00, 0x00, 0x00, 0x00, 
0x00, 0x00, 0x00, 0x00, 
0x00, 0x00, 0x00, 0x00, 
0x00, 0x00, 0x00, 0x00, 
0x00, 0x00, 0x00, 0x00, 
0x00, 0x00, 0x00, 0x00, 
0x00, 0x00, 0x00, 0x00, 
0x00, 0x00, 0x00, 0x00, 
0x00, 0x00, 0x00, 0x00, 
0x00, 0x00, 0x00, 0x00, 
0x00, 0x00, 0x00, 0x00, 
0x00, 0x00, 0x00, 0x00, 
0x00, 0x00, 0x00, 0x00, 
0x00, 0x00, 0x00, 0x00, 
0x00, 0x00, 0x00, 0x00, 
0x00, 0x00, 0x00, 0x00, 
0x00, 0x00, 0x00, 0x00, 
0x00, 0x00, 0x00, 0x00, 
0x00, 0x00, 0x00, 0x00, 
0x00, 0x00, 0x00, 0x00, 
0x00, 0x00, 0x00, 0x00, 
0x00, 0x00, 0x00, 0x00, 
0x00, 0x00, 0x00, 0x00, 
0x00, 0x00, 0x00, 0x00, 
0x00, 0x00, 0x00, 0x00, 
0x00, 0x00, 0x00, 0x00, 
0x00, 0x00, 0x00, 0x00, 
0x00, 0x00, 0x00, 0x00, 
0x00, 0x00, 0x00, 0x00, 
0x00, 0x00, 0x00, 0x00, 
0x00, 0x00, 0x00, 0x00, 
0x00, 0x00, 0x00, 0x00, 
0x00, 0x00, 0x00, 0x00, 
0x00, 0x00, 0x00, 0x00, 
0x00, 0x00, 0x00, 0x00, 
0x00, 0x00, 0x00, 0x00, 
0x00, 0x00, 0x00, 0x00, 
0x00, 0x00, 0x00, 0x00, 
0x00, 0x00, 0x00, 0x00, 
0x00, 0x00, 0x00, 0x00, 
0x00, 0x00, 0x00, 0x00, 
0x00, 0x00, 0x00, 0x00, 
0x00, 0x00, 0x00, 0x00, 
0x00, 0x00, 0x00, 0x00, 
0x00, 0x00, 0x00, 0x00, 
0x00, 0x00, 0x00, 0x00, 
0x00, 0x00, 0x00, 0x00, 
0x00, 0x00, 0x00, 0x00, 
0x00, 0x00, 0x00, 0x00, 
0x00, 0x00, 0x00, 0x00, 
0x00, 0x00, 0x00, 0x00, 
0x00, 0x00, 0x00, 0x00, 
0x00, 0x00, 0x00, 0x00, 
0x00, 0x00, 0x00, 0x00, 
0x00, 0x00, 0x00, 0x00, 
0x00, 0x00, 0x00, 0x00, 
0x00, 0x00, 0x00, 0x00, 
0x00, 0x00, 0x00, 0x00, 
0x00, 0x00, 0x00, 0x00, 
0x00, 0x00, 0x00, 0x00, 
0x00, 0x00, 0x00, 0x00, 
0x00, 0x00, 0x00, 0x00, 
0x00, 0x00, 0x00, 0x00, 
0x00, 0x00, 0x00, 0x00, 
0x00, 0x00, 0x00, 0x00, 
0x00, 0x00, 0x00, 0x00, 
0x00, 0x00, 0x00, 0x00, 
0x00, 0x00, 0x00, 0x00, 
0x00, 0x00, 0x00, 0x00, 
0x00, 0x00, 0x00, 0x00, 
0x00, 0x00, 0x00, 0x00, 
0x00, 0x00, 0x00, 0x00, 
0x00, 0x00, 0x00, 0x00, 
0x00, 0x00, 0x00, 0x00, 
0x00, 0x00, 0x00, 0x00, 
0x00, 0x00, 0x00, 0x00, 
0x00, 0x00, 0x00, 0x00, 
0x00, 0x00, 0x00, 0x00, 
0x00, 0x00, 0x00, 0x00, 
0x00, 0x00, 0x00, 0x00, 
0x00, 0x00, 0x00, 0x00, 
0x00, 0x00, 0x00, 0x00, 
0x00, 0x00, 0x00, 0x00, 
0x00, 0x00, 0x00, 0x00, 
0x00, 0x00, 0x00, 0x00, 
0x00, 0x00, 0x00, 0x00, 
0x00, 0x00, 0x00, 0x00, 
0x00, 0x00, 0x00, 0x00, 
0x00, 0x00, 0x00, 0x00, 
0x00, 0x00, 0x00, 0x00, 
0x00, 0x00, 0x00, 0x00, 
0x00, 0x00, 0x00, 0x00, 
0x00, 0x00, 0x00, 0x00, 
0x00, 0x00, 0x00, 0x00, 
0x00, 0x00, 0x00, 0x00, 
0x00, 0x00, 0x00, 0x00, 
0x00, 0x00, 0x00, 0x00, 
0x00, 0x00, 0x00, 0x00, 
0x00, 0x00, 0x00, 0x00, 
0x00, 0x00, 0x00, 0x00, 
0x00, 0x00, 0x00, 0x00, 
0x00, 0x00, 0x00, 0x00, 
0x00, 0x00, 0x00, 0x00, 
0x00, 0x00, 0x00, 0x00, 
0x00, 0x00, 0x00, 0x00, 
0x00, 0x00, 0x00, 0x00, 
0x00, 0x00, 0x00, 0x00, 
0x00, 0x00, 0x00, 0x00, 
0x00, 0x00, 0x00, 0x00, 
0x00, 0x00, 0x00, 0x00, 
0x00, 0x00, 0x00, 0x00, 
0x00, 0x00, 0x00, 0x00, 
0x00, 0x00, 0x00, 0x00, 
0x00, 0x00, 0x00, 0x00, 
0x00, 0x00, 0x00, 0x00, 
0x00, 0x00, 0x00, 0x00, 
0x00, 0x00, 0x00, 0x00, 
0x00, 0x00, 0x00, 0x00, 
0x00, 0x00, 0x00, 0x00, 
};

/* Register Default - SOFT_RESET */
#define R0_SOFT_RESET_SIZE_ADAU145XSCHEMATIC_0 2
#define R0_SOFT_RESET_ADDR_ADAU145XSCHEMATIC_0 63632
ADI_REG_TYPE R0_SOFT_RESET_ADAU145XSCHEMATIC_0_Data[R0_SOFT_RESET_SIZE_ADAU145XSCHEMATIC_0] = {
0x00, 0x00, 
};

/* Register Default - SOFT_RESET */
#define R1_SOFT_RESET_SIZE_ADAU145XSCHEMATIC_0 2
#define R1_SOFT_RESET_ADDR_ADAU145XSCHEMATIC_0 63632
ADI_REG_TYPE R1_SOFT_RESET_ADAU145XSCHEMATIC_0_Data[R1_SOFT_RESET_SIZE_ADAU145XSCHEMATIC_0] = {
0x00, 0x01, 
};

/* Register Default - Reset Delay */
#define R2_RESET_DELAY_SIZE_ADAU145XSCHEMATIC_0 2
#define R2_RESET_DELAY_ADDR_ADAU145XSCHEMATIC_0 0
ADI_REG_TYPE R2_RESET_DELAY_ADAU145XSCHEMATIC_0_Data[R2_RESET_DELAY_SIZE_ADAU145XSCHEMATIC_0] = {
0x00, 0xFF, 
};

/* Register Default - HIBERNATE */
#define R3_HIBERNATE_SIZE_ADAU145XSCHEMATIC_0 2
#define R3_HIBERNATE_ADDR_ADAU145XSCHEMATIC_0 62464
ADI_REG_TYPE R3_HIBERNATE_ADAU145XSCHEMATIC_0_Data[R3_HIBERNATE_SIZE_ADAU145XSCHEMATIC_0] = {
0x00, 0x00, 
};

/* Register Default - HIBERNATE */
#define R4_HIBERNATE_SIZE_ADAU145XSCHEMATIC_0 2
#define R4_HIBERNATE_ADDR_ADAU145XSCHEMATIC_0 62464
ADI_REG_TYPE R4_HIBERNATE_ADAU145XSCHEMATIC_0_Data[R4_HIBERNATE_SIZE_ADAU145XSCHEMATIC_0] = {
0x00, 0x01, 
};

/* Register Default - Hibernate Delay */
#define R5_HIBERNATE_DELAY_SIZE_ADAU145XSCHEMATIC_0 2
#define R5_HIBERNATE_DELAY_ADDR_ADAU145XSCHEMATIC_0 0
ADI_REG_TYPE R5_HIBERNATE_DELAY_ADAU145XSCHEMATIC_0_Data[R5_HIBERNATE_DELAY_SIZE_ADAU145XSCHEMATIC_0] = {
0x00, 0xFF, 
};

/* Register Default - KILL_CORE */
#define R6_KILL_CORE_SIZE_ADAU145XSCHEMATIC_0 2
#define R6_KILL_CORE_ADDR_ADAU145XSCHEMATIC_0 62467
ADI_REG_TYPE R6_KILL_CORE_ADAU145XSCHEMATIC_0_Data[R6_KILL_CORE_SIZE_ADAU145XSCHEMATIC_0] = {
0x00, 0x00, 
};

/* Register Default - KILL_CORE */
#define R7_KILL_CORE_SIZE_ADAU145XSCHEMATIC_0 2
#define R7_KILL_CORE_ADDR_ADAU145XSCHEMATIC_0 62467
ADI_REG_TYPE R7_KILL_CORE_ADAU145XSCHEMATIC_0_Data[R7_KILL_CORE_SIZE_ADAU145XSCHEMATIC_0] = {
0x00, 0x01, 
};

/* Register Default - PLL_ENABLE */
#define R8_PLL_ENABLE_SIZE_ADAU145XSCHEMATIC_0 2
#define R8_PLL_ENABLE_ADDR_ADAU145XSCHEMATIC_0 61443
ADI_REG_TYPE R8_PLL_ENABLE_ADAU145XSCHEMATIC_0_Data[R8_PLL_ENABLE_SIZE_ADAU145XSCHEMATIC_0] = {
0x00, 0x00, 
};

/* Register Default - PLL_CTRL0 Register */
#define R9_PLL_CTRL0_REGISTER_SIZE_ADAU145XSCHEMATIC_0 2
#define R9_PLL_CTRL0_REGISTER_ADDR_ADAU145XSCHEMATIC_0 61440
ADI_REG_TYPE R9_PLL_CTRL0_REGISTER_ADAU145XSCHEMATIC_0_Data[R9_PLL_CTRL0_REGISTER_SIZE_ADAU145XSCHEMATIC_0] = {
0x00, 0x60, 
};

/* Register Default - PLL_CTRL1 Register */
#define R10_PLL_CTRL1_REGISTER_SIZE_ADAU145XSCHEMATIC_0 2
#define R10_PLL_CTRL1_REGISTER_ADDR_ADAU145XSCHEMATIC_0 61441
ADI_REG_TYPE R10_PLL_CTRL1_REGISTER_ADAU145XSCHEMATIC_0_Data[R10_PLL_CTRL1_REGISTER_SIZE_ADAU145XSCHEMATIC_0] = {
0x00, 0x03, 
};

/* Register Default - PLL_CLK_SRC Register */
#define R11_PLL_CLK_SRC_REGISTER_SIZE_ADAU145XSCHEMATIC_0 2
#define R11_PLL_CLK_SRC_REGISTER_ADDR_ADAU145XSCHEMATIC_0 61442
ADI_REG_TYPE R11_PLL_CLK_SRC_REGISTER_ADAU145XSCHEMATIC_0_Data[R11_PLL_CLK_SRC_REGISTER_SIZE_ADAU145XSCHEMATIC_0] = {
0x00, 0x01, 
};

/* Register Default - MCLK_OUT Register */
#define R12_MCLK_OUT_REGISTER_SIZE_ADAU145XSCHEMATIC_0 2
#define R12_MCLK_OUT_REGISTER_ADDR_ADAU145XSCHEMATIC_0 61445
ADI_REG_TYPE R12_MCLK_OUT_REGISTER_ADAU145XSCHEMATIC_0_Data[R12_MCLK_OUT_REGISTER_SIZE_ADAU145XSCHEMATIC_0] = {
0x00, 0x07, 
};

/* Register Default - PLL_ENABLE Register */
#define R13_PLL_ENABLE_REGISTER_SIZE_ADAU145XSCHEMATIC_0 2
#define R13_PLL_ENABLE_REGISTER_ADDR_ADAU145XSCHEMATIC_0 61443
ADI_REG_TYPE R13_PLL_ENABLE_REGISTER_ADAU145XSCHEMATIC_0_Data[R13_PLL_ENABLE_REGISTER_SIZE_ADAU145XSCHEMATIC_0] = {
0x00, 0x01, 
};

/* Register Default - PLL Lock Delay */
#define R14_PLL_LOCK_DELAY_SIZE_ADAU145XSCHEMATIC_0 2
#define R14_PLL_LOCK_DELAY_ADDR_ADAU145XSCHEMATIC_0 0
ADI_REG_TYPE R14_PLL_LOCK_DELAY_ADAU145XSCHEMATIC_0_Data[R14_PLL_LOCK_DELAY_SIZE_ADAU145XSCHEMATIC_0] = {
0x00, 0xFF, 
};

/* Register Default - POWER_ENABLE0 Register */
#define R15_POWER_ENABLE0_REGISTER_SIZE_ADAU145XSCHEMATIC_0 2
#define R15_POWER_ENABLE0_REGISTER_ADDR_ADAU145XSCHEMATIC_0 61520
ADI_REG_TYPE R15_POWER_ENABLE0_REGISTER_ADAU145XSCHEMATIC_0_Data[R15_POWER_ENABLE0_REGISTER_SIZE_ADAU145XSCHEMATIC_0] = {
0x05, 0xFF, 
};

/* Register Default - POWER_ENABLE1 Register */
#define R16_POWER_ENABLE1_REGISTER_SIZE_ADAU145XSCHEMATIC_0 2
#define R16_POWER_ENABLE1_REGISTER_ADDR_ADAU145XSCHEMATIC_0 61521
ADI_REG_TYPE R16_POWER_ENABLE1_REGISTER_ADAU145XSCHEMATIC_0_Data[R16_POWER_ENABLE1_REGISTER_SIZE_ADAU145XSCHEMATIC_0] = {
0x00, 0x07, 
};

/* Register Default - MP0_MODE */
#define R17_MP0_MODE_SIZE_ADAU145XSCHEMATIC_0 2
#define R17_MP0_MODE_ADDR_ADAU145XSCHEMATIC_0 62736
ADI_REG_TYPE R17_MP0_MODE_ADAU145XSCHEMATIC_0_Data[R17_MP0_MODE_SIZE_ADAU145XSCHEMATIC_0] = {
0x00, 0x0D, 
};

/* Register Default - SCLK_SCL_M_PIN */
#define R18_SCLK_SCL_M_PIN_SIZE_ADAU145XSCHEMATIC_0 2
#define R18_SCLK_SCL_M_PIN_ADDR_ADAU145XSCHEMATIC_0 63389
ADI_REG_TYPE R18_SCLK_SCL_M_PIN_ADAU145XSCHEMATIC_0_Data[R18_SCLK_SCL_M_PIN_SIZE_ADAU145XSCHEMATIC_0] = {
0x00, 0x0F, 
};

/* Register Default - MISO_SDA_M_PIN */
#define R19_MISO_SDA_M_PIN_SIZE_ADAU145XSCHEMATIC_0 2
#define R19_MISO_SDA_M_PIN_ADDR_ADAU145XSCHEMATIC_0 63390
ADI_REG_TYPE R19_MISO_SDA_M_PIN_ADAU145XSCHEMATIC_0_Data[R19_MISO_SDA_M_PIN_SIZE_ADAU145XSCHEMATIC_0] = {
0x00, 0x0F, 
};

/* Register Default - SS_M_PIN */
#define R20_SS_M_PIN_SIZE_ADAU145XSCHEMATIC_0 2
#define R20_SS_M_PIN_ADDR_ADAU145XSCHEMATIC_0 63391
ADI_REG_TYPE R20_SS_M_PIN_ADAU145XSCHEMATIC_0_Data[R20_SS_M_PIN_SIZE_ADAU145XSCHEMATIC_0] = {
0x00, 0x0F, 
};

/* Register Default - MOSI_M_PIN */
#define R21_MOSI_M_PIN_SIZE_ADAU145XSCHEMATIC_0 2
#define R21_MOSI_M_PIN_ADDR_ADAU145XSCHEMATIC_0 63392
ADI_REG_TYPE R21_MOSI_M_PIN_ADAU145XSCHEMATIC_0_Data[R21_MOSI_M_PIN_SIZE_ADAU145XSCHEMATIC_0] = {
0x00, 0x0F, 
};

/* Register Default - ASRC_INPUT0 */
#define R22_ASRC_INPUT0_SIZE_ADAU145XSCHEMATIC_0 2
#define R22_ASRC_INPUT0_ADDR_ADAU145XSCHEMATIC_0 61696
ADI_REG_TYPE R22_ASRC_INPUT0_ADAU145XSCHEMATIC_0_Data[R22_ASRC_INPUT0_SIZE_ADAU145XSCHEMATIC_0] = {
0x00, 0x03, 
};

/* Register Default - ASRC_OUT_RATE0 */
#define R23_ASRC_OUT_RATE0_SIZE_ADAU145XSCHEMATIC_0 2
#define R23_ASRC_OUT_RATE0_ADDR_ADAU145XSCHEMATIC_0 61760
ADI_REG_TYPE R23_ASRC_OUT_RATE0_ADAU145XSCHEMATIC_0_Data[R23_ASRC_OUT_RATE0_SIZE_ADAU145XSCHEMATIC_0] = {
0x00, 0x06, 
};

/* Register Default - SOUT_SOURCE0 */
#define R24_SOUT_SOURCE0_SIZE_ADAU145XSCHEMATIC_0 2
#define R24_SOUT_SOURCE0_ADDR_ADAU145XSCHEMATIC_0 61824
ADI_REG_TYPE R24_SOUT_SOURCE0_ADAU145XSCHEMATIC_0_Data[R24_SOUT_SOURCE0_SIZE_ADAU145XSCHEMATIC_0] = {
0x00, 0x02, 
};

/* Register Default - SOUT_SOURCE1 */
#define R25_SOUT_SOURCE1_SIZE_ADAU145XSCHEMATIC_0 2
#define R25_SOUT_SOURCE1_ADDR_ADAU145XSCHEMATIC_0 61825
ADI_REG_TYPE R25_SOUT_SOURCE1_ADAU145XSCHEMATIC_0_Data[R25_SOUT_SOURCE1_SIZE_ADAU145XSCHEMATIC_0] = {
0x00, 0x02, 
};

/* Register Default - SOUT_SOURCE2 */
#define R26_SOUT_SOURCE2_SIZE_ADAU145XSCHEMATIC_0 2
#define R26_SOUT_SOURCE2_ADDR_ADAU145XSCHEMATIC_0 61826
ADI_REG_TYPE R26_SOUT_SOURCE2_ADAU145XSCHEMATIC_0_Data[R26_SOUT_SOURCE2_SIZE_ADAU145XSCHEMATIC_0] = {
0x00, 0x02, 
};

/* Register Default - SOUT_SOURCE3 */
#define R27_SOUT_SOURCE3_SIZE_ADAU145XSCHEMATIC_0 2
#define R27_SOUT_SOURCE3_ADDR_ADAU145XSCHEMATIC_0 61827
ADI_REG_TYPE R27_SOUT_SOURCE3_ADAU145XSCHEMATIC_0_Data[R27_SOUT_SOURCE3_SIZE_ADAU145XSCHEMATIC_0] = {
0x00, 0x02, 
};

/* Register Default - SOUT_SOURCE4 */
#define R28_SOUT_SOURCE4_SIZE_ADAU145XSCHEMATIC_0 2
#define R28_SOUT_SOURCE4_ADDR_ADAU145XSCHEMATIC_0 61828
ADI_REG_TYPE R28_SOUT_SOURCE4_ADAU145XSCHEMATIC_0_Data[R28_SOUT_SOURCE4_SIZE_ADAU145XSCHEMATIC_0] = {
0x00, 0x02, 
};

/* Register Default - SOUT_SOURCE5 */
#define R29_SOUT_SOURCE5_SIZE_ADAU145XSCHEMATIC_0 2
#define R29_SOUT_SOURCE5_ADDR_ADAU145XSCHEMATIC_0 61829
ADI_REG_TYPE R29_SOUT_SOURCE5_ADAU145XSCHEMATIC_0_Data[R29_SOUT_SOURCE5_SIZE_ADAU145XSCHEMATIC_0] = {
0x00, 0x02, 
};

/* Register Default - SOUT_SOURCE6 */
#define R30_SOUT_SOURCE6_SIZE_ADAU145XSCHEMATIC_0 2
#define R30_SOUT_SOURCE6_ADDR_ADAU145XSCHEMATIC_0 61830
ADI_REG_TYPE R30_SOUT_SOURCE6_ADAU145XSCHEMATIC_0_Data[R30_SOUT_SOURCE6_SIZE_ADAU145XSCHEMATIC_0] = {
0x00, 0x02, 
};

/* Register Default - SOUT_SOURCE7 */
#define R31_SOUT_SOURCE7_SIZE_ADAU145XSCHEMATIC_0 2
#define R31_SOUT_SOURCE7_ADDR_ADAU145XSCHEMATIC_0 61831
ADI_REG_TYPE R31_SOUT_SOURCE7_ADAU145XSCHEMATIC_0_Data[R31_SOUT_SOURCE7_SIZE_ADAU145XSCHEMATIC_0] = {
0x00, 0x02, 
};

/* Register Default - SOUT_SOURCE8 */
#define R32_SOUT_SOURCE8_SIZE_ADAU145XSCHEMATIC_0 2
#define R32_SOUT_SOURCE8_ADDR_ADAU145XSCHEMATIC_0 61832
ADI_REG_TYPE R32_SOUT_SOURCE8_ADAU145XSCHEMATIC_0_Data[R32_SOUT_SOURCE8_SIZE_ADAU145XSCHEMATIC_0] = {
0x00, 0x2A, 
};

/* Register Default - SOUT_SOURCE9 */
#define R33_SOUT_SOURCE9_SIZE_ADAU145XSCHEMATIC_0 2
#define R33_SOUT_SOURCE9_ADDR_ADAU145XSCHEMATIC_0 61833
ADI_REG_TYPE R33_SOUT_SOURCE9_ADAU145XSCHEMATIC_0_Data[R33_SOUT_SOURCE9_SIZE_ADAU145XSCHEMATIC_0] = {
0x00, 0x02, 
};

/* Register Default - SOUT_SOURCE10 */
#define R34_SOUT_SOURCE10_SIZE_ADAU145XSCHEMATIC_0 2
#define R34_SOUT_SOURCE10_ADDR_ADAU145XSCHEMATIC_0 61834
ADI_REG_TYPE R34_SOUT_SOURCE10_ADAU145XSCHEMATIC_0_Data[R34_SOUT_SOURCE10_SIZE_ADAU145XSCHEMATIC_0] = {
0x00, 0x02, 
};

/* Register Default - SOUT_SOURCE11 */
#define R35_SOUT_SOURCE11_SIZE_ADAU145XSCHEMATIC_0 2
#define R35_SOUT_SOURCE11_ADDR_ADAU145XSCHEMATIC_0 61835
ADI_REG_TYPE R35_SOUT_SOURCE11_ADAU145XSCHEMATIC_0_Data[R35_SOUT_SOURCE11_SIZE_ADAU145XSCHEMATIC_0] = {
0x00, 0x02, 
};

/* Register Default - SOUT_SOURCE12 */
#define R36_SOUT_SOURCE12_SIZE_ADAU145XSCHEMATIC_0 2
#define R36_SOUT_SOURCE12_ADDR_ADAU145XSCHEMATIC_0 61836
ADI_REG_TYPE R36_SOUT_SOURCE12_ADAU145XSCHEMATIC_0_Data[R36_SOUT_SOURCE12_SIZE_ADAU145XSCHEMATIC_0] = {
0x00, 0x02, 
};

/* Register Default - SOUT_SOURCE13 */
#define R37_SOUT_SOURCE13_SIZE_ADAU145XSCHEMATIC_0 2
#define R37_SOUT_SOURCE13_ADDR_ADAU145XSCHEMATIC_0 61837
ADI_REG_TYPE R37_SOUT_SOURCE13_ADAU145XSCHEMATIC_0_Data[R37_SOUT_SOURCE13_SIZE_ADAU145XSCHEMATIC_0] = {
0x00, 0x02, 
};

/* Register Default - SOUT_SOURCE14 */
#define R38_SOUT_SOURCE14_SIZE_ADAU145XSCHEMATIC_0 2
#define R38_SOUT_SOURCE14_ADDR_ADAU145XSCHEMATIC_0 61838
ADI_REG_TYPE R38_SOUT_SOURCE14_ADAU145XSCHEMATIC_0_Data[R38_SOUT_SOURCE14_SIZE_ADAU145XSCHEMATIC_0] = {
0x00, 0x02, 
};

/* Register Default - SOUT_SOURCE15 */
#define R39_SOUT_SOURCE15_SIZE_ADAU145XSCHEMATIC_0 2
#define R39_SOUT_SOURCE15_ADDR_ADAU145XSCHEMATIC_0 61839
ADI_REG_TYPE R39_SOUT_SOURCE15_ADAU145XSCHEMATIC_0_Data[R39_SOUT_SOURCE15_SIZE_ADAU145XSCHEMATIC_0] = {
0x00, 0x02, 
};

/* Register Default - SOUT_SOURCE16 */
#define R40_SOUT_SOURCE16_SIZE_ADAU145XSCHEMATIC_0 2
#define R40_SOUT_SOURCE16_ADDR_ADAU145XSCHEMATIC_0 61840
ADI_REG_TYPE R40_SOUT_SOURCE16_ADAU145XSCHEMATIC_0_Data[R40_SOUT_SOURCE16_SIZE_ADAU145XSCHEMATIC_0] = {
0x00, 0x02, 
};

/* Register Default - SOUT_SOURCE17 */
#define R41_SOUT_SOURCE17_SIZE_ADAU145XSCHEMATIC_0 2
#define R41_SOUT_SOURCE17_ADDR_ADAU145XSCHEMATIC_0 61841
ADI_REG_TYPE R41_SOUT_SOURCE17_ADAU145XSCHEMATIC_0_Data[R41_SOUT_SOURCE17_SIZE_ADAU145XSCHEMATIC_0] = {
0x00, 0x02, 
};

/* Register Default - SOUT_SOURCE18 */
#define R42_SOUT_SOURCE18_SIZE_ADAU145XSCHEMATIC_0 2
#define R42_SOUT_SOURCE18_ADDR_ADAU145XSCHEMATIC_0 61842
ADI_REG_TYPE R42_SOUT_SOURCE18_ADAU145XSCHEMATIC_0_Data[R42_SOUT_SOURCE18_SIZE_ADAU145XSCHEMATIC_0] = {
0x00, 0x02, 
};

/* Register Default - SOUT_SOURCE19 */
#define R43_SOUT_SOURCE19_SIZE_ADAU145XSCHEMATIC_0 2
#define R43_SOUT_SOURCE19_ADDR_ADAU145XSCHEMATIC_0 61843
ADI_REG_TYPE R43_SOUT_SOURCE19_ADAU145XSCHEMATIC_0_Data[R43_SOUT_SOURCE19_SIZE_ADAU145XSCHEMATIC_0] = {
0x00, 0x02, 
};

/* Register Default - SOUT_SOURCE20 */
#define R44_SOUT_SOURCE20_SIZE_ADAU145XSCHEMATIC_0 2
#define R44_SOUT_SOURCE20_ADDR_ADAU145XSCHEMATIC_0 61844
ADI_REG_TYPE R44_SOUT_SOURCE20_ADAU145XSCHEMATIC_0_Data[R44_SOUT_SOURCE20_SIZE_ADAU145XSCHEMATIC_0] = {
0x00, 0x02, 
};

/* Register Default - SOUT_SOURCE21 */
#define R45_SOUT_SOURCE21_SIZE_ADAU145XSCHEMATIC_0 2
#define R45_SOUT_SOURCE21_ADDR_ADAU145XSCHEMATIC_0 61845
ADI_REG_TYPE R45_SOUT_SOURCE21_ADAU145XSCHEMATIC_0_Data[R45_SOUT_SOURCE21_SIZE_ADAU145XSCHEMATIC_0] = {
0x00, 0x02, 
};

/* Register Default - SOUT_SOURCE22 */
#define R46_SOUT_SOURCE22_SIZE_ADAU145XSCHEMATIC_0 2
#define R46_SOUT_SOURCE22_ADDR_ADAU145XSCHEMATIC_0 61846
ADI_REG_TYPE R46_SOUT_SOURCE22_ADAU145XSCHEMATIC_0_Data[R46_SOUT_SOURCE22_SIZE_ADAU145XSCHEMATIC_0] = {
0x00, 0x02, 
};

/* Register Default - SOUT_SOURCE23 */
#define R47_SOUT_SOURCE23_SIZE_ADAU145XSCHEMATIC_0 2
#define R47_SOUT_SOURCE23_ADDR_ADAU145XSCHEMATIC_0 61847
ADI_REG_TYPE R47_SOUT_SOURCE23_ADAU145XSCHEMATIC_0_Data[R47_SOUT_SOURCE23_SIZE_ADAU145XSCHEMATIC_0] = {
0x00, 0x02, 
};

/* Register Default - SPDIFTX_INPUT */
#define R48_SPDIFTX_INPUT_SIZE_ADAU145XSCHEMATIC_0 2
#define R48_SPDIFTX_INPUT_ADDR_ADAU145XSCHEMATIC_0 61888
ADI_REG_TYPE R48_SPDIFTX_INPUT_ADAU145XSCHEMATIC_0_Data[R48_SPDIFTX_INPUT_SIZE_ADAU145XSCHEMATIC_0] = {
0x00, 0x01, 
};

/* Register Default - SERIAL_BYTE_0_0 */
#define R49_SERIAL_BYTE_0_0_SIZE_ADAU145XSCHEMATIC_0 2
#define R49_SERIAL_BYTE_0_0_ADDR_ADAU145XSCHEMATIC_0 61952
ADI_REG_TYPE R49_SERIAL_BYTE_0_0_ADAU145XSCHEMATIC_0_Data[R49_SERIAL_BYTE_0_0_SIZE_ADAU145XSCHEMATIC_0] = {
0x93, 0xCA, 
};

/* Register Default - SERIAL_BYTE_1_0 */
#define R50_SERIAL_BYTE_1_0_SIZE_ADAU145XSCHEMATIC_0 2
#define R50_SERIAL_BYTE_1_0_ADDR_ADAU145XSCHEMATIC_0 61956
ADI_REG_TYPE R50_SERIAL_BYTE_1_0_ADAU145XSCHEMATIC_0_Data[R50_SERIAL_BYTE_1_0_SIZE_ADAU145XSCHEMATIC_0] = {
0x26, 0x0A, 
};

/* Register Default - SERIAL_BYTE_2_0 */
#define R51_SERIAL_BYTE_2_0_SIZE_ADAU145XSCHEMATIC_0 2
#define R51_SERIAL_BYTE_2_0_ADDR_ADAU145XSCHEMATIC_0 61960
ADI_REG_TYPE R51_SERIAL_BYTE_2_0_ADAU145XSCHEMATIC_0_Data[R51_SERIAL_BYTE_2_0_SIZE_ADAU145XSCHEMATIC_0] = {
0x93, 0xCA, 
};

/* Register Default - SERIAL_BYTE_3_0 */
#define R52_SERIAL_BYTE_3_0_SIZE_ADAU145XSCHEMATIC_0 2
#define R52_SERIAL_BYTE_3_0_ADDR_ADAU145XSCHEMATIC_0 61964
ADI_REG_TYPE R52_SERIAL_BYTE_3_0_ADAU145XSCHEMATIC_0_Data[R52_SERIAL_BYTE_3_0_SIZE_ADAU145XSCHEMATIC_0] = {
0x6F, 0x80, 
};

/* Register Default - SERIAL_BYTE_4_0 */
#define R53_SERIAL_BYTE_4_0_SIZE_ADAU145XSCHEMATIC_0 2
#define R53_SERIAL_BYTE_4_0_ADDR_ADAU145XSCHEMATIC_0 61968
ADI_REG_TYPE R53_SERIAL_BYTE_4_0_ADAU145XSCHEMATIC_0_Data[R53_SERIAL_BYTE_4_0_SIZE_ADAU145XSCHEMATIC_0] = {
0x93, 0xCA, 
};

/* Register Default - SERIAL_BYTE_5_0 */
#define R54_SERIAL_BYTE_5_0_SIZE_ADAU145XSCHEMATIC_0 2
#define R54_SERIAL_BYTE_5_0_ADDR_ADAU145XSCHEMATIC_0 61972
ADI_REG_TYPE R54_SERIAL_BYTE_5_0_ADAU145XSCHEMATIC_0_Data[R54_SERIAL_BYTE_5_0_SIZE_ADAU145XSCHEMATIC_0] = {
0x26, 0x0A, 
};

/* Register Default - SERIAL_BYTE_6_0 */
#define R55_SERIAL_BYTE_6_0_SIZE_ADAU145XSCHEMATIC_0 2
#define R55_SERIAL_BYTE_6_0_ADDR_ADAU145XSCHEMATIC_0 61976
ADI_REG_TYPE R55_SERIAL_BYTE_6_0_ADAU145XSCHEMATIC_0_Data[R55_SERIAL_BYTE_6_0_SIZE_ADAU145XSCHEMATIC_0] = {
0x90, 0x00, 
};

/* Register Default - SERIAL_BYTE_7_0 */
#define R56_SERIAL_BYTE_7_0_SIZE_ADAU145XSCHEMATIC_0 2
#define R56_SERIAL_BYTE_7_0_ADDR_ADAU145XSCHEMATIC_0 61980
ADI_REG_TYPE R56_SERIAL_BYTE_7_0_ADAU145XSCHEMATIC_0_Data[R56_SERIAL_BYTE_7_0_SIZE_ADAU145XSCHEMATIC_0] = {
0x90, 0x00, 
};

/* Register Default - SPDIF_RX_CTRL */
#define R57_SPDIF_RX_CTRL_SIZE_ADAU145XSCHEMATIC_0 2
#define R57_SPDIF_RX_CTRL_ADDR_ADAU145XSCHEMATIC_0 62977
ADI_REG_TYPE R57_SPDIF_RX_CTRL_ADAU145XSCHEMATIC_0_Data[R57_SPDIF_RX_CTRL_SIZE_ADAU145XSCHEMATIC_0] = {
0x00, 0x03, 
};

/* Register Default - SPDIF_RESTART */
#define R58_SPDIF_RESTART_SIZE_ADAU145XSCHEMATIC_0 2
#define R58_SPDIF_RESTART_ADDR_ADAU145XSCHEMATIC_0 62980
ADI_REG_TYPE R58_SPDIF_RESTART_ADAU145XSCHEMATIC_0_Data[R58_SPDIF_RESTART_SIZE_ADAU145XSCHEMATIC_0] = {
0x00, 0x01, 
};

/* Register Default - SPDIF_TX_EN */
#define R59_SPDIF_TX_EN_SIZE_ADAU145XSCHEMATIC_0 2
#define R59_SPDIF_TX_EN_ADDR_ADAU145XSCHEMATIC_0 63120
ADI_REG_TYPE R59_SPDIF_TX_EN_ADAU145XSCHEMATIC_0_Data[R59_SPDIF_TX_EN_SIZE_ADAU145XSCHEMATIC_0] = {
0x00, 0x01, 
};

/* Register Default - KILL_CORE */
#define R63_KILL_CORE_SIZE_ADAU145XSCHEMATIC_0 2
#define R63_KILL_CORE_ADDR_ADAU145XSCHEMATIC_0 62467
ADI_REG_TYPE R63_KILL_CORE_ADAU145XSCHEMATIC_0_Data[R63_KILL_CORE_SIZE_ADAU145XSCHEMATIC_0] = {
0x00, 0x00, 
};

/* Register Default - START_ADDRESS */
#define R64_START_ADDRESS_SIZE_ADAU145XSCHEMATIC_0 2
#define R64_START_ADDRESS_ADDR_ADAU145XSCHEMATIC_0 62468
ADI_REG_TYPE R64_START_ADDRESS_ADAU145XSCHEMATIC_0_Data[R64_START_ADDRESS_SIZE_ADAU145XSCHEMATIC_0] = {
0x00, 0x00, 
};

/* Register Default - START_PULSE */
#define R65_START_PULSE_SIZE_ADAU145XSCHEMATIC_0 2
#define R65_START_PULSE_ADDR_ADAU145XSCHEMATIC_0 62465
ADI_REG_TYPE R65_START_PULSE_ADAU145XSCHEMATIC_0_Data[R65_START_PULSE_SIZE_ADAU145XSCHEMATIC_0] = {
0x00, 0x02, 
};

/* Register Default - START_CORE */
#define R66_START_CORE_SIZE_ADAU145XSCHEMATIC_0 2
#define R66_START_CORE_ADDR_ADAU145XSCHEMATIC_0 62466
ADI_REG_TYPE R66_START_CORE_ADAU145XSCHEMATIC_0_Data[R66_START_CORE_SIZE_ADAU145XSCHEMATIC_0] = {
0x00, 0x00, 
};

/* Register Default - START_CORE */
#define R67_START_CORE_SIZE_ADAU145XSCHEMATIC_0 2
#define R67_START_CORE_ADDR_ADAU145XSCHEMATIC_0 62466
ADI_REG_TYPE R67_START_CORE_ADAU145XSCHEMATIC_0_Data[R67_START_CORE_SIZE_ADAU145XSCHEMATIC_0] = {
0x00, 0x01, 
};

/* Register Default - Start Delay */
#define R68_START_DELAY_SIZE_ADAU145XSCHEMATIC_0 2
#define R68_START_DELAY_ADDR_ADAU145XSCHEMATIC_0 0
ADI_REG_TYPE R68_START_DELAY_ADAU145XSCHEMATIC_0_Data[R68_START_DELAY_SIZE_ADAU145XSCHEMATIC_0] = {
0x00, 0x01, 
};

/* Register Default - HIBERNATE */
#define R69_HIBERNATE_SIZE_ADAU145XSCHEMATIC_0 2
#define R69_HIBERNATE_ADDR_ADAU145XSCHEMATIC_0 62464
ADI_REG_TYPE R69_HIBERNATE_ADAU145XSCHEMATIC_0_Data[R69_HIBERNATE_SIZE_ADAU145XSCHEMATIC_0] = {
0x00, 0x00, 
};

/* Default Download */
#define DEFAULT_DOWNLOAD_SIZE_ADAU145XSCHEMATIC_0 70

void default_download_ADAU145XSCHEMATIC_0()
{
	SIGMA_WRITE_REGISTER_BLOCK(DEVICE_ADDR_ADAU145XSCHEMATIC_0, R0_SOFT_RESET_ADDR_ADAU145XSCHEMATIC_0 , R0_SOFT_RESET_SIZE_ADAU145XSCHEMATIC_0 , R0_SOFT_RESET_ADAU145XSCHEMATIC_0_Data);
	SIGMA_WRITE_REGISTER_BLOCK(DEVICE_ADDR_ADAU145XSCHEMATIC_0, R1_SOFT_RESET_ADDR_ADAU145XSCHEMATIC_0 , R1_SOFT_RESET_SIZE_ADAU145XSCHEMATIC_0 , R1_SOFT_RESET_ADAU145XSCHEMATIC_0_Data);
	SIGMA_WRITE_DELAY(DEVICE_ADDR_ADAU145XSCHEMATIC_0, R2_RESET_DELAY_ADDR_ADAU145XSCHEMATIC_0 , R2_RESET_DELAY_SIZE_ADAU145XSCHEMATIC_0 , R2_RESET_DELAY_ADAU145XSCHEMATIC_0_Data);
	SIGMA_WRITE_REGISTER_BLOCK(DEVICE_ADDR_ADAU145XSCHEMATIC_0, R3_HIBERNATE_ADDR_ADAU145XSCHEMATIC_0 , R3_HIBERNATE_SIZE_ADAU145XSCHEMATIC_0 , R3_HIBERNATE_ADAU145XSCHEMATIC_0_Data);
	SIGMA_WRITE_REGISTER_BLOCK(DEVICE_ADDR_ADAU145XSCHEMATIC_0, R4_HIBERNATE_ADDR_ADAU145XSCHEMATIC_0 , R4_HIBERNATE_SIZE_ADAU145XSCHEMATIC_0 , R4_HIBERNATE_ADAU145XSCHEMATIC_0_Data);
	SIGMA_WRITE_DELAY(DEVICE_ADDR_ADAU145XSCHEMATIC_0, R5_HIBERNATE_DELAY_ADDR_ADAU145XSCHEMATIC_0 , R5_HIBERNATE_DELAY_SIZE_ADAU145XSCHEMATIC_0 , R5_HIBERNATE_DELAY_ADAU145XSCHEMATIC_0_Data);
	SIGMA_WRITE_REGISTER_BLOCK(DEVICE_ADDR_ADAU145XSCHEMATIC_0, R6_KILL_CORE_ADDR_ADAU145XSCHEMATIC_0 , R6_KILL_CORE_SIZE_ADAU145XSCHEMATIC_0 , R6_KILL_CORE_ADAU145XSCHEMATIC_0_Data);
	SIGMA_WRITE_REGISTER_BLOCK(DEVICE_ADDR_ADAU145XSCHEMATIC_0, R7_KILL_CORE_ADDR_ADAU145XSCHEMATIC_0 , R7_KILL_CORE_SIZE_ADAU145XSCHEMATIC_0 , R7_KILL_CORE_ADAU145XSCHEMATIC_0_Data);
	SIGMA_WRITE_REGISTER_BLOCK(DEVICE_ADDR_ADAU145XSCHEMATIC_0, R8_PLL_ENABLE_ADDR_ADAU145XSCHEMATIC_0 , R8_PLL_ENABLE_SIZE_ADAU145XSCHEMATIC_0 , R8_PLL_ENABLE_ADAU145XSCHEMATIC_0_Data);
	SIGMA_WRITE_REGISTER_BLOCK(DEVICE_ADDR_ADAU145XSCHEMATIC_0, R9_PLL_CTRL0_REGISTER_ADDR_ADAU145XSCHEMATIC_0 , R9_PLL_CTRL0_REGISTER_SIZE_ADAU145XSCHEMATIC_0 , R9_PLL_CTRL0_REGISTER_ADAU145XSCHEMATIC_0_Data);
	SIGMA_WRITE_REGISTER_BLOCK(DEVICE_ADDR_ADAU145XSCHEMATIC_0, R10_PLL_CTRL1_REGISTER_ADDR_ADAU145XSCHEMATIC_0 , R10_PLL_CTRL1_REGISTER_SIZE_ADAU145XSCHEMATIC_0 , R10_PLL_CTRL1_REGISTER_ADAU145XSCHEMATIC_0_Data);
	SIGMA_WRITE_REGISTER_BLOCK(DEVICE_ADDR_ADAU145XSCHEMATIC_0, R11_PLL_CLK_SRC_REGISTER_ADDR_ADAU145XSCHEMATIC_0 , R11_PLL_CLK_SRC_REGISTER_SIZE_ADAU145XSCHEMATIC_0 , R11_PLL_CLK_SRC_REGISTER_ADAU145XSCHEMATIC_0_Data);
	SIGMA_WRITE_REGISTER_BLOCK(DEVICE_ADDR_ADAU145XSCHEMATIC_0, R12_MCLK_OUT_REGISTER_ADDR_ADAU145XSCHEMATIC_0 , R12_MCLK_OUT_REGISTER_SIZE_ADAU145XSCHEMATIC_0 , R12_MCLK_OUT_REGISTER_ADAU145XSCHEMATIC_0_Data);
	SIGMA_WRITE_REGISTER_BLOCK(DEVICE_ADDR_ADAU145XSCHEMATIC_0, R13_PLL_ENABLE_REGISTER_ADDR_ADAU145XSCHEMATIC_0 , R13_PLL_ENABLE_REGISTER_SIZE_ADAU145XSCHEMATIC_0 , R13_PLL_ENABLE_REGISTER_ADAU145XSCHEMATIC_0_Data);
	SIGMA_WRITE_DELAY(DEVICE_ADDR_ADAU145XSCHEMATIC_0, R14_PLL_LOCK_DELAY_ADDR_ADAU145XSCHEMATIC_0 , R14_PLL_LOCK_DELAY_SIZE_ADAU145XSCHEMATIC_0 , R14_PLL_LOCK_DELAY_ADAU145XSCHEMATIC_0_Data);
	SIGMA_WRITE_REGISTER_BLOCK(DEVICE_ADDR_ADAU145XSCHEMATIC_0, R15_POWER_ENABLE0_REGISTER_ADDR_ADAU145XSCHEMATIC_0 , R15_POWER_ENABLE0_REGISTER_SIZE_ADAU145XSCHEMATIC_0 , R15_POWER_ENABLE0_REGISTER_ADAU145XSCHEMATIC_0_Data);
	SIGMA_WRITE_REGISTER_BLOCK(DEVICE_ADDR_ADAU145XSCHEMATIC_0, R16_POWER_ENABLE1_REGISTER_ADDR_ADAU145XSCHEMATIC_0 , R16_POWER_ENABLE1_REGISTER_SIZE_ADAU145XSCHEMATIC_0 , R16_POWER_ENABLE1_REGISTER_ADAU145XSCHEMATIC_0_Data);
	SIGMA_WRITE_REGISTER_BLOCK(DEVICE_ADDR_ADAU145XSCHEMATIC_0, R17_MP0_MODE_ADDR_ADAU145XSCHEMATIC_0 , R17_MP0_MODE_SIZE_ADAU145XSCHEMATIC_0 , R17_MP0_MODE_ADAU145XSCHEMATIC_0_Data);
	SIGMA_WRITE_REGISTER_BLOCK(DEVICE_ADDR_ADAU145XSCHEMATIC_0, R18_SCLK_SCL_M_PIN_ADDR_ADAU145XSCHEMATIC_0 , R18_SCLK_SCL_M_PIN_SIZE_ADAU145XSCHEMATIC_0 , R18_SCLK_SCL_M_PIN_ADAU145XSCHEMATIC_0_Data);
	SIGMA_WRITE_REGISTER_BLOCK(DEVICE_ADDR_ADAU145XSCHEMATIC_0, R19_MISO_SDA_M_PIN_ADDR_ADAU145XSCHEMATIC_0 , R19_MISO_SDA_M_PIN_SIZE_ADAU145XSCHEMATIC_0 , R19_MISO_SDA_M_PIN_ADAU145XSCHEMATIC_0_Data);
	SIGMA_WRITE_REGISTER_BLOCK(DEVICE_ADDR_ADAU145XSCHEMATIC_0, R20_SS_M_PIN_ADDR_ADAU145XSCHEMATIC_0 , R20_SS_M_PIN_SIZE_ADAU145XSCHEMATIC_0 , R20_SS_M_PIN_ADAU145XSCHEMATIC_0_Data);
	SIGMA_WRITE_REGISTER_BLOCK(DEVICE_ADDR_ADAU145XSCHEMATIC_0, R21_MOSI_M_PIN_ADDR_ADAU145XSCHEMATIC_0 , R21_MOSI_M_PIN_SIZE_ADAU145XSCHEMATIC_0 , R21_MOSI_M_PIN_ADAU145XSCHEMATIC_0_Data);
	SIGMA_WRITE_REGISTER_BLOCK(DEVICE_ADDR_ADAU145XSCHEMATIC_0, R22_ASRC_INPUT0_ADDR_ADAU145XSCHEMATIC_0 , R22_ASRC_INPUT0_SIZE_ADAU145XSCHEMATIC_0 , R22_ASRC_INPUT0_ADAU145XSCHEMATIC_0_Data);
	SIGMA_WRITE_REGISTER_BLOCK(DEVICE_ADDR_ADAU145XSCHEMATIC_0, R23_ASRC_OUT_RATE0_ADDR_ADAU145XSCHEMATIC_0 , R23_ASRC_OUT_RATE0_SIZE_ADAU145XSCHEMATIC_0 , R23_ASRC_OUT_RATE0_ADAU145XSCHEMATIC_0_Data);
	SIGMA_WRITE_REGISTER_BLOCK(DEVICE_ADDR_ADAU145XSCHEMATIC_0, R24_SOUT_SOURCE0_ADDR_ADAU145XSCHEMATIC_0 , R24_SOUT_SOURCE0_SIZE_ADAU145XSCHEMATIC_0 , R24_SOUT_SOURCE0_ADAU145XSCHEMATIC_0_Data);
	SIGMA_WRITE_REGISTER_BLOCK(DEVICE_ADDR_ADAU145XSCHEMATIC_0, R25_SOUT_SOURCE1_ADDR_ADAU145XSCHEMATIC_0 , R25_SOUT_SOURCE1_SIZE_ADAU145XSCHEMATIC_0 , R25_SOUT_SOURCE1_ADAU145XSCHEMATIC_0_Data);
	SIGMA_WRITE_REGISTER_BLOCK(DEVICE_ADDR_ADAU145XSCHEMATIC_0, R26_SOUT_SOURCE2_ADDR_ADAU145XSCHEMATIC_0 , R26_SOUT_SOURCE2_SIZE_ADAU145XSCHEMATIC_0 , R26_SOUT_SOURCE2_ADAU145XSCHEMATIC_0_Data);
	SIGMA_WRITE_REGISTER_BLOCK(DEVICE_ADDR_ADAU145XSCHEMATIC_0, R27_SOUT_SOURCE3_ADDR_ADAU145XSCHEMATIC_0 , R27_SOUT_SOURCE3_SIZE_ADAU145XSCHEMATIC_0 , R27_SOUT_SOURCE3_ADAU145XSCHEMATIC_0_Data);
	SIGMA_WRITE_REGISTER_BLOCK(DEVICE_ADDR_ADAU145XSCHEMATIC_0, R28_SOUT_SOURCE4_ADDR_ADAU145XSCHEMATIC_0 , R28_SOUT_SOURCE4_SIZE_ADAU145XSCHEMATIC_0 , R28_SOUT_SOURCE4_ADAU145XSCHEMATIC_0_Data);
	SIGMA_WRITE_REGISTER_BLOCK(DEVICE_ADDR_ADAU145XSCHEMATIC_0, R29_SOUT_SOURCE5_ADDR_ADAU145XSCHEMATIC_0 , R29_SOUT_SOURCE5_SIZE_ADAU145XSCHEMATIC_0 , R29_SOUT_SOURCE5_ADAU145XSCHEMATIC_0_Data);
	SIGMA_WRITE_REGISTER_BLOCK(DEVICE_ADDR_ADAU145XSCHEMATIC_0, R30_SOUT_SOURCE6_ADDR_ADAU145XSCHEMATIC_0 , R30_SOUT_SOURCE6_SIZE_ADAU145XSCHEMATIC_0 , R30_SOUT_SOURCE6_ADAU145XSCHEMATIC_0_Data);
	SIGMA_WRITE_REGISTER_BLOCK(DEVICE_ADDR_ADAU145XSCHEMATIC_0, R31_SOUT_SOURCE7_ADDR_ADAU145XSCHEMATIC_0 , R31_SOUT_SOURCE7_SIZE_ADAU145XSCHEMATIC_0 , R31_SOUT_SOURCE7_ADAU145XSCHEMATIC_0_Data);
	SIGMA_WRITE_REGISTER_BLOCK(DEVICE_ADDR_ADAU145XSCHEMATIC_0, R32_SOUT_SOURCE8_ADDR_ADAU145XSCHEMATIC_0 , R32_SOUT_SOURCE8_SIZE_ADAU145XSCHEMATIC_0 , R32_SOUT_SOURCE8_ADAU145XSCHEMATIC_0_Data);
	SIGMA_WRITE_REGISTER_BLOCK(DEVICE_ADDR_ADAU145XSCHEMATIC_0, R33_SOUT_SOURCE9_ADDR_ADAU145XSCHEMATIC_0 , R33_SOUT_SOURCE9_SIZE_ADAU145XSCHEMATIC_0 , R33_SOUT_SOURCE9_ADAU145XSCHEMATIC_0_Data);
	SIGMA_WRITE_REGISTER_BLOCK(DEVICE_ADDR_ADAU145XSCHEMATIC_0, R34_SOUT_SOURCE10_ADDR_ADAU145XSCHEMATIC_0 , R34_SOUT_SOURCE10_SIZE_ADAU145XSCHEMATIC_0 , R34_SOUT_SOURCE10_ADAU145XSCHEMATIC_0_Data);
	SIGMA_WRITE_REGISTER_BLOCK(DEVICE_ADDR_ADAU145XSCHEMATIC_0, R35_SOUT_SOURCE11_ADDR_ADAU145XSCHEMATIC_0 , R35_SOUT_SOURCE11_SIZE_ADAU145XSCHEMATIC_0 , R35_SOUT_SOURCE11_ADAU145XSCHEMATIC_0_Data);
	SIGMA_WRITE_REGISTER_BLOCK(DEVICE_ADDR_ADAU145XSCHEMATIC_0, R36_SOUT_SOURCE12_ADDR_ADAU145XSCHEMATIC_0 , R36_SOUT_SOURCE12_SIZE_ADAU145XSCHEMATIC_0 , R36_SOUT_SOURCE12_ADAU145XSCHEMATIC_0_Data);
	SIGMA_WRITE_REGISTER_BLOCK(DEVICE_ADDR_ADAU145XSCHEMATIC_0, R37_SOUT_SOURCE13_ADDR_ADAU145XSCHEMATIC_0 , R37_SOUT_SOURCE13_SIZE_ADAU145XSCHEMATIC_0 , R37_SOUT_SOURCE13_ADAU145XSCHEMATIC_0_Data);
	SIGMA_WRITE_REGISTER_BLOCK(DEVICE_ADDR_ADAU145XSCHEMATIC_0, R38_SOUT_SOURCE14_ADDR_ADAU145XSCHEMATIC_0 , R38_SOUT_SOURCE14_SIZE_ADAU145XSCHEMATIC_0 , R38_SOUT_SOURCE14_ADAU145XSCHEMATIC_0_Data);
	SIGMA_WRITE_REGISTER_BLOCK(DEVICE_ADDR_ADAU145XSCHEMATIC_0, R39_SOUT_SOURCE15_ADDR_ADAU145XSCHEMATIC_0 , R39_SOUT_SOURCE15_SIZE_ADAU145XSCHEMATIC_0 , R39_SOUT_SOURCE15_ADAU145XSCHEMATIC_0_Data);
	SIGMA_WRITE_REGISTER_BLOCK(DEVICE_ADDR_ADAU145XSCHEMATIC_0, R40_SOUT_SOURCE16_ADDR_ADAU145XSCHEMATIC_0 , R40_SOUT_SOURCE16_SIZE_ADAU145XSCHEMATIC_0 , R40_SOUT_SOURCE16_ADAU145XSCHEMATIC_0_Data);
	SIGMA_WRITE_REGISTER_BLOCK(DEVICE_ADDR_ADAU145XSCHEMATIC_0, R41_SOUT_SOURCE17_ADDR_ADAU145XSCHEMATIC_0 , R41_SOUT_SOURCE17_SIZE_ADAU145XSCHEMATIC_0 , R41_SOUT_SOURCE17_ADAU145XSCHEMATIC_0_Data);
	SIGMA_WRITE_REGISTER_BLOCK(DEVICE_ADDR_ADAU145XSCHEMATIC_0, R42_SOUT_SOURCE18_ADDR_ADAU145XSCHEMATIC_0 , R42_SOUT_SOURCE18_SIZE_ADAU145XSCHEMATIC_0 , R42_SOUT_SOURCE18_ADAU145XSCHEMATIC_0_Data);
	SIGMA_WRITE_REGISTER_BLOCK(DEVICE_ADDR_ADAU145XSCHEMATIC_0, R43_SOUT_SOURCE19_ADDR_ADAU145XSCHEMATIC_0 , R43_SOUT_SOURCE19_SIZE_ADAU145XSCHEMATIC_0 , R43_SOUT_SOURCE19_ADAU145XSCHEMATIC_0_Data);
	SIGMA_WRITE_REGISTER_BLOCK(DEVICE_ADDR_ADAU145XSCHEMATIC_0, R44_SOUT_SOURCE20_ADDR_ADAU145XSCHEMATIC_0 , R44_SOUT_SOURCE20_SIZE_ADAU145XSCHEMATIC_0 , R44_SOUT_SOURCE20_ADAU145XSCHEMATIC_0_Data);
	SIGMA_WRITE_REGISTER_BLOCK(DEVICE_ADDR_ADAU145XSCHEMATIC_0, R45_SOUT_SOURCE21_ADDR_ADAU145XSCHEMATIC_0 , R45_SOUT_SOURCE21_SIZE_ADAU145XSCHEMATIC_0 , R45_SOUT_SOURCE21_ADAU145XSCHEMATIC_0_Data);
	SIGMA_WRITE_REGISTER_BLOCK(DEVICE_ADDR_ADAU145XSCHEMATIC_0, R46_SOUT_SOURCE22_ADDR_ADAU145XSCHEMATIC_0 , R46_SOUT_SOURCE22_SIZE_ADAU145XSCHEMATIC_0 , R46_SOUT_SOURCE22_ADAU145XSCHEMATIC_0_Data);
	SIGMA_WRITE_REGISTER_BLOCK(DEVICE_ADDR_ADAU145XSCHEMATIC_0, R47_SOUT_SOURCE23_ADDR_ADAU145XSCHEMATIC_0 , R47_SOUT_SOURCE23_SIZE_ADAU145XSCHEMATIC_0 , R47_SOUT_SOURCE23_ADAU145XSCHEMATIC_0_Data);
	SIGMA_WRITE_REGISTER_BLOCK(DEVICE_ADDR_ADAU145XSCHEMATIC_0, R48_SPDIFTX_INPUT_ADDR_ADAU145XSCHEMATIC_0 , R48_SPDIFTX_INPUT_SIZE_ADAU145XSCHEMATIC_0 , R48_SPDIFTX_INPUT_ADAU145XSCHEMATIC_0_Data);
	SIGMA_WRITE_REGISTER_BLOCK(DEVICE_ADDR_ADAU145XSCHEMATIC_0, R49_SERIAL_BYTE_0_0_ADDR_ADAU145XSCHEMATIC_0 , R49_SERIAL_BYTE_0_0_SIZE_ADAU145XSCHEMATIC_0 , R49_SERIAL_BYTE_0_0_ADAU145XSCHEMATIC_0_Data);
	SIGMA_WRITE_REGISTER_BLOCK(DEVICE_ADDR_ADAU145XSCHEMATIC_0, R50_SERIAL_BYTE_1_0_ADDR_ADAU145XSCHEMATIC_0 , R50_SERIAL_BYTE_1_0_SIZE_ADAU145XSCHEMATIC_0 , R50_SERIAL_BYTE_1_0_ADAU145XSCHEMATIC_0_Data);
	SIGMA_WRITE_REGISTER_BLOCK(DEVICE_ADDR_ADAU145XSCHEMATIC_0, R51_SERIAL_BYTE_2_0_ADDR_ADAU145XSCHEMATIC_0 , R51_SERIAL_BYTE_2_0_SIZE_ADAU145XSCHEMATIC_0 , R51_SERIAL_BYTE_2_0_ADAU145XSCHEMATIC_0_Data);
	SIGMA_WRITE_REGISTER_BLOCK(DEVICE_ADDR_ADAU145XSCHEMATIC_0, R52_SERIAL_BYTE_3_0_ADDR_ADAU145XSCHEMATIC_0 , R52_SERIAL_BYTE_3_0_SIZE_ADAU145XSCHEMATIC_0 , R52_SERIAL_BYTE_3_0_ADAU145XSCHEMATIC_0_Data);
	SIGMA_WRITE_REGISTER_BLOCK(DEVICE_ADDR_ADAU145XSCHEMATIC_0, R53_SERIAL_BYTE_4_0_ADDR_ADAU145XSCHEMATIC_0 , R53_SERIAL_BYTE_4_0_SIZE_ADAU145XSCHEMATIC_0 , R53_SERIAL_BYTE_4_0_ADAU145XSCHEMATIC_0_Data);
	SIGMA_WRITE_REGISTER_BLOCK(DEVICE_ADDR_ADAU145XSCHEMATIC_0, R54_SERIAL_BYTE_5_0_ADDR_ADAU145XSCHEMATIC_0 , R54_SERIAL_BYTE_5_0_SIZE_ADAU145XSCHEMATIC_0 , R54_SERIAL_BYTE_5_0_ADAU145XSCHEMATIC_0_Data);
	SIGMA_WRITE_REGISTER_BLOCK(DEVICE_ADDR_ADAU145XSCHEMATIC_0, R55_SERIAL_BYTE_6_0_ADDR_ADAU145XSCHEMATIC_0 , R55_SERIAL_BYTE_6_0_SIZE_ADAU145XSCHEMATIC_0 , R55_SERIAL_BYTE_6_0_ADAU145XSCHEMATIC_0_Data);
	SIGMA_WRITE_REGISTER_BLOCK(DEVICE_ADDR_ADAU145XSCHEMATIC_0, R56_SERIAL_BYTE_7_0_ADDR_ADAU145XSCHEMATIC_0 , R56_SERIAL_BYTE_7_0_SIZE_ADAU145XSCHEMATIC_0 , R56_SERIAL_BYTE_7_0_ADAU145XSCHEMATIC_0_Data);
	SIGMA_WRITE_REGISTER_BLOCK(DEVICE_ADDR_ADAU145XSCHEMATIC_0, R57_SPDIF_RX_CTRL_ADDR_ADAU145XSCHEMATIC_0 , R57_SPDIF_RX_CTRL_SIZE_ADAU145XSCHEMATIC_0 , R57_SPDIF_RX_CTRL_ADAU145XSCHEMATIC_0_Data);
	SIGMA_WRITE_REGISTER_BLOCK(DEVICE_ADDR_ADAU145XSCHEMATIC_0, R58_SPDIF_RESTART_ADDR_ADAU145XSCHEMATIC_0 , R58_SPDIF_RESTART_SIZE_ADAU145XSCHEMATIC_0 , R58_SPDIF_RESTART_ADAU145XSCHEMATIC_0_Data);
	SIGMA_WRITE_REGISTER_BLOCK(DEVICE_ADDR_ADAU145XSCHEMATIC_0, R59_SPDIF_TX_EN_ADDR_ADAU145XSCHEMATIC_0 , R59_SPDIF_TX_EN_SIZE_ADAU145XSCHEMATIC_0 , R59_SPDIF_TX_EN_ADAU145XSCHEMATIC_0_Data);
	SIGMA_WRITE_REGISTER_BLOCK(DEVICE_ADDR_ADAU145XSCHEMATIC_0, PROGRAM_DATA_ADDR_ADAU145XSCHEMATIC_0 , PROGRAM_DATA_SIZE_ADAU145XSCHEMATIC_0 , PROGRAM_DATA_ADAU145XSCHEMATIC_0_Data);
	SIGMA_WRITE_REGISTER_BLOCK(DEVICE_ADDR_ADAU145XSCHEMATIC_0, DM0_DATA_ADDR_ADAU145XSCHEMATIC_0 , DM0_DATA_SIZE_ADAU145XSCHEMATIC_0 , DM0_DATA_ADAU145XSCHEMATIC_0_Data);
	SIGMA_WRITE_REGISTER_BLOCK(DEVICE_ADDR_ADAU145XSCHEMATIC_0, DM1_DATA_ADDR_ADAU145XSCHEMATIC_0 , DM1_DATA_SIZE_ADAU145XSCHEMATIC_0 , DM1_DATA_ADAU145XSCHEMATIC_0_Data);
	SIGMA_WRITE_REGISTER_BLOCK(DEVICE_ADDR_ADAU145XSCHEMATIC_0, R63_KILL_CORE_ADDR_ADAU145XSCHEMATIC_0 , R63_KILL_CORE_SIZE_ADAU145XSCHEMATIC_0 , R63_KILL_CORE_ADAU145XSCHEMATIC_0_Data);
	SIGMA_WRITE_REGISTER_BLOCK(DEVICE_ADDR_ADAU145XSCHEMATIC_0, R64_START_ADDRESS_ADDR_ADAU145XSCHEMATIC_0 , R64_START_ADDRESS_SIZE_ADAU145XSCHEMATIC_0 , R64_START_ADDRESS_ADAU145XSCHEMATIC_0_Data);
	SIGMA_WRITE_REGISTER_BLOCK(DEVICE_ADDR_ADAU145XSCHEMATIC_0, R65_START_PULSE_ADDR_ADAU145XSCHEMATIC_0 , R65_START_PULSE_SIZE_ADAU145XSCHEMATIC_0 , R65_START_PULSE_ADAU145XSCHEMATIC_0_Data);
	SIGMA_WRITE_REGISTER_BLOCK(DEVICE_ADDR_ADAU145XSCHEMATIC_0, R66_START_CORE_ADDR_ADAU145XSCHEMATIC_0 , R66_START_CORE_SIZE_ADAU145XSCHEMATIC_0 , R66_START_CORE_ADAU145XSCHEMATIC_0_Data);
	SIGMA_WRITE_REGISTER_BLOCK(DEVICE_ADDR_ADAU145XSCHEMATIC_0, R67_START_CORE_ADDR_ADAU145XSCHEMATIC_0 , R67_START_CORE_SIZE_ADAU145XSCHEMATIC_0 , R67_START_CORE_ADAU145XSCHEMATIC_0_Data);
	SIGMA_WRITE_DELAY(DEVICE_ADDR_ADAU145XSCHEMATIC_0, R68_START_DELAY_ADDR_ADAU145XSCHEMATIC_0 , R68_START_DELAY_SIZE_ADAU145XSCHEMATIC_0 , R68_START_DELAY_ADAU145XSCHEMATIC_0_Data);
	SIGMA_WRITE_REGISTER_BLOCK(DEVICE_ADDR_ADAU145XSCHEMATIC_0, R69_HIBERNATE_ADDR_ADAU145XSCHEMATIC_0 , R69_HIBERNATE_SIZE_ADAU145XSCHEMATIC_0 , R69_HIBERNATE_ADAU145XSCHEMATIC_0_Data);
}
#endif
